timestamp,git_commit,git_dirty,vivado_version,bitstream_sha256,board_id,net,layer,clock_mhz,source,duration_s,num_inferences,system,time_basis,ops_per_image,time_us,images_per_s,gops,mac_lanes,gops_per_mac_lane,images_per_s_per_mac_lane,dsps,gops_per_dsp,images_per_s_per_dsp,inputs,note
2026-10-01T05:06:57+00:00,f547f7f2a2c08657eccd97acbd109e13446d201b,False,,,,lenet5,ours_pl,,derived_from_hw,,,ours_pl,PL counter TOTAL_CYC / pl_clk0 read-back,833040,65.745,15210.4,12.6708,64,0.19798,237.662,80,0.15839,190.129,hw_a2_a3_cycles.csv hw_us; cycle_model.csv macs,
2026-10-01T05:06:57+00:00,f547f7f2a2c08657eccd97acbd109e13446d201b,False,,,,lenet5,ours_e2e_fast,,derived_from_hw,,,ours_e2e_fast,fast host path end-to-end p50 (primary),833040,225.403,4436.5,3.6958,64,0.05775,69.320,80,0.04620,55.456,hw_b3_breakdown_fast.csv end_to_end p50_us; cycle_model.csv macs,
2026-10-01T05:06:57+00:00,f547f7f2a2c08657eccd97acbd109e13446d201b,False,,,,lenet5,ours_e2e_safe,,derived_from_hw,,,ours_e2e_safe,safe host path end-to-end p50 (footnote),833040,565.730,1767.6,1.4725,64,0.02301,27.619,80,0.01841,22.095,hw_b3_breakdown.csv end_to_end p50_us; cycle_model.csv macs,
2026-10-01T05:06:57+00:00,f547f7f2a2c08657eccd97acbd109e13446d201b,False,,,,lenet5,dpu_runner,,derived_from_hw,,,dpu_runner,VART runner execute_async + wait p50,833040,194.887,5131.2,4.2745,2048,0.00209,2.505,,,,hw_dpu_latency.csv dpu_runner p50; cycle_model.csv macs,per-DSP value unavailable: no DPU resource counts in the overlay metadata
2026-10-01T05:06:57+00:00,f547f7f2a2c08657eccd97acbd109e13446d201b,False,,,,lenet5,dpu_e2e,,derived_from_hw,,,dpu_e2e,DPU pre + runner + post p50,833040,346.262,2888.0,2.4058,2048,0.00117,1.410,,,,hw_dpu_latency.csv end_to_end p50; cycle_model.csv macs,per-DSP value unavailable: no DPU resource counts in the overlay metadata
2026-10-01T05:06:57+00:00,f547f7f2a2c08657eccd97acbd109e13446d201b,False,,,,lenet5,cpu_compute,,derived_from_hw,,,cpu_compute,"best CPU baseline compute median, cpu_ort_int8 x4 (lowest e2e median)",833040,610.837,1637.1,1.3638,,,,,,,hw_cpu_baseline.csv compute median_us; cycle_model.csv macs,no MAC-lane / DSP figure for the CPU
2026-10-01T05:06:57+00:00,f547f7f2a2c08657eccd97acbd109e13446d201b,False,,,,lenet5,cpu_e2e,,derived_from_hw,,,cpu_e2e,"best CPU baseline e2e median, cpu_ort_int8 x4 (lowest e2e median)",833040,695.210,1438.4,1.1983,,,,,,,hw_cpu_baseline.csv e2e median_us; cycle_model.csv macs,no MAC-lane / DSP figure for the CPU
2026-10-01T05:06:57+00:00,f547f7f2a2c08657eccd97acbd109e13446d201b,False,,,,cifar10,ours_pl,,derived_from_hw,,,ours_pl,PL counter TOTAL_CYC / pl_clk0 read-back,8986880,416.992,2398.1,21.5517,64,0.33674,37.471,80,0.26940,29.977,hw_a2_a3_cycles.csv hw_us; cycle_model.csv macs,
2026-10-01T05:06:57+00:00,f547f7f2a2c08657eccd97acbd109e13446d201b,False,,,,cifar10,ours_e2e_fast,,derived_from_hw,,,ours_e2e_fast,fast host path end-to-end p50 (primary),8986880,580.521,1722.6,15.4807,64,0.24189,26.915,80,0.19351,21.532,hw_b3_breakdown_fast.csv end_to_end p50_us; cycle_model.csv macs,
2026-10-01T05:06:57+00:00,f547f7f2a2c08657eccd97acbd109e13446d201b,False,,,,cifar10,ours_e2e_safe,,derived_from_hw,,,ours_e2e_safe,safe host path end-to-end p50 (footnote),8986880,1461.081,684.4,6.1508,64,0.09611,10.694,80,0.07689,8.555,hw_b3_breakdown.csv end_to_end p50_us; cycle_model.csv macs,
2026-10-01T05:06:57+00:00,f547f7f2a2c08657eccd97acbd109e13446d201b,False,,,,cifar10,dpu_runner,,derived_from_hw,,,dpu_runner,VART runner execute_async + wait p50,8986880,183.996,5434.9,48.8428,2048,0.02385,2.654,,,,hw_dpu_latency.csv dpu_runner p50; cycle_model.csv macs,per-DSP value unavailable: no DPU resource counts in the overlay metadata
2026-10-01T05:06:57+00:00,f547f7f2a2c08657eccd97acbd109e13446d201b,False,,,,cifar10,dpu_e2e,,derived_from_hw,,,dpu_e2e,DPU pre + runner + post p50,8986880,355.583,2812.3,25.2736,2048,0.01234,1.373,,,,hw_dpu_latency.csv end_to_end p50; cycle_model.csv macs,per-DSP value unavailable: no DPU resource counts in the overlay metadata
2026-10-01T05:06:57+00:00,f547f7f2a2c08657eccd97acbd109e13446d201b,False,,,,cifar10,cpu_compute,,derived_from_hw,,,cpu_compute,"best CPU baseline compute median, cpu_ort_int8 x4 (lowest e2e median)",8986880,1078.738,927.0,8.3309,,,,,,,hw_cpu_baseline.csv compute median_us; cycle_model.csv macs,no MAC-lane / DSP figure for the CPU
2026-10-01T05:06:57+00:00,f547f7f2a2c08657eccd97acbd109e13446d201b,False,,,,cifar10,cpu_e2e,,derived_from_hw,,,cpu_e2e,"best CPU baseline e2e median, cpu_ort_int8 x4 (lowest e2e median)",8986880,1228.059,814.3,7.3180,,,,,,,hw_cpu_baseline.csv e2e median_us; cycle_model.csv macs,no MAC-lane / DSP figure for the CPU
