timestamp,git_commit,git_dirty,vivado_version,bitstream_sha256,board_id,net,layer,clock_mhz,source,duration_s,num_inferences,images,bit_identical,predictions_identical,golden_correct,legacy_correct,compared
2026-09-29T20:30:53+00:00,e9cbb8861ed9722aaf655d26f23e3fcc066087d9,False,,,,lenet5,input,,model,10.8,10000,10000,10000,10000,9879,9879,quantized input
2026-09-29T20:30:53+00:00,e9cbb8861ed9722aaf655d26f23e3fcc066087d9,False,,,,lenet5,conv1,,model,10.8,10000,10000,10000,10000,9879,9879,int8 layer output
2026-09-29T20:30:53+00:00,e9cbb8861ed9722aaf655d26f23e3fcc066087d9,False,,,,lenet5,conv3,,model,10.8,10000,10000,10000,10000,9879,9879,int8 layer output
2026-09-29T20:30:53+00:00,e9cbb8861ed9722aaf655d26f23e3fcc066087d9,False,,,,lenet5,conv5,,model,10.8,10000,10000,10000,10000,9879,9879,int8 layer output
2026-09-29T20:30:53+00:00,e9cbb8861ed9722aaf655d26f23e3fcc066087d9,False,,,,lenet5,fc1,,model,10.8,10000,10000,10000,10000,9879,9879,int8 layer output
2026-09-29T20:30:53+00:00,e9cbb8861ed9722aaf655d26f23e3fcc066087d9,False,,,,lenet5,fc2,,model,10.8,10000,10000,10000,10000,9879,9879,raw int32 v = acc + q_bias
2026-09-29T20:31:57+00:00,e9cbb8861ed9722aaf655d26f23e3fcc066087d9,False,,,,cifar10,input,,model,63.9,10000,10000,10000,10000,7852,7852,quantized input
2026-09-29T20:31:57+00:00,e9cbb8861ed9722aaf655d26f23e3fcc066087d9,False,,,,cifar10,conv1,,model,63.9,10000,10000,10000,10000,7852,7852,int8 layer output
2026-09-29T20:31:57+00:00,e9cbb8861ed9722aaf655d26f23e3fcc066087d9,False,,,,cifar10,conv2,,model,63.9,10000,10000,10000,10000,7852,7852,int8 layer output
2026-09-29T20:31:57+00:00,e9cbb8861ed9722aaf655d26f23e3fcc066087d9,False,,,,cifar10,conv3,,model,63.9,10000,10000,10000,10000,7852,7852,int8 layer output
2026-09-29T20:31:57+00:00,e9cbb8861ed9722aaf655d26f23e3fcc066087d9,False,,,,cifar10,fc,,model,63.9,10000,10000,10000,10000,7852,7852,raw int32 v = acc + q_bias
