timestamp,git_commit,git_dirty,vivado_version,bitstream_sha256,board_id,net,layer,clock_mhz,source,duration_s,num_inferences,build_id_hw,board_hostname,clock_source,scripts_commit,data_manifest_sha256,data_git_commit,data_git_dirty,backend,session_index,paper_grade,env_step,cpu_governor,cpu_freq_khz,cpu_affinity,die_temp_start_c,env_note,images,mac_active,mac_active_source,cycles,cycles_source,hw_distinct,active_frac,theoretical_active_frac,active_frac_err_pct,macs,pe_util,pe_util_theoretical,util_array_active,mac_active_equals_sum_TK
2026-09-30T19:09:07+00:00,2d280c7862041cee1dd36a2ac164af8b7f9dcec3,False,2023.1,7b2dac6026acf6ae9e6d87f80a457fb07b6e56c167dd2a168593b2105c9e130e,ZynqMP KV260 revB machine-id:a435d1c5,lenet5,conv1,249.997500,hw,0.639,1000,fd880d43,kria,pynq Clocks.fclk0_mhz readback,2d280c7862041cee1dd36a2ac164af8b7f9dcec3,3433e2d728c54400ab2f952af2533118c59f9f28b0e80b6641bbfd823a04d0c3,2d280c7862041cee1dd36a2ac164af8b7f9dcec3,False,pynq,1,True,s2.A4,performance,1333333,3,34.832,paper-grade environment,1000,2800,model T*K (no per-layer HW counter),2829,hw LAYER_CYC,1,0.989749,0.989749,0.000000,117600,0.649523,0.649523,0.656250,
2026-09-30T19:09:07+00:00,2d280c7862041cee1dd36a2ac164af8b7f9dcec3,False,2023.1,7b2dac6026acf6ae9e6d87f80a457fb07b6e56c167dd2a168593b2105c9e130e,ZynqMP KV260 revB machine-id:a435d1c5,lenet5,conv3,249.997500,hw,0.639,1000,fd880d43,kria,pynq Clocks.fclk0_mhz readback,2d280c7862041cee1dd36a2ac164af8b7f9dcec3,3433e2d728c54400ab2f952af2533118c59f9f28b0e80b6641bbfd823a04d0c3,2d280c7862041cee1dd36a2ac164af8b7f9dcec3,False,pynq,1,True,s2.A4,performance,1333333,3,34.832,paper-grade environment,1000,6000,model T*K (no per-layer HW counter),6029,hw LAYER_CYC,1,0.995190,0.995190,0.000000,240000,0.621994,0.621994,0.625000,
2026-09-30T19:09:07+00:00,2d280c7862041cee1dd36a2ac164af8b7f9dcec3,False,2023.1,7b2dac6026acf6ae9e6d87f80a457fb07b6e56c167dd2a168593b2105c9e130e,ZynqMP KV260 revB machine-id:a435d1c5,lenet5,conv5,249.997500,hw,0.639,1000,fd880d43,kria,pynq Clocks.fclk0_mhz readback,2d280c7862041cee1dd36a2ac164af8b7f9dcec3,3433e2d728c54400ab2f952af2533118c59f9f28b0e80b6641bbfd823a04d0c3,2d280c7862041cee1dd36a2ac164af8b7f9dcec3,False,pynq,1,True,s2.A4,performance,1333333,3,34.832,paper-grade environment,1000,6000,model T*K (no per-layer HW counter),6029,hw LAYER_CYC,1,0.995190,0.995190,0.000000,48000,0.124399,0.124399,0.125000,
2026-09-30T19:09:07+00:00,2d280c7862041cee1dd36a2ac164af8b7f9dcec3,False,2023.1,7b2dac6026acf6ae9e6d87f80a457fb07b6e56c167dd2a168593b2105c9e130e,ZynqMP KV260 revB machine-id:a435d1c5,lenet5,fc1,249.997500,hw,0.639,1000,fd880d43,kria,pynq Clocks.fclk0_mhz readback,2d280c7862041cee1dd36a2ac164af8b7f9dcec3,3433e2d728c54400ab2f952af2533118c59f9f28b0e80b6641bbfd823a04d0c3,2d280c7862041cee1dd36a2ac164af8b7f9dcec3,False,pynq,1,True,s2.A4,performance,1333333,3,34.832,paper-grade environment,1000,1320,model T*K (no per-layer HW counter),1349,hw LAYER_CYC,1,0.978503,0.978503,0.000000,10080,0.116753,0.116753,0.119318,
2026-09-30T19:09:07+00:00,2d280c7862041cee1dd36a2ac164af8b7f9dcec3,False,2023.1,7b2dac6026acf6ae9e6d87f80a457fb07b6e56c167dd2a168593b2105c9e130e,ZynqMP KV260 revB machine-id:a435d1c5,lenet5,fc2,249.997500,hw,0.639,1000,fd880d43,kria,pynq Clocks.fclk0_mhz readback,2d280c7862041cee1dd36a2ac164af8b7f9dcec3,3433e2d728c54400ab2f952af2533118c59f9f28b0e80b6641bbfd823a04d0c3,2d280c7862041cee1dd36a2ac164af8b7f9dcec3,False,pynq,1,True,s2.A4,performance,1333333,3,34.832,paper-grade environment,1000,168,model T*K (no per-layer HW counter),197,hw LAYER_CYC,1,0.852792,0.852792,0.000000,840,0.066624,0.066624,0.078125,
2026-09-30T19:09:07+00:00,2d280c7862041cee1dd36a2ac164af8b7f9dcec3,False,2023.1,7b2dac6026acf6ae9e6d87f80a457fb07b6e56c167dd2a168593b2105c9e130e,ZynqMP KV260 revB machine-id:a435d1c5,lenet5,total,249.997500,hw,0.639,1000,fd880d43,kria,pynq Clocks.fclk0_mhz readback,2d280c7862041cee1dd36a2ac164af8b7f9dcec3,3433e2d728c54400ab2f952af2533118c59f9f28b0e80b6641bbfd823a04d0c3,2d280c7862041cee1dd36a2ac164af8b7f9dcec3,False,pynq,1,True,s2.A4,performance,1333333,3,34.832,paper-grade environment,1000,16288,hw MAC_ACTIVE counter,16436,hw TOTAL_CYC,1,0.990995,0.990995,0.000000,416520,0.395968,0.395968,0.399566,True
2026-09-30T19:09:09+00:00,2d280c7862041cee1dd36a2ac164af8b7f9dcec3,False,2023.1,7b2dac6026acf6ae9e6d87f80a457fb07b6e56c167dd2a168593b2105c9e130e,ZynqMP KV260 revB machine-id:a435d1c5,cifar10,conv1,249.997500,hw,1.509,1000,fd880d43,kria,pynq Clocks.fclk0_mhz readback,2d280c7862041cee1dd36a2ac164af8b7f9dcec3,ffb67f785c35d68b29cb225ce05a6ec9e5ee798e3e62b2dd97e7c26b99a4f8d5,2d280c7862041cee1dd36a2ac164af8b7f9dcec3,False,pynq,1,True,s2.A4,performance,1333333,3,34.832,paper-grade environment,1000,33600,model T*K (no per-layer HW counter),33629,hw LAYER_CYC,1,0.999138,0.999138,0.000000,1881600,0.874245,0.874245,0.875000,
2026-09-30T19:09:09+00:00,2d280c7862041cee1dd36a2ac164af8b7f9dcec3,False,2023.1,7b2dac6026acf6ae9e6d87f80a457fb07b6e56c167dd2a168593b2105c9e130e,ZynqMP KV260 revB machine-id:a435d1c5,cifar10,conv2,249.997500,hw,1.509,1000,fd880d43,kria,pynq Clocks.fclk0_mhz readback,2d280c7862041cee1dd36a2ac164af8b7f9dcec3,ffb67f785c35d68b29cb225ce05a6ec9e5ee798e3e62b2dd97e7c26b99a4f8d5,2d280c7862041cee1dd36a2ac164af8b7f9dcec3,False,pynq,1,True,s2.A4,performance,1333333,3,34.832,paper-grade environment,1000,64000,model T*K (no per-layer HW counter),64029,hw LAYER_CYC,1,0.999547,0.999547,0.000000,2560000,0.624717,0.624717,0.625000,
2026-09-30T19:09:09+00:00,2d280c7862041cee1dd36a2ac164af8b7f9dcec3,False,2023.1,7b2dac6026acf6ae9e6d87f80a457fb07b6e56c167dd2a168593b2105c9e130e,ZynqMP KV260 revB machine-id:a435d1c5,cifar10,conv3,249.997500,hw,1.509,1000,fd880d43,kria,pynq Clocks.fclk0_mhz readback,2d280c7862041cee1dd36a2ac164af8b7f9dcec3,ffb67f785c35d68b29cb225ce05a6ec9e5ee798e3e62b2dd97e7c26b99a4f8d5,2d280c7862041cee1dd36a2ac164af8b7f9dcec3,False,pynq,1,True,s2.A4,performance,1333333,3,34.832,paper-grade environment,1000,6400,model T*K (no per-layer HW counter),6429,hw LAYER_CYC,1,0.995489,0.995489,0.000000,51200,0.124436,0.124436,0.125000,
2026-09-30T19:09:09+00:00,2d280c7862041cee1dd36a2ac164af8b7f9dcec3,False,2023.1,7b2dac6026acf6ae9e6d87f80a457fb07b6e56c167dd2a168593b2105c9e130e,ZynqMP KV260 revB machine-id:a435d1c5,cifar10,fc,249.997500,hw,1.509,1000,fd880d43,kria,pynq Clocks.fclk0_mhz readback,2d280c7862041cee1dd36a2ac164af8b7f9dcec3,ffb67f785c35d68b29cb225ce05a6ec9e5ee798e3e62b2dd97e7c26b99a4f8d5,2d280c7862041cee1dd36a2ac164af8b7f9dcec3,False,pynq,1,True,s2.A4,performance,1333333,3,34.832,paper-grade environment,1000,128,model T*K (no per-layer HW counter),157,hw LAYER_CYC,1,0.815287,0.815287,0.000000,640,0.063694,0.063694,0.078125,
2026-09-30T19:09:09+00:00,2d280c7862041cee1dd36a2ac164af8b7f9dcec3,False,2023.1,7b2dac6026acf6ae9e6d87f80a457fb07b6e56c167dd2a168593b2105c9e130e,ZynqMP KV260 revB machine-id:a435d1c5,cifar10,total,249.997500,hw,1.509,1000,fd880d43,kria,pynq Clocks.fclk0_mhz readback,2d280c7862041cee1dd36a2ac164af8b7f9dcec3,ffb67f785c35d68b29cb225ce05a6ec9e5ee798e3e62b2dd97e7c26b99a4f8d5,2d280c7862041cee1dd36a2ac164af8b7f9dcec3,False,pynq,1,True,s2.A4,performance,1333333,3,34.832,paper-grade environment,1000,104128,hw MAC_ACTIVE counter,104247,hw TOTAL_CYC,1,0.998858,0.998858,0.000000,4493440,0.673497,0.673497,0.674266,True
