timestamp,git_commit,git_dirty,vivado_version,bitstream_sha256,board_id,net,layer,clock_mhz,source,duration_s,num_inferences,build_id_hw,board_hostname,clock_source,scripts_commit,data_manifest_sha256,data_git_commit,data_git_dirty,backend,session_index,paper_grade,env_step,cpu_governor,cpu_freq_khz,cpu_affinity,die_temp_start_c,env_note,measurement,rail,sensor_backend,sensor_device,sensor_limits,rate_requested_hz,rate_achieved_hz,max_gap_s,read_errors,repeat,phase,kind,workload,start_utc,stop_utc,start_local,stop_local,start_epoch,stop_epoch,phase_s,images,power_mean_w,power_std_w,n_samples,phase_rate_hz,phase_max_gap_s,host_path,total_cyc_median,total_cyc_min,total_cyc_max,start_done_median_us,pace_us,pace_source,phase_order,order_seed
2026-09-30T19:48:05+00:00,2d280c7862041cee1dd36a2ac164af8b7f9dcec3,False,2023.1,7b2dac6026acf6ae9e6d87f80a457fb07b6e56c167dd2a168593b2105c9e130e,ZynqMP KV260 revB machine-id:a435d1c5,cifar10,all,249.997500,hw,60.000,0,fd880d43,kria,pynq Clocks.fclk0_mhz readback,2d280c7862041cee1dd36a2ac164af8b7f9dcec3,ffb67f785c35d68b29cb225ce05a6ec9e5ee798e3e62b2dd97e7c26b99a4f8d5,2d280c7862041cee1dd36a2ac164af8b7f9dcec3,False,pynq,1,True,s3.B1.cifar10,performance,1333333,3,29.625,paper-grade environment,SOM-rail power (INA260),VCC_SOM,hwmon,/sys/class/hwmon/hwmon2 name=ina260_u14,"{""update_interval_ms"": ""not exposed""}",10.000,10.000,0.1176,0,1,idle_pre,idle,none (sleep),2026-09-30T19:29:02.922+00:00,2026-09-30T19:30:02.922+00:00,2026-09-30T19:29:02.922+00:00,2026-09-30T19:30:02.922+00:00,1790796542.922,1790796602.923,60.000,0,3.388050,0.030940,600,10.000,0.1002,,,,,,,,"random: control,cpu,accel | accel,control,cpu | cpu,control,accel",1295327891
2026-09-30T19:48:05+00:00,2d280c7862041cee1dd36a2ac164af8b7f9dcec3,False,2023.1,7b2dac6026acf6ae9e6d87f80a457fb07b6e56c167dd2a168593b2105c9e130e,ZynqMP KV260 revB machine-id:a435d1c5,cifar10,all,249.997500,hw,60.000,101928,fd880d43,kria,pynq Clocks.fclk0_mhz readback,2d280c7862041cee1dd36a2ac164af8b7f9dcec3,ffb67f785c35d68b29cb225ce05a6ec9e5ee798e3e62b2dd97e7c26b99a4f8d5,2d280c7862041cee1dd36a2ac164af8b7f9dcec3,False,pynq,1,True,s3.B1.cifar10,performance,1333333,3,29.625,paper-grade environment,SOM-rail power (INA260),VCC_SOM,hwmon,/sys/class/hwmon/hwmon2 name=ina260_u14,"{""update_interval_ms"": ""not exposed""}",10.000,10.000,0.1176,0,1,control,control,"control: same host loop, accelerator NOT started, STATUS poll spin paced to the accel start->done median (fast (store block; pynq MMIO.array views))",2026-09-30T19:30:03.016+00:00,2026-09-30T19:31:03.017+00:00,2026-09-30T19:30:03.016+00:00,2026-09-30T19:31:03.017+00:00,1790796603.017,1790796663.017,60.000,101928,3.595200,0.021743,600,10.000,0.1010,fast,,,0,,429.669,calibration: median start->done of 20 warm-up images,"random: control,cpu,accel | accel,control,cpu | cpu,control,accel",1295327891
2026-09-30T19:48:05+00:00,2d280c7862041cee1dd36a2ac164af8b7f9dcec3,False,2023.1,7b2dac6026acf6ae9e6d87f80a457fb07b6e56c167dd2a168593b2105c9e130e,ZynqMP KV260 revB machine-id:a435d1c5,cifar10,all,249.997500,hw,60.000,0,fd880d43,kria,pynq Clocks.fclk0_mhz readback,2d280c7862041cee1dd36a2ac164af8b7f9dcec3,ffb67f785c35d68b29cb225ce05a6ec9e5ee798e3e62b2dd97e7c26b99a4f8d5,2d280c7862041cee1dd36a2ac164af8b7f9dcec3,False,pynq,1,True,s3.B1.cifar10,performance,1333333,3,29.625,paper-grade environment,SOM-rail power (INA260),VCC_SOM,hwmon,/sys/class/hwmon/hwmon2 name=ina260_u14,"{""update_interval_ms"": ""not exposed""}",10.000,10.000,0.1176,0,1,idle_mid,idle,none (sleep),2026-09-30T19:31:03.110+00:00,2026-09-30T19:32:03.110+00:00,2026-09-30T19:31:03.110+00:00,2026-09-30T19:32:03.110+00:00,1790796663.110,1790796723.111,60.000,0,3.393183,0.024338,600,10.000,0.1001,,,,,,,,"random: control,cpu,accel | accel,control,cpu | cpu,control,accel",1295327891
2026-09-30T19:48:05+00:00,2d280c7862041cee1dd36a2ac164af8b7f9dcec3,False,2023.1,7b2dac6026acf6ae9e6d87f80a457fb07b6e56c167dd2a168593b2105c9e130e,ZynqMP KV260 revB machine-id:a435d1c5,cifar10,all,249.997500,hw,60.001,54352,fd880d43,kria,pynq Clocks.fclk0_mhz readback,2d280c7862041cee1dd36a2ac164af8b7f9dcec3,ffb67f785c35d68b29cb225ce05a6ec9e5ee798e3e62b2dd97e7c26b99a4f8d5,2d280c7862041cee1dd36a2ac164af8b7f9dcec3,False,pynq,1,True,s3.B1.cifar10,performance,1333333,3,29.625,paper-grade environment,SOM-rail power (INA260),VCC_SOM,hwmon,/sys/class/hwmon/hwmon2 name=ina260_u14,"{""update_interval_ms"": ""not exposed""}",10.000,10.000,0.1176,0,1,cpu,cpu,cpu_ort_int8 x4 threads cifar10 (cores 0-3 during CPU phases; ORT 1.19.2),2026-09-30T19:32:03.203+00:00,2026-09-30T19:33:03.204+00:00,2026-09-30T19:32:03.203+00:00,2026-09-30T19:33:03.204+00:00,1790796723.204,1790796783.205,60.001,54352,4.207983,0.011662,600,10.000,0.1002,,,,,,,,"random: control,cpu,accel | accel,control,cpu | cpu,control,accel",1295327891
2026-09-30T19:48:05+00:00,2d280c7862041cee1dd36a2ac164af8b7f9dcec3,False,2023.1,7b2dac6026acf6ae9e6d87f80a457fb07b6e56c167dd2a168593b2105c9e130e,ZynqMP KV260 revB machine-id:a435d1c5,cifar10,all,249.997500,hw,60.000,0,fd880d43,kria,pynq Clocks.fclk0_mhz readback,2d280c7862041cee1dd36a2ac164af8b7f9dcec3,ffb67f785c35d68b29cb225ce05a6ec9e5ee798e3e62b2dd97e7c26b99a4f8d5,2d280c7862041cee1dd36a2ac164af8b7f9dcec3,False,pynq,1,True,s3.B1.cifar10,performance,1333333,3,29.625,paper-grade environment,SOM-rail power (INA260),VCC_SOM,hwmon,/sys/class/hwmon/hwmon2 name=ina260_u14,"{""update_interval_ms"": ""not exposed""}",10.000,10.000,0.1176,0,1,idle_ctl,idle,none (sleep),2026-09-30T19:33:03.323+00:00,2026-09-30T19:34:03.324+00:00,2026-09-30T19:33:03.323+00:00,2026-09-30T19:34:03.324+00:00,1790796783.324,1790796843.324,60.000,0,3.401933,0.026491,600,10.000,0.1001,,,,,,,,"random: control,cpu,accel | accel,control,cpu | cpu,control,accel",1295327891
2026-09-30T19:48:05+00:00,2d280c7862041cee1dd36a2ac164af8b7f9dcec3,False,2023.1,7b2dac6026acf6ae9e6d87f80a457fb07b6e56c167dd2a168593b2105c9e130e,ZynqMP KV260 revB machine-id:a435d1c5,cifar10,all,249.997500,hw,60.104,97948,fd880d43,kria,pynq Clocks.fclk0_mhz readback,2d280c7862041cee1dd36a2ac164af8b7f9dcec3,ffb67f785c35d68b29cb225ce05a6ec9e5ee798e3e62b2dd97e7c26b99a4f8d5,2d280c7862041cee1dd36a2ac164af8b7f9dcec3,False,pynq,1,True,s3.B1.cifar10,performance,1333333,3,29.625,paper-grade environment,SOM-rail power (INA260),VCC_SOM,hwmon,/sys/class/hwmon/hwmon2 name=ina260_u14,"{""update_interval_ms"": ""not exposed""}",10.000,10.000,0.1176,0,1,accel,accel,GosDevice.infer cifar10 + TOTAL_CYC read + PS dequant (fast (store block; pynq MMIO.array views)),2026-09-30T19:34:03.417+00:00,2026-09-30T19:35:03.521+00:00,2026-09-30T19:34:03.417+00:00,2026-09-30T19:35:03.521+00:00,1790796843.418,1790796903.522,60.104,97948,3.661681,0.028572,601,9.999,0.1001,fast,104247,104247,104247,429.379,,,"random: control,cpu,accel | accel,control,cpu | cpu,control,accel",1295327891
2026-09-30T19:48:05+00:00,2d280c7862041cee1dd36a2ac164af8b7f9dcec3,False,2023.1,7b2dac6026acf6ae9e6d87f80a457fb07b6e56c167dd2a168593b2105c9e130e,ZynqMP KV260 revB machine-id:a435d1c5,cifar10,all,249.997500,hw,60.000,0,fd880d43,kria,pynq Clocks.fclk0_mhz readback,2d280c7862041cee1dd36a2ac164af8b7f9dcec3,ffb67f785c35d68b29cb225ce05a6ec9e5ee798e3e62b2dd97e7c26b99a4f8d5,2d280c7862041cee1dd36a2ac164af8b7f9dcec3,False,pynq,1,True,s3.B1.cifar10,performance,1333333,3,29.625,paper-grade environment,SOM-rail power (INA260),VCC_SOM,hwmon,/sys/class/hwmon/hwmon2 name=ina260_u14,"{""update_interval_ms"": ""not exposed""}",10.000,10.000,0.1176,0,2,idle_pre,idle,none (sleep),2026-09-30T19:35:03.616+00:00,2026-09-30T19:36:03.617+00:00,2026-09-30T19:35:03.616+00:00,2026-09-30T19:36:03.617+00:00,1790796903.617,1790796963.617,60.000,0,3.391967,0.017262,600,10.000,0.1001,,,,,,,,"random: control,cpu,accel | accel,control,cpu | cpu,control,accel",1295327891
2026-09-30T19:48:05+00:00,2d280c7862041cee1dd36a2ac164af8b7f9dcec3,False,2023.1,7b2dac6026acf6ae9e6d87f80a457fb07b6e56c167dd2a168593b2105c9e130e,ZynqMP KV260 revB machine-id:a435d1c5,cifar10,all,249.997500,hw,60.104,97975,fd880d43,kria,pynq Clocks.fclk0_mhz readback,2d280c7862041cee1dd36a2ac164af8b7f9dcec3,ffb67f785c35d68b29cb225ce05a6ec9e5ee798e3e62b2dd97e7c26b99a4f8d5,2d280c7862041cee1dd36a2ac164af8b7f9dcec3,False,pynq,1,True,s3.B1.cifar10,performance,1333333,3,29.625,paper-grade environment,SOM-rail power (INA260),VCC_SOM,hwmon,/sys/class/hwmon/hwmon2 name=ina260_u14,"{""update_interval_ms"": ""not exposed""}",10.000,10.000,0.1176,0,2,accel,accel,GosDevice.infer cifar10 + TOTAL_CYC read + PS dequant (fast (store block; pynq MMIO.array views)),2026-09-30T19:36:03.711+00:00,2026-09-30T19:37:03.815+00:00,2026-09-30T19:36:03.711+00:00,2026-09-30T19:37:03.815+00:00,1790796963.712,1790797023.816,60.104,97975,3.651897,0.023876,601,9.999,0.1008,fast,104247,104247,104247,429.411,,,"random: control,cpu,accel | accel,control,cpu | cpu,control,accel",1295327891
2026-09-30T19:48:05+00:00,2d280c7862041cee1dd36a2ac164af8b7f9dcec3,False,2023.1,7b2dac6026acf6ae9e6d87f80a457fb07b6e56c167dd2a168593b2105c9e130e,ZynqMP KV260 revB machine-id:a435d1c5,cifar10,all,249.997500,hw,60.000,0,fd880d43,kria,pynq Clocks.fclk0_mhz readback,2d280c7862041cee1dd36a2ac164af8b7f9dcec3,ffb67f785c35d68b29cb225ce05a6ec9e5ee798e3e62b2dd97e7c26b99a4f8d5,2d280c7862041cee1dd36a2ac164af8b7f9dcec3,False,pynq,1,True,s3.B1.cifar10,performance,1333333,3,29.625,paper-grade environment,SOM-rail power (INA260),VCC_SOM,hwmon,/sys/class/hwmon/hwmon2 name=ina260_u14,"{""update_interval_ms"": ""not exposed""}",10.000,10.000,0.1176,0,2,idle_mid,idle,none (sleep),2026-09-30T19:37:03.911+00:00,2026-09-30T19:38:03.911+00:00,2026-09-30T19:37:03.911+00:00,2026-09-30T19:38:03.911+00:00,1790797023.912,1790797083.912,60.000,0,3.386533,0.020745,600,10.000,0.1001,,,,,,,,"random: control,cpu,accel | accel,control,cpu | cpu,control,accel",1295327891
2026-09-30T19:48:05+00:00,2d280c7862041cee1dd36a2ac164af8b7f9dcec3,False,2023.1,7b2dac6026acf6ae9e6d87f80a457fb07b6e56c167dd2a168593b2105c9e130e,ZynqMP KV260 revB machine-id:a435d1c5,cifar10,all,249.997500,hw,60.000,101795,fd880d43,kria,pynq Clocks.fclk0_mhz readback,2d280c7862041cee1dd36a2ac164af8b7f9dcec3,ffb67f785c35d68b29cb225ce05a6ec9e5ee798e3e62b2dd97e7c26b99a4f8d5,2d280c7862041cee1dd36a2ac164af8b7f9dcec3,False,pynq,1,True,s3.B1.cifar10,performance,1333333,3,29.625,paper-grade environment,SOM-rail power (INA260),VCC_SOM,hwmon,/sys/class/hwmon/hwmon2 name=ina260_u14,"{""update_interval_ms"": ""not exposed""}",10.000,10.000,0.1176,0,2,control,control,"control: same host loop, accelerator NOT started, STATUS poll spin paced to the accel start->done median (fast (store block; pynq MMIO.array views))",2026-09-30T19:38:04.015+00:00,2026-09-30T19:39:04.015+00:00,2026-09-30T19:38:04.015+00:00,2026-09-30T19:39:04.015+00:00,1790797084.016,1790797144.016,60.000,101795,3.591967,0.015072,600,10.000,0.1001,fast,,,0,,429.411,median start->done of the preceding accel phase,"random: control,cpu,accel | accel,control,cpu | cpu,control,accel",1295327891
2026-09-30T19:48:05+00:00,2d280c7862041cee1dd36a2ac164af8b7f9dcec3,False,2023.1,7b2dac6026acf6ae9e6d87f80a457fb07b6e56c167dd2a168593b2105c9e130e,ZynqMP KV260 revB machine-id:a435d1c5,cifar10,all,249.997500,hw,60.000,0,fd880d43,kria,pynq Clocks.fclk0_mhz readback,2d280c7862041cee1dd36a2ac164af8b7f9dcec3,ffb67f785c35d68b29cb225ce05a6ec9e5ee798e3e62b2dd97e7c26b99a4f8d5,2d280c7862041cee1dd36a2ac164af8b7f9dcec3,False,pynq,1,True,s3.B1.cifar10,performance,1333333,3,29.625,paper-grade environment,SOM-rail power (INA260),VCC_SOM,hwmon,/sys/class/hwmon/hwmon2 name=ina260_u14,"{""update_interval_ms"": ""not exposed""}",10.000,10.000,0.1176,0,2,idle_ctl,idle,none (sleep),2026-09-30T19:39:04.112+00:00,2026-09-30T19:40:04.112+00:00,2026-09-30T19:39:04.112+00:00,2026-09-30T19:40:04.112+00:00,1790797144.112,1790797204.112,60.000,0,3.386467,0.019829,600,10.000,0.1001,,,,,,,,"random: control,cpu,accel | accel,control,cpu | cpu,control,accel",1295327891
2026-09-30T19:48:05+00:00,2d280c7862041cee1dd36a2ac164af8b7f9dcec3,False,2023.1,7b2dac6026acf6ae9e6d87f80a457fb07b6e56c167dd2a168593b2105c9e130e,ZynqMP KV260 revB machine-id:a435d1c5,cifar10,all,249.997500,hw,60.001,54513,fd880d43,kria,pynq Clocks.fclk0_mhz readback,2d280c7862041cee1dd36a2ac164af8b7f9dcec3,ffb67f785c35d68b29cb225ce05a6ec9e5ee798e3e62b2dd97e7c26b99a4f8d5,2d280c7862041cee1dd36a2ac164af8b7f9dcec3,False,pynq,1,True,s3.B1.cifar10,performance,1333333,3,29.625,paper-grade environment,SOM-rail power (INA260),VCC_SOM,hwmon,/sys/class/hwmon/hwmon2 name=ina260_u14,"{""update_interval_ms"": ""not exposed""}",10.000,10.000,0.1176,0,2,cpu,cpu,cpu_ort_int8 x4 threads cifar10 (cores 0-3 during CPU phases; ORT 1.19.2),2026-09-30T19:40:04.208+00:00,2026-09-30T19:41:04.209+00:00,2026-09-30T19:40:04.208+00:00,2026-09-30T19:41:04.209+00:00,1790797204.208,1790797264.209,60.001,54513,4.200650,0.012859,600,10.000,0.1030,,,,,,,,"random: control,cpu,accel | accel,control,cpu | cpu,control,accel",1295327891
2026-09-30T19:48:05+00:00,2d280c7862041cee1dd36a2ac164af8b7f9dcec3,False,2023.1,7b2dac6026acf6ae9e6d87f80a457fb07b6e56c167dd2a168593b2105c9e130e,ZynqMP KV260 revB machine-id:a435d1c5,cifar10,all,249.997500,hw,60.000,0,fd880d43,kria,pynq Clocks.fclk0_mhz readback,2d280c7862041cee1dd36a2ac164af8b7f9dcec3,ffb67f785c35d68b29cb225ce05a6ec9e5ee798e3e62b2dd97e7c26b99a4f8d5,2d280c7862041cee1dd36a2ac164af8b7f9dcec3,False,pynq,1,True,s3.B1.cifar10,performance,1333333,3,29.625,paper-grade environment,SOM-rail power (INA260),VCC_SOM,hwmon,/sys/class/hwmon/hwmon2 name=ina260_u14,"{""update_interval_ms"": ""not exposed""}",10.000,10.000,0.1176,0,3,idle_pre,idle,none (sleep),2026-09-30T19:41:04.305+00:00,2026-09-30T19:42:04.305+00:00,2026-09-30T19:41:04.305+00:00,2026-09-30T19:42:04.305+00:00,1790797264.305,1790797324.306,60.000,0,3.396767,0.017984,600,10.000,0.1001,,,,,,,,"random: control,cpu,accel | accel,control,cpu | cpu,control,accel",1295327891
2026-09-30T19:48:05+00:00,2d280c7862041cee1dd36a2ac164af8b7f9dcec3,False,2023.1,7b2dac6026acf6ae9e6d87f80a457fb07b6e56c167dd2a168593b2105c9e130e,ZynqMP KV260 revB machine-id:a435d1c5,cifar10,all,249.997500,hw,60.000,54463,fd880d43,kria,pynq Clocks.fclk0_mhz readback,2d280c7862041cee1dd36a2ac164af8b7f9dcec3,ffb67f785c35d68b29cb225ce05a6ec9e5ee798e3e62b2dd97e7c26b99a4f8d5,2d280c7862041cee1dd36a2ac164af8b7f9dcec3,False,pynq,1,True,s3.B1.cifar10,performance,1333333,3,29.625,paper-grade environment,SOM-rail power (INA260),VCC_SOM,hwmon,/sys/class/hwmon/hwmon2 name=ina260_u14,"{""update_interval_ms"": ""not exposed""}",10.000,10.000,0.1176,0,3,cpu,cpu,cpu_ort_int8 x4 threads cifar10 (cores 0-3 during CPU phases; ORT 1.19.2),2026-09-30T19:42:04.402+00:00,2026-09-30T19:43:04.402+00:00,2026-09-30T19:42:04.402+00:00,2026-09-30T19:43:04.402+00:00,1790797324.402,1790797384.403,60.000,54463,4.208967,0.010991,600,10.000,0.1001,,,,,,,,"random: control,cpu,accel | accel,control,cpu | cpu,control,accel",1295327891
2026-09-30T19:48:05+00:00,2d280c7862041cee1dd36a2ac164af8b7f9dcec3,False,2023.1,7b2dac6026acf6ae9e6d87f80a457fb07b6e56c167dd2a168593b2105c9e130e,ZynqMP KV260 revB machine-id:a435d1c5,cifar10,all,249.997500,hw,60.000,0,fd880d43,kria,pynq Clocks.fclk0_mhz readback,2d280c7862041cee1dd36a2ac164af8b7f9dcec3,ffb67f785c35d68b29cb225ce05a6ec9e5ee798e3e62b2dd97e7c26b99a4f8d5,2d280c7862041cee1dd36a2ac164af8b7f9dcec3,False,pynq,1,True,s3.B1.cifar10,performance,1333333,3,29.625,paper-grade environment,SOM-rail power (INA260),VCC_SOM,hwmon,/sys/class/hwmon/hwmon2 name=ina260_u14,"{""update_interval_ms"": ""not exposed""}",10.000,10.000,0.1176,0,3,idle_mid,idle,none (sleep),2026-09-30T19:43:04.507+00:00,2026-09-30T19:44:04.507+00:00,2026-09-30T19:43:04.507+00:00,2026-09-30T19:44:04.507+00:00,1790797384.507,1790797444.508,60.000,0,3.396400,0.017988,600,10.000,0.1001,,,,,,,,"random: control,cpu,accel | accel,control,cpu | cpu,control,accel",1295327891
2026-09-30T19:48:05+00:00,2d280c7862041cee1dd36a2ac164af8b7f9dcec3,False,2023.1,7b2dac6026acf6ae9e6d87f80a457fb07b6e56c167dd2a168593b2105c9e130e,ZynqMP KV260 revB machine-id:a435d1c5,cifar10,all,249.997500,hw,60.000,101840,fd880d43,kria,pynq Clocks.fclk0_mhz readback,2d280c7862041cee1dd36a2ac164af8b7f9dcec3,ffb67f785c35d68b29cb225ce05a6ec9e5ee798e3e62b2dd97e7c26b99a4f8d5,2d280c7862041cee1dd36a2ac164af8b7f9dcec3,False,pynq,1,True,s3.B1.cifar10,performance,1333333,3,29.625,paper-grade environment,SOM-rail power (INA260),VCC_SOM,hwmon,/sys/class/hwmon/hwmon2 name=ina260_u14,"{""update_interval_ms"": ""not exposed""}",10.000,10.000,0.1176,0,3,control,control,"control: same host loop, accelerator NOT started, STATUS poll spin paced to the accel start->done median (fast (store block; pynq MMIO.array views))",2026-09-30T19:44:04.605+00:00,2026-09-30T19:45:04.605+00:00,2026-09-30T19:44:04.605+00:00,2026-09-30T19:45:04.605+00:00,1790797444.605,1790797504.605,60.000,101840,3.598450,0.019001,600,10.000,0.1001,fast,,,0,,429.411,median start->done of the preceding accel phase,"random: control,cpu,accel | accel,control,cpu | cpu,control,accel",1295327891
2026-09-30T19:48:06+00:00,2d280c7862041cee1dd36a2ac164af8b7f9dcec3,False,2023.1,7b2dac6026acf6ae9e6d87f80a457fb07b6e56c167dd2a168593b2105c9e130e,ZynqMP KV260 revB machine-id:a435d1c5,cifar10,all,249.997500,hw,60.000,0,fd880d43,kria,pynq Clocks.fclk0_mhz readback,2d280c7862041cee1dd36a2ac164af8b7f9dcec3,ffb67f785c35d68b29cb225ce05a6ec9e5ee798e3e62b2dd97e7c26b99a4f8d5,2d280c7862041cee1dd36a2ac164af8b7f9dcec3,False,pynq,1,True,s3.B1.cifar10,performance,1333333,3,29.625,paper-grade environment,SOM-rail power (INA260),VCC_SOM,hwmon,/sys/class/hwmon/hwmon2 name=ina260_u14,"{""update_interval_ms"": ""not exposed""}",10.000,10.000,0.1176,0,3,idle_ctl,idle,none (sleep),2026-09-30T19:45:04.704+00:00,2026-09-30T19:46:04.704+00:00,2026-09-30T19:45:04.704+00:00,2026-09-30T19:46:04.704+00:00,1790797504.704,1790797564.705,60.000,0,3.386550,0.019542,600,10.000,0.1001,,,,,,,,"random: control,cpu,accel | accel,control,cpu | cpu,control,accel",1295327891
2026-09-30T19:48:06+00:00,2d280c7862041cee1dd36a2ac164af8b7f9dcec3,False,2023.1,7b2dac6026acf6ae9e6d87f80a457fb07b6e56c167dd2a168593b2105c9e130e,ZynqMP KV260 revB machine-id:a435d1c5,cifar10,all,249.997500,hw,60.101,97967,fd880d43,kria,pynq Clocks.fclk0_mhz readback,2d280c7862041cee1dd36a2ac164af8b7f9dcec3,ffb67f785c35d68b29cb225ce05a6ec9e5ee798e3e62b2dd97e7c26b99a4f8d5,2d280c7862041cee1dd36a2ac164af8b7f9dcec3,False,pynq,1,True,s3.B1.cifar10,performance,1333333,3,29.625,paper-grade environment,SOM-rail power (INA260),VCC_SOM,hwmon,/sys/class/hwmon/hwmon2 name=ina260_u14,"{""update_interval_ms"": ""not exposed""}",10.000,10.000,0.1176,0,3,accel,accel,GosDevice.infer cifar10 + TOTAL_CYC read + PS dequant (fast (store block; pynq MMIO.array views)),2026-09-30T19:46:04.805+00:00,2026-09-30T19:47:04.905+00:00,2026-09-30T19:46:04.805+00:00,2026-09-30T19:47:04.905+00:00,1790797564.805,1790797624.906,60.101,97967,3.649418,0.021327,601,10.000,0.1001,fast,104247,104247,104247,429.419,,,"random: control,cpu,accel | accel,control,cpu | cpu,control,accel",1295327891
2026-09-30T19:48:06+00:00,2d280c7862041cee1dd36a2ac164af8b7f9dcec3,False,2023.1,7b2dac6026acf6ae9e6d87f80a457fb07b6e56c167dd2a168593b2105c9e130e,ZynqMP KV260 revB machine-id:a435d1c5,cifar10,all,249.997500,hw,60.000,0,fd880d43,kria,pynq Clocks.fclk0_mhz readback,2d280c7862041cee1dd36a2ac164af8b7f9dcec3,ffb67f785c35d68b29cb225ce05a6ec9e5ee798e3e62b2dd97e7c26b99a4f8d5,2d280c7862041cee1dd36a2ac164af8b7f9dcec3,False,pynq,1,True,s3.B1.cifar10,performance,1333333,3,29.625,paper-grade environment,SOM-rail power (INA260),VCC_SOM,hwmon,/sys/class/hwmon/hwmon2 name=ina260_u14,"{""update_interval_ms"": ""not exposed""}",10.000,10.000,0.1176,0,3,idle_post,idle,none (sleep),2026-09-30T19:47:05.013+00:00,2026-09-30T19:48:05.013+00:00,2026-09-30T19:47:05.013+00:00,2026-09-30T19:48:05.013+00:00,1790797625.013,1790797685.014,60.000,0,3.390167,0.047901,600,10.000,0.1001,,,,,,,,"random: control,cpu,accel | accel,control,cpu | cpu,control,accel",1295327891
