timestamp,git_commit,git_dirty,vivado_version,bitstream_sha256,board_id,net,layer,clock_mhz,source,duration_s,num_inferences,build_id_hw,board_hostname,clock_source,scripts_commit,data_manifest_sha256,data_git_commit,data_git_dirty,backend,session_index,paper_grade,env_step,cpu_governor,cpu_freq_khz,cpu_affinity,die_temp_start_c,env_note,clock_requested_mhz,clock_readback_mhz,images,model_cycles,hw_cycles,hw_min,hw_max,hw_distinct,hw_images_equal_model,clocks_compared,identical_across_clocks,cycle_check
2026-10-01T07:27:49+00:00,e91657aa272f8db8aafc7641da56afae9433579b,False,2023.1,7b2dac6026acf6ae9e6d87f80a457fb07b6e56c167dd2a168593b2105c9e130e,ZynqMP KV260 revB machine-id:a435d1c5,lenet5,conv1,99.999000,hw,0.035,100,fd880d43,kria,pynq Clocks.fclk0_mhz readback,e91657aa272f8db8aafc7641da56afae9433579b,7749eb52347eba2cfc09ef50fb79af9a6aa4e51ae324a07db3c463f063fe654b,e91657aa272f8db8aafc7641da56afae9433579b,False,pynq,1,True,s3.B2,performance,1333333,3,37.055,paper-grade environment,99.999,99.999000,100,2829,2829,2829,2829,1,100,7,True,PASS
2026-10-01T07:27:49+00:00,e91657aa272f8db8aafc7641da56afae9433579b,False,2023.1,7b2dac6026acf6ae9e6d87f80a457fb07b6e56c167dd2a168593b2105c9e130e,ZynqMP KV260 revB machine-id:a435d1c5,lenet5,conv3,99.999000,hw,0.035,100,fd880d43,kria,pynq Clocks.fclk0_mhz readback,e91657aa272f8db8aafc7641da56afae9433579b,7749eb52347eba2cfc09ef50fb79af9a6aa4e51ae324a07db3c463f063fe654b,e91657aa272f8db8aafc7641da56afae9433579b,False,pynq,1,True,s3.B2,performance,1333333,3,37.055,paper-grade environment,99.999,99.999000,100,6029,6029,6029,6029,1,100,7,True,PASS
2026-10-01T07:27:49+00:00,e91657aa272f8db8aafc7641da56afae9433579b,False,2023.1,7b2dac6026acf6ae9e6d87f80a457fb07b6e56c167dd2a168593b2105c9e130e,ZynqMP KV260 revB machine-id:a435d1c5,lenet5,conv5,99.999000,hw,0.035,100,fd880d43,kria,pynq Clocks.fclk0_mhz readback,e91657aa272f8db8aafc7641da56afae9433579b,7749eb52347eba2cfc09ef50fb79af9a6aa4e51ae324a07db3c463f063fe654b,e91657aa272f8db8aafc7641da56afae9433579b,False,pynq,1,True,s3.B2,performance,1333333,3,37.055,paper-grade environment,99.999,99.999000,100,6029,6029,6029,6029,1,100,7,True,PASS
2026-10-01T07:27:49+00:00,e91657aa272f8db8aafc7641da56afae9433579b,False,2023.1,7b2dac6026acf6ae9e6d87f80a457fb07b6e56c167dd2a168593b2105c9e130e,ZynqMP KV260 revB machine-id:a435d1c5,lenet5,fc1,99.999000,hw,0.035,100,fd880d43,kria,pynq Clocks.fclk0_mhz readback,e91657aa272f8db8aafc7641da56afae9433579b,7749eb52347eba2cfc09ef50fb79af9a6aa4e51ae324a07db3c463f063fe654b,e91657aa272f8db8aafc7641da56afae9433579b,False,pynq,1,True,s3.B2,performance,1333333,3,37.055,paper-grade environment,99.999,99.999000,100,1349,1349,1349,1349,1,100,7,True,PASS
2026-10-01T07:27:49+00:00,e91657aa272f8db8aafc7641da56afae9433579b,False,2023.1,7b2dac6026acf6ae9e6d87f80a457fb07b6e56c167dd2a168593b2105c9e130e,ZynqMP KV260 revB machine-id:a435d1c5,lenet5,fc2,99.999000,hw,0.035,100,fd880d43,kria,pynq Clocks.fclk0_mhz readback,e91657aa272f8db8aafc7641da56afae9433579b,7749eb52347eba2cfc09ef50fb79af9a6aa4e51ae324a07db3c463f063fe654b,e91657aa272f8db8aafc7641da56afae9433579b,False,pynq,1,True,s3.B2,performance,1333333,3,37.055,paper-grade environment,99.999,99.999000,100,197,197,197,197,1,100,7,True,PASS
2026-10-01T07:27:49+00:00,e91657aa272f8db8aafc7641da56afae9433579b,False,2023.1,7b2dac6026acf6ae9e6d87f80a457fb07b6e56c167dd2a168593b2105c9e130e,ZynqMP KV260 revB machine-id:a435d1c5,lenet5,total,99.999000,hw,0.035,100,fd880d43,kria,pynq Clocks.fclk0_mhz readback,e91657aa272f8db8aafc7641da56afae9433579b,7749eb52347eba2cfc09ef50fb79af9a6aa4e51ae324a07db3c463f063fe654b,e91657aa272f8db8aafc7641da56afae9433579b,False,pynq,1,True,s3.B2,performance,1333333,3,37.055,paper-grade environment,99.999,99.999000,100,16436,16436,16436,16436,1,100,7,True,PASS
2026-10-01T08:04:06+00:00,e91657aa272f8db8aafc7641da56afae9433579b,False,2023.1,7b2dac6026acf6ae9e6d87f80a457fb07b6e56c167dd2a168593b2105c9e130e,ZynqMP KV260 revB machine-id:a435d1c5,lenet5,conv1,111.110000,hw,0.033,100,fd880d43,kria,pynq Clocks.fclk0_mhz readback,e91657aa272f8db8aafc7641da56afae9433579b,7749eb52347eba2cfc09ef50fb79af9a6aa4e51ae324a07db3c463f063fe654b,e91657aa272f8db8aafc7641da56afae9433579b,False,pynq,1,True,s3.B2,performance,1333333,3,37.055,paper-grade environment,111.11,111.110000,100,2829,2829,2829,2829,1,100,7,True,PASS
2026-10-01T08:04:06+00:00,e91657aa272f8db8aafc7641da56afae9433579b,False,2023.1,7b2dac6026acf6ae9e6d87f80a457fb07b6e56c167dd2a168593b2105c9e130e,ZynqMP KV260 revB machine-id:a435d1c5,lenet5,conv3,111.110000,hw,0.033,100,fd880d43,kria,pynq Clocks.fclk0_mhz readback,e91657aa272f8db8aafc7641da56afae9433579b,7749eb52347eba2cfc09ef50fb79af9a6aa4e51ae324a07db3c463f063fe654b,e91657aa272f8db8aafc7641da56afae9433579b,False,pynq,1,True,s3.B2,performance,1333333,3,37.055,paper-grade environment,111.11,111.110000,100,6029,6029,6029,6029,1,100,7,True,PASS
2026-10-01T08:04:06+00:00,e91657aa272f8db8aafc7641da56afae9433579b,False,2023.1,7b2dac6026acf6ae9e6d87f80a457fb07b6e56c167dd2a168593b2105c9e130e,ZynqMP KV260 revB machine-id:a435d1c5,lenet5,conv5,111.110000,hw,0.033,100,fd880d43,kria,pynq Clocks.fclk0_mhz readback,e91657aa272f8db8aafc7641da56afae9433579b,7749eb52347eba2cfc09ef50fb79af9a6aa4e51ae324a07db3c463f063fe654b,e91657aa272f8db8aafc7641da56afae9433579b,False,pynq,1,True,s3.B2,performance,1333333,3,37.055,paper-grade environment,111.11,111.110000,100,6029,6029,6029,6029,1,100,7,True,PASS
2026-10-01T08:04:06+00:00,e91657aa272f8db8aafc7641da56afae9433579b,False,2023.1,7b2dac6026acf6ae9e6d87f80a457fb07b6e56c167dd2a168593b2105c9e130e,ZynqMP KV260 revB machine-id:a435d1c5,lenet5,fc1,111.110000,hw,0.033,100,fd880d43,kria,pynq Clocks.fclk0_mhz readback,e91657aa272f8db8aafc7641da56afae9433579b,7749eb52347eba2cfc09ef50fb79af9a6aa4e51ae324a07db3c463f063fe654b,e91657aa272f8db8aafc7641da56afae9433579b,False,pynq,1,True,s3.B2,performance,1333333,3,37.055,paper-grade environment,111.11,111.110000,100,1349,1349,1349,1349,1,100,7,True,PASS
2026-10-01T08:04:06+00:00,e91657aa272f8db8aafc7641da56afae9433579b,False,2023.1,7b2dac6026acf6ae9e6d87f80a457fb07b6e56c167dd2a168593b2105c9e130e,ZynqMP KV260 revB machine-id:a435d1c5,lenet5,fc2,111.110000,hw,0.033,100,fd880d43,kria,pynq Clocks.fclk0_mhz readback,e91657aa272f8db8aafc7641da56afae9433579b,7749eb52347eba2cfc09ef50fb79af9a6aa4e51ae324a07db3c463f063fe654b,e91657aa272f8db8aafc7641da56afae9433579b,False,pynq,1,True,s3.B2,performance,1333333,3,37.055,paper-grade environment,111.11,111.110000,100,197,197,197,197,1,100,7,True,PASS
2026-10-01T08:04:06+00:00,e91657aa272f8db8aafc7641da56afae9433579b,False,2023.1,7b2dac6026acf6ae9e6d87f80a457fb07b6e56c167dd2a168593b2105c9e130e,ZynqMP KV260 revB machine-id:a435d1c5,lenet5,total,111.110000,hw,0.033,100,fd880d43,kria,pynq Clocks.fclk0_mhz readback,e91657aa272f8db8aafc7641da56afae9433579b,7749eb52347eba2cfc09ef50fb79af9a6aa4e51ae324a07db3c463f063fe654b,e91657aa272f8db8aafc7641da56afae9433579b,False,pynq,1,True,s3.B2,performance,1333333,3,37.055,paper-grade environment,111.11,111.110000,100,16436,16436,16436,16436,1,100,7,True,PASS
2026-10-01T07:55:02+00:00,e91657aa272f8db8aafc7641da56afae9433579b,False,2023.1,7b2dac6026acf6ae9e6d87f80a457fb07b6e56c167dd2a168593b2105c9e130e,ZynqMP KV260 revB machine-id:a435d1c5,lenet5,conv1,124.998750,hw,0.031,100,fd880d43,kria,pynq Clocks.fclk0_mhz readback,e91657aa272f8db8aafc7641da56afae9433579b,7749eb52347eba2cfc09ef50fb79af9a6aa4e51ae324a07db3c463f063fe654b,e91657aa272f8db8aafc7641da56afae9433579b,False,pynq,1,True,s3.B2,performance,1333333,3,37.055,paper-grade environment,124.99875,124.998750,100,2829,2829,2829,2829,1,100,7,True,PASS
2026-10-01T07:55:02+00:00,e91657aa272f8db8aafc7641da56afae9433579b,False,2023.1,7b2dac6026acf6ae9e6d87f80a457fb07b6e56c167dd2a168593b2105c9e130e,ZynqMP KV260 revB machine-id:a435d1c5,lenet5,conv3,124.998750,hw,0.031,100,fd880d43,kria,pynq Clocks.fclk0_mhz readback,e91657aa272f8db8aafc7641da56afae9433579b,7749eb52347eba2cfc09ef50fb79af9a6aa4e51ae324a07db3c463f063fe654b,e91657aa272f8db8aafc7641da56afae9433579b,False,pynq,1,True,s3.B2,performance,1333333,3,37.055,paper-grade environment,124.99875,124.998750,100,6029,6029,6029,6029,1,100,7,True,PASS
2026-10-01T07:55:02+00:00,e91657aa272f8db8aafc7641da56afae9433579b,False,2023.1,7b2dac6026acf6ae9e6d87f80a457fb07b6e56c167dd2a168593b2105c9e130e,ZynqMP KV260 revB machine-id:a435d1c5,lenet5,conv5,124.998750,hw,0.031,100,fd880d43,kria,pynq Clocks.fclk0_mhz readback,e91657aa272f8db8aafc7641da56afae9433579b,7749eb52347eba2cfc09ef50fb79af9a6aa4e51ae324a07db3c463f063fe654b,e91657aa272f8db8aafc7641da56afae9433579b,False,pynq,1,True,s3.B2,performance,1333333,3,37.055,paper-grade environment,124.99875,124.998750,100,6029,6029,6029,6029,1,100,7,True,PASS
2026-10-01T07:55:02+00:00,e91657aa272f8db8aafc7641da56afae9433579b,False,2023.1,7b2dac6026acf6ae9e6d87f80a457fb07b6e56c167dd2a168593b2105c9e130e,ZynqMP KV260 revB machine-id:a435d1c5,lenet5,fc1,124.998750,hw,0.031,100,fd880d43,kria,pynq Clocks.fclk0_mhz readback,e91657aa272f8db8aafc7641da56afae9433579b,7749eb52347eba2cfc09ef50fb79af9a6aa4e51ae324a07db3c463f063fe654b,e91657aa272f8db8aafc7641da56afae9433579b,False,pynq,1,True,s3.B2,performance,1333333,3,37.055,paper-grade environment,124.99875,124.998750,100,1349,1349,1349,1349,1,100,7,True,PASS
2026-10-01T07:55:02+00:00,e91657aa272f8db8aafc7641da56afae9433579b,False,2023.1,7b2dac6026acf6ae9e6d87f80a457fb07b6e56c167dd2a168593b2105c9e130e,ZynqMP KV260 revB machine-id:a435d1c5,lenet5,fc2,124.998750,hw,0.031,100,fd880d43,kria,pynq Clocks.fclk0_mhz readback,e91657aa272f8db8aafc7641da56afae9433579b,7749eb52347eba2cfc09ef50fb79af9a6aa4e51ae324a07db3c463f063fe654b,e91657aa272f8db8aafc7641da56afae9433579b,False,pynq,1,True,s3.B2,performance,1333333,3,37.055,paper-grade environment,124.99875,124.998750,100,197,197,197,197,1,100,7,True,PASS
2026-10-01T07:55:02+00:00,e91657aa272f8db8aafc7641da56afae9433579b,False,2023.1,7b2dac6026acf6ae9e6d87f80a457fb07b6e56c167dd2a168593b2105c9e130e,ZynqMP KV260 revB machine-id:a435d1c5,lenet5,total,124.998750,hw,0.031,100,fd880d43,kria,pynq Clocks.fclk0_mhz readback,e91657aa272f8db8aafc7641da56afae9433579b,7749eb52347eba2cfc09ef50fb79af9a6aa4e51ae324a07db3c463f063fe654b,e91657aa272f8db8aafc7641da56afae9433579b,False,pynq,1,True,s3.B2,performance,1333333,3,37.055,paper-grade environment,124.99875,124.998750,100,16436,16436,16436,16436,1,100,7,True,PASS
2026-10-01T07:18:45+00:00,e91657aa272f8db8aafc7641da56afae9433579b,False,2023.1,7b2dac6026acf6ae9e6d87f80a457fb07b6e56c167dd2a168593b2105c9e130e,ZynqMP KV260 revB machine-id:a435d1c5,lenet5,conv1,142.855714,hw,0.030,100,fd880d43,kria,pynq Clocks.fclk0_mhz readback,e91657aa272f8db8aafc7641da56afae9433579b,7749eb52347eba2cfc09ef50fb79af9a6aa4e51ae324a07db3c463f063fe654b,e91657aa272f8db8aafc7641da56afae9433579b,False,pynq,1,True,s3.B2,performance,1333333,3,37.055,paper-grade environment,142.855714,142.855714,100,2829,2829,2829,2829,1,100,7,True,PASS
2026-10-01T07:18:45+00:00,e91657aa272f8db8aafc7641da56afae9433579b,False,2023.1,7b2dac6026acf6ae9e6d87f80a457fb07b6e56c167dd2a168593b2105c9e130e,ZynqMP KV260 revB machine-id:a435d1c5,lenet5,conv3,142.855714,hw,0.030,100,fd880d43,kria,pynq Clocks.fclk0_mhz readback,e91657aa272f8db8aafc7641da56afae9433579b,7749eb52347eba2cfc09ef50fb79af9a6aa4e51ae324a07db3c463f063fe654b,e91657aa272f8db8aafc7641da56afae9433579b,False,pynq,1,True,s3.B2,performance,1333333,3,37.055,paper-grade environment,142.855714,142.855714,100,6029,6029,6029,6029,1,100,7,True,PASS
2026-10-01T07:18:45+00:00,e91657aa272f8db8aafc7641da56afae9433579b,False,2023.1,7b2dac6026acf6ae9e6d87f80a457fb07b6e56c167dd2a168593b2105c9e130e,ZynqMP KV260 revB machine-id:a435d1c5,lenet5,conv5,142.855714,hw,0.030,100,fd880d43,kria,pynq Clocks.fclk0_mhz readback,e91657aa272f8db8aafc7641da56afae9433579b,7749eb52347eba2cfc09ef50fb79af9a6aa4e51ae324a07db3c463f063fe654b,e91657aa272f8db8aafc7641da56afae9433579b,False,pynq,1,True,s3.B2,performance,1333333,3,37.055,paper-grade environment,142.855714,142.855714,100,6029,6029,6029,6029,1,100,7,True,PASS
2026-10-01T07:18:45+00:00,e91657aa272f8db8aafc7641da56afae9433579b,False,2023.1,7b2dac6026acf6ae9e6d87f80a457fb07b6e56c167dd2a168593b2105c9e130e,ZynqMP KV260 revB machine-id:a435d1c5,lenet5,fc1,142.855714,hw,0.030,100,fd880d43,kria,pynq Clocks.fclk0_mhz readback,e91657aa272f8db8aafc7641da56afae9433579b,7749eb52347eba2cfc09ef50fb79af9a6aa4e51ae324a07db3c463f063fe654b,e91657aa272f8db8aafc7641da56afae9433579b,False,pynq,1,True,s3.B2,performance,1333333,3,37.055,paper-grade environment,142.855714,142.855714,100,1349,1349,1349,1349,1,100,7,True,PASS
2026-10-01T07:18:45+00:00,e91657aa272f8db8aafc7641da56afae9433579b,False,2023.1,7b2dac6026acf6ae9e6d87f80a457fb07b6e56c167dd2a168593b2105c9e130e,ZynqMP KV260 revB machine-id:a435d1c5,lenet5,fc2,142.855714,hw,0.030,100,fd880d43,kria,pynq Clocks.fclk0_mhz readback,e91657aa272f8db8aafc7641da56afae9433579b,7749eb52347eba2cfc09ef50fb79af9a6aa4e51ae324a07db3c463f063fe654b,e91657aa272f8db8aafc7641da56afae9433579b,False,pynq,1,True,s3.B2,performance,1333333,3,37.055,paper-grade environment,142.855714,142.855714,100,197,197,197,197,1,100,7,True,PASS
2026-10-01T07:18:45+00:00,e91657aa272f8db8aafc7641da56afae9433579b,False,2023.1,7b2dac6026acf6ae9e6d87f80a457fb07b6e56c167dd2a168593b2105c9e130e,ZynqMP KV260 revB machine-id:a435d1c5,lenet5,total,142.855714,hw,0.030,100,fd880d43,kria,pynq Clocks.fclk0_mhz readback,e91657aa272f8db8aafc7641da56afae9433579b,7749eb52347eba2cfc09ef50fb79af9a6aa4e51ae324a07db3c463f063fe654b,e91657aa272f8db8aafc7641da56afae9433579b,False,pynq,1,True,s3.B2,performance,1333333,3,37.055,paper-grade environment,142.855714,142.855714,100,16436,16436,16436,16436,1,100,7,True,PASS
2026-10-01T08:13:11+00:00,e91657aa272f8db8aafc7641da56afae9433579b,False,2023.1,7b2dac6026acf6ae9e6d87f80a457fb07b6e56c167dd2a168593b2105c9e130e,ZynqMP KV260 revB machine-id:a435d1c5,lenet5,conv1,166.665000,hw,0.028,100,fd880d43,kria,pynq Clocks.fclk0_mhz readback,e91657aa272f8db8aafc7641da56afae9433579b,7749eb52347eba2cfc09ef50fb79af9a6aa4e51ae324a07db3c463f063fe654b,e91657aa272f8db8aafc7641da56afae9433579b,False,pynq,1,True,s3.B2,performance,1333333,3,37.055,paper-grade environment,166.665,166.665000,100,2829,2829,2829,2829,1,100,7,True,PASS
2026-10-01T08:13:11+00:00,e91657aa272f8db8aafc7641da56afae9433579b,False,2023.1,7b2dac6026acf6ae9e6d87f80a457fb07b6e56c167dd2a168593b2105c9e130e,ZynqMP KV260 revB machine-id:a435d1c5,lenet5,conv3,166.665000,hw,0.028,100,fd880d43,kria,pynq Clocks.fclk0_mhz readback,e91657aa272f8db8aafc7641da56afae9433579b,7749eb52347eba2cfc09ef50fb79af9a6aa4e51ae324a07db3c463f063fe654b,e91657aa272f8db8aafc7641da56afae9433579b,False,pynq,1,True,s3.B2,performance,1333333,3,37.055,paper-grade environment,166.665,166.665000,100,6029,6029,6029,6029,1,100,7,True,PASS
2026-10-01T08:13:11+00:00,e91657aa272f8db8aafc7641da56afae9433579b,False,2023.1,7b2dac6026acf6ae9e6d87f80a457fb07b6e56c167dd2a168593b2105c9e130e,ZynqMP KV260 revB machine-id:a435d1c5,lenet5,conv5,166.665000,hw,0.028,100,fd880d43,kria,pynq Clocks.fclk0_mhz readback,e91657aa272f8db8aafc7641da56afae9433579b,7749eb52347eba2cfc09ef50fb79af9a6aa4e51ae324a07db3c463f063fe654b,e91657aa272f8db8aafc7641da56afae9433579b,False,pynq,1,True,s3.B2,performance,1333333,3,37.055,paper-grade environment,166.665,166.665000,100,6029,6029,6029,6029,1,100,7,True,PASS
2026-10-01T08:13:11+00:00,e91657aa272f8db8aafc7641da56afae9433579b,False,2023.1,7b2dac6026acf6ae9e6d87f80a457fb07b6e56c167dd2a168593b2105c9e130e,ZynqMP KV260 revB machine-id:a435d1c5,lenet5,fc1,166.665000,hw,0.028,100,fd880d43,kria,pynq Clocks.fclk0_mhz readback,e91657aa272f8db8aafc7641da56afae9433579b,7749eb52347eba2cfc09ef50fb79af9a6aa4e51ae324a07db3c463f063fe654b,e91657aa272f8db8aafc7641da56afae9433579b,False,pynq,1,True,s3.B2,performance,1333333,3,37.055,paper-grade environment,166.665,166.665000,100,1349,1349,1349,1349,1,100,7,True,PASS
2026-10-01T08:13:11+00:00,e91657aa272f8db8aafc7641da56afae9433579b,False,2023.1,7b2dac6026acf6ae9e6d87f80a457fb07b6e56c167dd2a168593b2105c9e130e,ZynqMP KV260 revB machine-id:a435d1c5,lenet5,fc2,166.665000,hw,0.028,100,fd880d43,kria,pynq Clocks.fclk0_mhz readback,e91657aa272f8db8aafc7641da56afae9433579b,7749eb52347eba2cfc09ef50fb79af9a6aa4e51ae324a07db3c463f063fe654b,e91657aa272f8db8aafc7641da56afae9433579b,False,pynq,1,True,s3.B2,performance,1333333,3,37.055,paper-grade environment,166.665,166.665000,100,197,197,197,197,1,100,7,True,PASS
2026-10-01T08:13:11+00:00,e91657aa272f8db8aafc7641da56afae9433579b,False,2023.1,7b2dac6026acf6ae9e6d87f80a457fb07b6e56c167dd2a168593b2105c9e130e,ZynqMP KV260 revB machine-id:a435d1c5,lenet5,total,166.665000,hw,0.028,100,fd880d43,kria,pynq Clocks.fclk0_mhz readback,e91657aa272f8db8aafc7641da56afae9433579b,7749eb52347eba2cfc09ef50fb79af9a6aa4e51ae324a07db3c463f063fe654b,e91657aa272f8db8aafc7641da56afae9433579b,False,pynq,1,True,s3.B2,performance,1333333,3,37.055,paper-grade environment,166.665,166.665000,100,16436,16436,16436,16436,1,100,7,True,PASS
2026-10-01T07:45:58+00:00,e91657aa272f8db8aafc7641da56afae9433579b,False,2023.1,7b2dac6026acf6ae9e6d87f80a457fb07b6e56c167dd2a168593b2105c9e130e,ZynqMP KV260 revB machine-id:a435d1c5,lenet5,conv1,199.998000,hw,0.026,100,fd880d43,kria,pynq Clocks.fclk0_mhz readback,e91657aa272f8db8aafc7641da56afae9433579b,7749eb52347eba2cfc09ef50fb79af9a6aa4e51ae324a07db3c463f063fe654b,e91657aa272f8db8aafc7641da56afae9433579b,False,pynq,1,True,s3.B2,performance,1333333,3,37.055,paper-grade environment,199.998,199.998000,100,2829,2829,2829,2829,1,100,7,True,PASS
2026-10-01T07:45:58+00:00,e91657aa272f8db8aafc7641da56afae9433579b,False,2023.1,7b2dac6026acf6ae9e6d87f80a457fb07b6e56c167dd2a168593b2105c9e130e,ZynqMP KV260 revB machine-id:a435d1c5,lenet5,conv3,199.998000,hw,0.026,100,fd880d43,kria,pynq Clocks.fclk0_mhz readback,e91657aa272f8db8aafc7641da56afae9433579b,7749eb52347eba2cfc09ef50fb79af9a6aa4e51ae324a07db3c463f063fe654b,e91657aa272f8db8aafc7641da56afae9433579b,False,pynq,1,True,s3.B2,performance,1333333,3,37.055,paper-grade environment,199.998,199.998000,100,6029,6029,6029,6029,1,100,7,True,PASS
2026-10-01T07:45:58+00:00,e91657aa272f8db8aafc7641da56afae9433579b,False,2023.1,7b2dac6026acf6ae9e6d87f80a457fb07b6e56c167dd2a168593b2105c9e130e,ZynqMP KV260 revB machine-id:a435d1c5,lenet5,conv5,199.998000,hw,0.026,100,fd880d43,kria,pynq Clocks.fclk0_mhz readback,e91657aa272f8db8aafc7641da56afae9433579b,7749eb52347eba2cfc09ef50fb79af9a6aa4e51ae324a07db3c463f063fe654b,e91657aa272f8db8aafc7641da56afae9433579b,False,pynq,1,True,s3.B2,performance,1333333,3,37.055,paper-grade environment,199.998,199.998000,100,6029,6029,6029,6029,1,100,7,True,PASS
2026-10-01T07:45:58+00:00,e91657aa272f8db8aafc7641da56afae9433579b,False,2023.1,7b2dac6026acf6ae9e6d87f80a457fb07b6e56c167dd2a168593b2105c9e130e,ZynqMP KV260 revB machine-id:a435d1c5,lenet5,fc1,199.998000,hw,0.026,100,fd880d43,kria,pynq Clocks.fclk0_mhz readback,e91657aa272f8db8aafc7641da56afae9433579b,7749eb52347eba2cfc09ef50fb79af9a6aa4e51ae324a07db3c463f063fe654b,e91657aa272f8db8aafc7641da56afae9433579b,False,pynq,1,True,s3.B2,performance,1333333,3,37.055,paper-grade environment,199.998,199.998000,100,1349,1349,1349,1349,1,100,7,True,PASS
2026-10-01T07:45:58+00:00,e91657aa272f8db8aafc7641da56afae9433579b,False,2023.1,7b2dac6026acf6ae9e6d87f80a457fb07b6e56c167dd2a168593b2105c9e130e,ZynqMP KV260 revB machine-id:a435d1c5,lenet5,fc2,199.998000,hw,0.026,100,fd880d43,kria,pynq Clocks.fclk0_mhz readback,e91657aa272f8db8aafc7641da56afae9433579b,7749eb52347eba2cfc09ef50fb79af9a6aa4e51ae324a07db3c463f063fe654b,e91657aa272f8db8aafc7641da56afae9433579b,False,pynq,1,True,s3.B2,performance,1333333,3,37.055,paper-grade environment,199.998,199.998000,100,197,197,197,197,1,100,7,True,PASS
2026-10-01T07:45:58+00:00,e91657aa272f8db8aafc7641da56afae9433579b,False,2023.1,7b2dac6026acf6ae9e6d87f80a457fb07b6e56c167dd2a168593b2105c9e130e,ZynqMP KV260 revB machine-id:a435d1c5,lenet5,total,199.998000,hw,0.026,100,fd880d43,kria,pynq Clocks.fclk0_mhz readback,e91657aa272f8db8aafc7641da56afae9433579b,7749eb52347eba2cfc09ef50fb79af9a6aa4e51ae324a07db3c463f063fe654b,e91657aa272f8db8aafc7641da56afae9433579b,False,pynq,1,True,s3.B2,performance,1333333,3,37.055,paper-grade environment,199.998,199.998000,100,16436,16436,16436,16436,1,100,7,True,PASS
2026-10-01T07:36:53+00:00,e91657aa272f8db8aafc7641da56afae9433579b,False,2023.1,7b2dac6026acf6ae9e6d87f80a457fb07b6e56c167dd2a168593b2105c9e130e,ZynqMP KV260 revB machine-id:a435d1c5,lenet5,conv1,249.997500,hw,0.025,100,fd880d43,kria,pynq Clocks.fclk0_mhz readback,e91657aa272f8db8aafc7641da56afae9433579b,7749eb52347eba2cfc09ef50fb79af9a6aa4e51ae324a07db3c463f063fe654b,e91657aa272f8db8aafc7641da56afae9433579b,False,pynq,1,True,s3.B2,performance,1333333,3,37.055,paper-grade environment,249.9975,249.997500,100,2829,2829,2829,2829,1,100,7,True,PASS
2026-10-01T07:36:53+00:00,e91657aa272f8db8aafc7641da56afae9433579b,False,2023.1,7b2dac6026acf6ae9e6d87f80a457fb07b6e56c167dd2a168593b2105c9e130e,ZynqMP KV260 revB machine-id:a435d1c5,lenet5,conv3,249.997500,hw,0.025,100,fd880d43,kria,pynq Clocks.fclk0_mhz readback,e91657aa272f8db8aafc7641da56afae9433579b,7749eb52347eba2cfc09ef50fb79af9a6aa4e51ae324a07db3c463f063fe654b,e91657aa272f8db8aafc7641da56afae9433579b,False,pynq,1,True,s3.B2,performance,1333333,3,37.055,paper-grade environment,249.9975,249.997500,100,6029,6029,6029,6029,1,100,7,True,PASS
2026-10-01T07:36:53+00:00,e91657aa272f8db8aafc7641da56afae9433579b,False,2023.1,7b2dac6026acf6ae9e6d87f80a457fb07b6e56c167dd2a168593b2105c9e130e,ZynqMP KV260 revB machine-id:a435d1c5,lenet5,conv5,249.997500,hw,0.025,100,fd880d43,kria,pynq Clocks.fclk0_mhz readback,e91657aa272f8db8aafc7641da56afae9433579b,7749eb52347eba2cfc09ef50fb79af9a6aa4e51ae324a07db3c463f063fe654b,e91657aa272f8db8aafc7641da56afae9433579b,False,pynq,1,True,s3.B2,performance,1333333,3,37.055,paper-grade environment,249.9975,249.997500,100,6029,6029,6029,6029,1,100,7,True,PASS
2026-10-01T07:36:53+00:00,e91657aa272f8db8aafc7641da56afae9433579b,False,2023.1,7b2dac6026acf6ae9e6d87f80a457fb07b6e56c167dd2a168593b2105c9e130e,ZynqMP KV260 revB machine-id:a435d1c5,lenet5,fc1,249.997500,hw,0.025,100,fd880d43,kria,pynq Clocks.fclk0_mhz readback,e91657aa272f8db8aafc7641da56afae9433579b,7749eb52347eba2cfc09ef50fb79af9a6aa4e51ae324a07db3c463f063fe654b,e91657aa272f8db8aafc7641da56afae9433579b,False,pynq,1,True,s3.B2,performance,1333333,3,37.055,paper-grade environment,249.9975,249.997500,100,1349,1349,1349,1349,1,100,7,True,PASS
2026-10-01T07:36:53+00:00,e91657aa272f8db8aafc7641da56afae9433579b,False,2023.1,7b2dac6026acf6ae9e6d87f80a457fb07b6e56c167dd2a168593b2105c9e130e,ZynqMP KV260 revB machine-id:a435d1c5,lenet5,fc2,249.997500,hw,0.025,100,fd880d43,kria,pynq Clocks.fclk0_mhz readback,e91657aa272f8db8aafc7641da56afae9433579b,7749eb52347eba2cfc09ef50fb79af9a6aa4e51ae324a07db3c463f063fe654b,e91657aa272f8db8aafc7641da56afae9433579b,False,pynq,1,True,s3.B2,performance,1333333,3,37.055,paper-grade environment,249.9975,249.997500,100,197,197,197,197,1,100,7,True,PASS
2026-10-01T07:36:53+00:00,e91657aa272f8db8aafc7641da56afae9433579b,False,2023.1,7b2dac6026acf6ae9e6d87f80a457fb07b6e56c167dd2a168593b2105c9e130e,ZynqMP KV260 revB machine-id:a435d1c5,lenet5,total,249.997500,hw,0.025,100,fd880d43,kria,pynq Clocks.fclk0_mhz readback,e91657aa272f8db8aafc7641da56afae9433579b,7749eb52347eba2cfc09ef50fb79af9a6aa4e51ae324a07db3c463f063fe654b,e91657aa272f8db8aafc7641da56afae9433579b,False,pynq,1,True,s3.B2,performance,1333333,3,37.055,paper-grade environment,249.9975,249.997500,100,16436,16436,16436,16436,1,100,7,True,PASS
