timestamp,git_commit,git_dirty,vivado_version,bitstream_sha256,board_id,net,layer,clock_mhz,source,duration_s,num_inferences,build_id_hw,board_hostname,clock_source,scripts_commit,data_manifest_sha256,data_git_commit,data_git_dirty,backend,session_index,paper_grade,env_step,cpu_governor,cpu_freq_khz,cpu_affinity,die_temp_start_c,env_note,measurement,rail,sensor_backend,sensor_device,sensor_limits,rate_requested_hz,rate_achieved_hz,max_gap_s,read_errors,repeat,phase,kind,workload,start_utc,stop_utc,start_local,stop_local,start_epoch,stop_epoch,phase_s,images,power_mean_w,power_std_w,n_samples,phase_rate_hz,phase_max_gap_s,host_path,total_cyc_median,total_cyc_min,total_cyc_max,start_done_median_us,pace_us,pace_source,phase_order,order_seed,temp_pl_start_c,temp_pl_end_c,temp_ps_start_c,temp_ps_end_c,temp_remote_start_c,temp_remote_end_c
2026-10-01T05:59:06+00:00,28d0602987cf1c482a73dbfa656d040059df0e26,False,,0b0baebd6e7c3d96cfbd946da8dcd054e7f529a136300f3e54e5e1989213db0b,ZynqMP KV260 revB machine-id:a435d1c5,cifar10,all,66.666000,hw,60.000,0,,kria,pynq Clocks.fclk0_mhz readback (pl_clk0; the DPU core clock is generated inside the overlay and not read),28d0602987cf1c482a73dbfa656d040059df0e26,f64802d8cb5eb187ae152bd75dadcaf6c348f9f143a24eecfff5ffbdf5d400a3,28d0602987cf1c482a73dbfa656d040059df0e26,False,pynq_dpu,1,True,s2.DPU,performance,1333333,3,36.06,paper-grade environment,SOM-rail power (INA260),VCC_SOM,hwmon,/sys/class/hwmon/hwmon2 name=ina260_u14,"{""update_interval_ms"": ""not exposed""}",10.000,10.001,0.1006,0,1,idle_pre,idle,none (sleep),2026-10-01T05:50:05.070+00:00,2026-10-01T05:51:05.070+00:00,2026-10-01T05:50:05.070+00:00,2026-10-01T05:51:05.070+00:00,1790833805.070,1790833865.070,60.000,0,4.363500,0.034801,600,10.000,0.1001,,,,,,,,fixed: accel | accel | accel,,35.477,35.897,36.479,37.008,36.697,36.759
2026-10-01T05:59:06+00:00,28d0602987cf1c482a73dbfa656d040059df0e26,False,,0b0baebd6e7c3d96cfbd946da8dcd054e7f529a136300f3e54e5e1989213db0b,ZynqMP KV260 revB machine-id:a435d1c5,cifar10,all,66.666000,hw,60.000,164926,,kria,pynq Clocks.fclk0_mhz readback (pl_clk0; the DPU core clock is generated inside the overlay and not read),28d0602987cf1c482a73dbfa656d040059df0e26,f64802d8cb5eb187ae152bd75dadcaf6c348f9f143a24eecfff5ffbdf5d400a3,28d0602987cf1c482a73dbfa656d040059df0e26,False,pynq_dpu,1,True,s2.DPU,performance,1333333,3,36.06,paper-grade environment,SOM-rail power (INA260),VCC_SOM,hwmon,/sys/class/hwmon/hwmon2 name=ina260_u14,"{""update_interval_ms"": ""not exposed""}",10.000,10.001,0.1006,0,1,accel,accel,"DPU (Vitis AI 2.5.0, DPUCZDX8G_ISA1_B4096, fingerprint 0x101000016010407) execute_async+wait, batch 1, end-to-end, cifar10 images cycled",2026-10-01T05:51:05.169+00:00,2026-10-01T05:52:05.169+00:00,2026-10-01T05:51:05.169+00:00,2026-10-01T05:52:05.169+00:00,1790833865.170,1790833925.170,60.000,164926,4.816917,0.024719,600,10.000,0.1001,,,,,,,,fixed: accel | accel | accel,,35.741,36.176,38.251,37.676,36.122,37.319
2026-10-01T05:59:06+00:00,28d0602987cf1c482a73dbfa656d040059df0e26,False,,0b0baebd6e7c3d96cfbd946da8dcd054e7f529a136300f3e54e5e1989213db0b,ZynqMP KV260 revB machine-id:a435d1c5,cifar10,all,66.666000,hw,60.000,0,,kria,pynq Clocks.fclk0_mhz readback (pl_clk0; the DPU core clock is generated inside the overlay and not read),28d0602987cf1c482a73dbfa656d040059df0e26,f64802d8cb5eb187ae152bd75dadcaf6c348f9f143a24eecfff5ffbdf5d400a3,28d0602987cf1c482a73dbfa656d040059df0e26,False,pynq_dpu,1,True,s2.DPU,performance,1333333,3,36.06,paper-grade environment,SOM-rail power (INA260),VCC_SOM,hwmon,/sys/class/hwmon/hwmon2 name=ina260_u14,"{""update_interval_ms"": ""not exposed""}",10.000,10.001,0.1006,0,1,idle_mid,idle,none (sleep),2026-10-01T05:52:05.268+00:00,2026-10-01T05:53:05.269+00:00,2026-10-01T05:52:05.268+00:00,2026-10-01T05:53:05.269+00:00,1790833925.269,1790833985.269,60.000,0,4.364150,0.043716,600,10.000,0.1001,,,,,,,,fixed: accel | accel | accel,,36.114,35.959,38.935,38.718,37.692,36.759
2026-10-01T05:59:06+00:00,28d0602987cf1c482a73dbfa656d040059df0e26,False,,0b0baebd6e7c3d96cfbd946da8dcd054e7f529a136300f3e54e5e1989213db0b,ZynqMP KV260 revB machine-id:a435d1c5,cifar10,all,66.666000,hw,60.000,0,,kria,pynq Clocks.fclk0_mhz readback (pl_clk0; the DPU core clock is generated inside the overlay and not read),28d0602987cf1c482a73dbfa656d040059df0e26,f64802d8cb5eb187ae152bd75dadcaf6c348f9f143a24eecfff5ffbdf5d400a3,28d0602987cf1c482a73dbfa656d040059df0e26,False,pynq_dpu,1,True,s2.DPU,performance,1333333,3,36.06,paper-grade environment,SOM-rail power (INA260),VCC_SOM,hwmon,/sys/class/hwmon/hwmon2 name=ina260_u14,"{""update_interval_ms"": ""not exposed""}",10.000,10.001,0.1006,0,2,idle_pre,idle,none (sleep),2026-10-01T05:53:05.367+00:00,2026-10-01T05:54:05.368+00:00,2026-10-01T05:53:05.367+00:00,2026-10-01T05:54:05.368+00:00,1790833985.368,1790834045.368,60.000,0,4.360250,0.026285,600,10.000,0.1001,,,,,,,,fixed: accel | accel | accel,,35.687,35.469,36.682,36.837,36.588,36.868
2026-10-01T05:59:06+00:00,28d0602987cf1c482a73dbfa656d040059df0e26,False,,0b0baebd6e7c3d96cfbd946da8dcd054e7f529a136300f3e54e5e1989213db0b,ZynqMP KV260 revB machine-id:a435d1c5,cifar10,all,66.666000,hw,60.000,164862,,kria,pynq Clocks.fclk0_mhz readback (pl_clk0; the DPU core clock is generated inside the overlay and not read),28d0602987cf1c482a73dbfa656d040059df0e26,f64802d8cb5eb187ae152bd75dadcaf6c348f9f143a24eecfff5ffbdf5d400a3,28d0602987cf1c482a73dbfa656d040059df0e26,False,pynq_dpu,1,True,s2.DPU,performance,1333333,3,36.06,paper-grade environment,SOM-rail power (INA260),VCC_SOM,hwmon,/sys/class/hwmon/hwmon2 name=ina260_u14,"{""update_interval_ms"": ""not exposed""}",10.000,10.001,0.1006,0,2,accel,accel,"DPU (Vitis AI 2.5.0, DPUCZDX8G_ISA1_B4096, fingerprint 0x101000016010407) execute_async+wait, batch 1, end-to-end, cifar10 images cycled",2026-10-01T05:54:05.467+00:00,2026-10-01T05:55:05.467+00:00,2026-10-01T05:54:05.467+00:00,2026-10-01T05:55:05.467+00:00,1790834045.467,1790834105.468,60.000,164862,4.817183,0.023434,600,10.000,0.1001,,,,,,,,fixed: accel | accel | accel,,36.223,36.068,37.210,38.889,36.277,36.744
2026-10-01T05:59:06+00:00,28d0602987cf1c482a73dbfa656d040059df0e26,False,,0b0baebd6e7c3d96cfbd946da8dcd054e7f529a136300f3e54e5e1989213db0b,ZynqMP KV260 revB machine-id:a435d1c5,cifar10,all,66.666000,hw,60.000,0,,kria,pynq Clocks.fclk0_mhz readback (pl_clk0; the DPU core clock is generated inside the overlay and not read),28d0602987cf1c482a73dbfa656d040059df0e26,f64802d8cb5eb187ae152bd75dadcaf6c348f9f143a24eecfff5ffbdf5d400a3,28d0602987cf1c482a73dbfa656d040059df0e26,False,pynq_dpu,1,True,s2.DPU,performance,1333333,3,36.06,paper-grade environment,SOM-rail power (INA260),VCC_SOM,hwmon,/sys/class/hwmon/hwmon2 name=ina260_u14,"{""update_interval_ms"": ""not exposed""}",10.000,10.001,0.1006,0,2,idle_mid,idle,none (sleep),2026-10-01T05:55:05.575+00:00,2026-10-01T05:56:05.575+00:00,2026-10-01T05:55:05.575+00:00,2026-10-01T05:56:05.575+00:00,1790834105.575,1790834165.575,60.000,0,4.362013,0.026635,601,10.017,0.1001,,,,,,,,fixed: accel | accel | accel,,36.277,36.005,38.174,38.080,36.262,37.319
2026-10-01T05:59:06+00:00,28d0602987cf1c482a73dbfa656d040059df0e26,False,,0b0baebd6e7c3d96cfbd946da8dcd054e7f529a136300f3e54e5e1989213db0b,ZynqMP KV260 revB machine-id:a435d1c5,cifar10,all,66.666000,hw,60.000,0,,kria,pynq Clocks.fclk0_mhz readback (pl_clk0; the DPU core clock is generated inside the overlay and not read),28d0602987cf1c482a73dbfa656d040059df0e26,f64802d8cb5eb187ae152bd75dadcaf6c348f9f143a24eecfff5ffbdf5d400a3,28d0602987cf1c482a73dbfa656d040059df0e26,False,pynq_dpu,1,True,s2.DPU,performance,1333333,3,36.06,paper-grade environment,SOM-rail power (INA260),VCC_SOM,hwmon,/sys/class/hwmon/hwmon2 name=ina260_u14,"{""update_interval_ms"": ""not exposed""}",10.000,10.001,0.1006,0,3,idle_pre,idle,none (sleep),2026-10-01T05:56:05.675+00:00,2026-10-01T05:57:05.676+00:00,2026-10-01T05:56:05.675+00:00,2026-10-01T05:57:05.676+00:00,1790834165.676,1790834225.676,60.000,0,4.358433,0.022302,600,10.000,0.1001,,,,,,,,fixed: accel | accel | accel,,35.904,35.446,36.806,36.386,36.106,36.138
2026-10-01T05:59:06+00:00,28d0602987cf1c482a73dbfa656d040059df0e26,False,,0b0baebd6e7c3d96cfbd946da8dcd054e7f529a136300f3e54e5e1989213db0b,ZynqMP KV260 revB machine-id:a435d1c5,cifar10,all,66.666000,hw,60.000,164695,,kria,pynq Clocks.fclk0_mhz readback (pl_clk0; the DPU core clock is generated inside the overlay and not read),28d0602987cf1c482a73dbfa656d040059df0e26,f64802d8cb5eb187ae152bd75dadcaf6c348f9f143a24eecfff5ffbdf5d400a3,28d0602987cf1c482a73dbfa656d040059df0e26,False,pynq_dpu,1,True,s2.DPU,performance,1333333,3,36.06,paper-grade environment,SOM-rail power (INA260),VCC_SOM,hwmon,/sys/class/hwmon/hwmon2 name=ina260_u14,"{""update_interval_ms"": ""not exposed""}",10.000,10.001,0.1006,0,3,accel,accel,"DPU (Vitis AI 2.5.0, DPUCZDX8G_ISA1_B4096, fingerprint 0x101000016010407) execute_async+wait, batch 1, end-to-end, cifar10 images cycled",2026-10-01T05:57:05.777+00:00,2026-10-01T05:58:05.778+00:00,2026-10-01T05:57:05.777+00:00,2026-10-01T05:58:05.778+00:00,1790834225.778,1790834285.778,60.000,164695,4.815833,0.026561,600,10.000,0.1001,,,,,,,,fixed: accel | accel | accel,,35.741,36.262,37.194,38.003,36.138,37.909
2026-10-01T05:59:06+00:00,28d0602987cf1c482a73dbfa656d040059df0e26,False,,0b0baebd6e7c3d96cfbd946da8dcd054e7f529a136300f3e54e5e1989213db0b,ZynqMP KV260 revB machine-id:a435d1c5,cifar10,all,66.666000,hw,60.000,0,,kria,pynq Clocks.fclk0_mhz readback (pl_clk0; the DPU core clock is generated inside the overlay and not read),28d0602987cf1c482a73dbfa656d040059df0e26,f64802d8cb5eb187ae152bd75dadcaf6c348f9f143a24eecfff5ffbdf5d400a3,28d0602987cf1c482a73dbfa656d040059df0e26,False,pynq_dpu,1,True,s2.DPU,performance,1333333,3,36.06,paper-grade environment,SOM-rail power (INA260),VCC_SOM,hwmon,/sys/class/hwmon/hwmon2 name=ina260_u14,"{""update_interval_ms"": ""not exposed""}",10.000,10.001,0.1006,0,3,idle_mid,idle,none (sleep),2026-10-01T05:58:05.880+00:00,2026-10-01T05:59:05.880+00:00,2026-10-01T05:58:05.880+00:00,2026-10-01T05:59:05.880+00:00,1790834285.880,1790834345.881,60.000,0,4.359583,0.024461,600,10.000,0.1006,,,,,,,,fixed: accel | accel | accel,,36.083,35.842,38.376,37.707,36.324,37.055
