timestamp,git_commit,git_dirty,vivado_version,bitstream_sha256,board_id,net,layer,clock_mhz,source,duration_s,num_inferences,build_id_hw,board_hostname,clock_source,scripts_commit,data_manifest_sha256,data_git_commit,data_git_dirty,backend,session_index,paper_grade,env_step,cpu_governor,cpu_freq_khz,cpu_affinity,die_temp_start_c,env_note,images,model_cycles,cyc_min,cyc_max,cyc_distinct,cyc_spread,images_equal_model,cycles_origin,cycles_origin_sha256,job_errors,result
2026-09-30T17:13:43+00:00,7ef1572bbccc9cd239e8c417c54babae32f4c13a,False,2023.1,7b2dac6026acf6ae9e6d87f80a457fb07b6e56c167dd2a168593b2105c9e130e,ZynqMP KV260 revB machine-id:a435d1c5,lenet5,conv1,249.997500,hw,0.000,10000,fd880d43,kria,pynq Clocks.fclk0_mhz readback,7ef1572bbccc9cd239e8c417c54babae32f4c13a,3b4e302978c37b5e754a92e21753b2260d5226fa4d6e29fa5a77d89e00566f2a,7ef1572bbccc9cd239e8c417c54babae32f4c13a,False,pynq,1,True,s2.layerspread,performance,1333333,3,35.236,paper-grade environment,10000,2829,2829,2829,1,0,10000,"hw_cycles_lenet5.npz (reused, hw_cycles_lenet5.npz: accepted)",ad4148db315fe95d2ae299a23fde0f21d487e13f4f2c6218844219e5d2e28425,0,PASS
2026-09-30T17:13:43+00:00,7ef1572bbccc9cd239e8c417c54babae32f4c13a,False,2023.1,7b2dac6026acf6ae9e6d87f80a457fb07b6e56c167dd2a168593b2105c9e130e,ZynqMP KV260 revB machine-id:a435d1c5,lenet5,conv3,249.997500,hw,0.000,10000,fd880d43,kria,pynq Clocks.fclk0_mhz readback,7ef1572bbccc9cd239e8c417c54babae32f4c13a,3b4e302978c37b5e754a92e21753b2260d5226fa4d6e29fa5a77d89e00566f2a,7ef1572bbccc9cd239e8c417c54babae32f4c13a,False,pynq,1,True,s2.layerspread,performance,1333333,3,35.236,paper-grade environment,10000,6029,6029,6029,1,0,10000,"hw_cycles_lenet5.npz (reused, hw_cycles_lenet5.npz: accepted)",ad4148db315fe95d2ae299a23fde0f21d487e13f4f2c6218844219e5d2e28425,0,PASS
2026-09-30T17:13:43+00:00,7ef1572bbccc9cd239e8c417c54babae32f4c13a,False,2023.1,7b2dac6026acf6ae9e6d87f80a457fb07b6e56c167dd2a168593b2105c9e130e,ZynqMP KV260 revB machine-id:a435d1c5,lenet5,conv5,249.997500,hw,0.000,10000,fd880d43,kria,pynq Clocks.fclk0_mhz readback,7ef1572bbccc9cd239e8c417c54babae32f4c13a,3b4e302978c37b5e754a92e21753b2260d5226fa4d6e29fa5a77d89e00566f2a,7ef1572bbccc9cd239e8c417c54babae32f4c13a,False,pynq,1,True,s2.layerspread,performance,1333333,3,35.236,paper-grade environment,10000,6029,6029,6029,1,0,10000,"hw_cycles_lenet5.npz (reused, hw_cycles_lenet5.npz: accepted)",ad4148db315fe95d2ae299a23fde0f21d487e13f4f2c6218844219e5d2e28425,0,PASS
2026-09-30T17:13:43+00:00,7ef1572bbccc9cd239e8c417c54babae32f4c13a,False,2023.1,7b2dac6026acf6ae9e6d87f80a457fb07b6e56c167dd2a168593b2105c9e130e,ZynqMP KV260 revB machine-id:a435d1c5,lenet5,fc1,249.997500,hw,0.000,10000,fd880d43,kria,pynq Clocks.fclk0_mhz readback,7ef1572bbccc9cd239e8c417c54babae32f4c13a,3b4e302978c37b5e754a92e21753b2260d5226fa4d6e29fa5a77d89e00566f2a,7ef1572bbccc9cd239e8c417c54babae32f4c13a,False,pynq,1,True,s2.layerspread,performance,1333333,3,35.236,paper-grade environment,10000,1349,1349,1349,1,0,10000,"hw_cycles_lenet5.npz (reused, hw_cycles_lenet5.npz: accepted)",ad4148db315fe95d2ae299a23fde0f21d487e13f4f2c6218844219e5d2e28425,0,PASS
2026-09-30T17:13:43+00:00,7ef1572bbccc9cd239e8c417c54babae32f4c13a,False,2023.1,7b2dac6026acf6ae9e6d87f80a457fb07b6e56c167dd2a168593b2105c9e130e,ZynqMP KV260 revB machine-id:a435d1c5,lenet5,fc2,249.997500,hw,0.000,10000,fd880d43,kria,pynq Clocks.fclk0_mhz readback,7ef1572bbccc9cd239e8c417c54babae32f4c13a,3b4e302978c37b5e754a92e21753b2260d5226fa4d6e29fa5a77d89e00566f2a,7ef1572bbccc9cd239e8c417c54babae32f4c13a,False,pynq,1,True,s2.layerspread,performance,1333333,3,35.236,paper-grade environment,10000,197,197,197,1,0,10000,"hw_cycles_lenet5.npz (reused, hw_cycles_lenet5.npz: accepted)",ad4148db315fe95d2ae299a23fde0f21d487e13f4f2c6218844219e5d2e28425,0,PASS
2026-09-30T17:13:43+00:00,7ef1572bbccc9cd239e8c417c54babae32f4c13a,False,2023.1,7b2dac6026acf6ae9e6d87f80a457fb07b6e56c167dd2a168593b2105c9e130e,ZynqMP KV260 revB machine-id:a435d1c5,lenet5,total,249.997500,hw,0.000,10000,fd880d43,kria,pynq Clocks.fclk0_mhz readback,7ef1572bbccc9cd239e8c417c54babae32f4c13a,3b4e302978c37b5e754a92e21753b2260d5226fa4d6e29fa5a77d89e00566f2a,7ef1572bbccc9cd239e8c417c54babae32f4c13a,False,pynq,1,True,s2.layerspread,performance,1333333,3,35.236,paper-grade environment,10000,16436,16436,16436,1,0,10000,"hw_cycles_lenet5.npz (reused, hw_cycles_lenet5.npz: accepted)",ad4148db315fe95d2ae299a23fde0f21d487e13f4f2c6218844219e5d2e28425,0,PASS
2026-09-30T17:13:43+00:00,7ef1572bbccc9cd239e8c417c54babae32f4c13a,False,2023.1,7b2dac6026acf6ae9e6d87f80a457fb07b6e56c167dd2a168593b2105c9e130e,ZynqMP KV260 revB machine-id:a435d1c5,cifar10,conv1,249.997500,hw,0.000,10000,fd880d43,kria,pynq Clocks.fclk0_mhz readback,7ef1572bbccc9cd239e8c417c54babae32f4c13a,6d849a820d55b66ba5ea926025e74152f0b8b0f6a00ffc6f2c8e47645919bf23,7ef1572bbccc9cd239e8c417c54babae32f4c13a,False,pynq,1,True,s2.layerspread,performance,1333333,3,35.236,paper-grade environment,10000,33629,33629,33629,1,0,10000,"hw_cycles_cifar10.npz (reused, hw_cycles_cifar10.npz: accepted)",f1a054f39cf87ad44f2b32d504a72fa87aed307695844cc31374ca958303c95e,0,PASS
2026-09-30T17:13:43+00:00,7ef1572bbccc9cd239e8c417c54babae32f4c13a,False,2023.1,7b2dac6026acf6ae9e6d87f80a457fb07b6e56c167dd2a168593b2105c9e130e,ZynqMP KV260 revB machine-id:a435d1c5,cifar10,conv2,249.997500,hw,0.000,10000,fd880d43,kria,pynq Clocks.fclk0_mhz readback,7ef1572bbccc9cd239e8c417c54babae32f4c13a,6d849a820d55b66ba5ea926025e74152f0b8b0f6a00ffc6f2c8e47645919bf23,7ef1572bbccc9cd239e8c417c54babae32f4c13a,False,pynq,1,True,s2.layerspread,performance,1333333,3,35.236,paper-grade environment,10000,64029,64029,64029,1,0,10000,"hw_cycles_cifar10.npz (reused, hw_cycles_cifar10.npz: accepted)",f1a054f39cf87ad44f2b32d504a72fa87aed307695844cc31374ca958303c95e,0,PASS
2026-09-30T17:13:43+00:00,7ef1572bbccc9cd239e8c417c54babae32f4c13a,False,2023.1,7b2dac6026acf6ae9e6d87f80a457fb07b6e56c167dd2a168593b2105c9e130e,ZynqMP KV260 revB machine-id:a435d1c5,cifar10,conv3,249.997500,hw,0.000,10000,fd880d43,kria,pynq Clocks.fclk0_mhz readback,7ef1572bbccc9cd239e8c417c54babae32f4c13a,6d849a820d55b66ba5ea926025e74152f0b8b0f6a00ffc6f2c8e47645919bf23,7ef1572bbccc9cd239e8c417c54babae32f4c13a,False,pynq,1,True,s2.layerspread,performance,1333333,3,35.236,paper-grade environment,10000,6429,6429,6429,1,0,10000,"hw_cycles_cifar10.npz (reused, hw_cycles_cifar10.npz: accepted)",f1a054f39cf87ad44f2b32d504a72fa87aed307695844cc31374ca958303c95e,0,PASS
2026-09-30T17:13:43+00:00,7ef1572bbccc9cd239e8c417c54babae32f4c13a,False,2023.1,7b2dac6026acf6ae9e6d87f80a457fb07b6e56c167dd2a168593b2105c9e130e,ZynqMP KV260 revB machine-id:a435d1c5,cifar10,fc,249.997500,hw,0.000,10000,fd880d43,kria,pynq Clocks.fclk0_mhz readback,7ef1572bbccc9cd239e8c417c54babae32f4c13a,6d849a820d55b66ba5ea926025e74152f0b8b0f6a00ffc6f2c8e47645919bf23,7ef1572bbccc9cd239e8c417c54babae32f4c13a,False,pynq,1,True,s2.layerspread,performance,1333333,3,35.236,paper-grade environment,10000,157,157,157,1,0,10000,"hw_cycles_cifar10.npz (reused, hw_cycles_cifar10.npz: accepted)",f1a054f39cf87ad44f2b32d504a72fa87aed307695844cc31374ca958303c95e,0,PASS
2026-09-30T17:13:43+00:00,7ef1572bbccc9cd239e8c417c54babae32f4c13a,False,2023.1,7b2dac6026acf6ae9e6d87f80a457fb07b6e56c167dd2a168593b2105c9e130e,ZynqMP KV260 revB machine-id:a435d1c5,cifar10,total,249.997500,hw,0.000,10000,fd880d43,kria,pynq Clocks.fclk0_mhz readback,7ef1572bbccc9cd239e8c417c54babae32f4c13a,6d849a820d55b66ba5ea926025e74152f0b8b0f6a00ffc6f2c8e47645919bf23,7ef1572bbccc9cd239e8c417c54babae32f4c13a,False,pynq,1,True,s2.layerspread,performance,1333333,3,35.236,paper-grade environment,10000,104247,104247,104247,1,0,10000,"hw_cycles_cifar10.npz (reused, hw_cycles_cifar10.npz: accepted)",f1a054f39cf87ad44f2b32d504a72fa87aed307695844cc31374ca958303c95e,0,PASS
