timestamp,git_commit,git_dirty,vivado_version,bitstream_sha256,board_id,net,layer,clock_mhz,source,duration_s,num_inferences,case_id,field,value,expect,observed,outputs_match,cycles_exact,err_code_expected,err_code_rtl,tile_model_matches_golden,checker_accepts,sim_agree,simulators,n_bad,note,sim_agree_strict,outputs_identical,sim_diff_keys,n_bad_xsim,observed_verilator,observed_xsim,module,shape,n_layers,model_total,rtl_total,model_layer_cycles,rtl_layer_cycles,timeout,tile_model_n_bad,tile_model_note,why,seed,shapeset_sha256,data_git_commit,data_git_dirty,run_dir,logs_archive,logs_archive_sha256
2026-09-29T20:22:59+00:00,52cea7e9fec4eda2f5949f044410a49a2e616bde,False,2023.1,,,limits,F_IC_2047_req,,rtl_sim,,1,F_IC_2047_req,IC,2047,exact,exact,True,True,0,0,True,True,True,verilator 5.028 + xsim v2023.1,0,"requant FC K=2047 (largest K with K*16384 < 2^25, V_MUL_W); random data, |v| not stressed",True,True,,0,exact,exact,limit_cases_fields,2047x1x1-k1x1->8,1,2079,2079,2076,2076,0,0,,,20260930,e4c700d84b58e1a0036364c7ee803a505936c468eabe5d2f5bbff8b519af0ba6,52cea7e9fec4eda2f5949f044410a49a2e616bde,False,build/limits/all-s20260930/runs/52cea7e9fec4-e4c700d84b58,limits_rtl_logs_52cea7e9fec4-e4c700d84b58.tar.xz,1761d1d381183345c544cba3a63a8d9668e15c0ccae69af42473350bf27ab1cf
2026-09-29T20:22:59+00:00,52cea7e9fec4eda2f5949f044410a49a2e616bde,False,2023.1,,,limits,F_IC_4096_raw,,rtl_sim,,1,F_IC_4096_raw,IC,4096,exact,exact,True,True,0,0,True,True,True,verilator 5.028 + xsim v2023.1,0,"out_raw FC IC=4096: IN_END=4095, ic counter to 4095, 2 OC tiles, WGT 8192 words",True,True,,0,exact,exact,limit_cases_fields,4096x1x1-k1x1->16raw,1,8224,8224,8221,8221,0,0,,,20260930,e4c700d84b58e1a0036364c7ee803a505936c468eabe5d2f5bbff8b519af0ba6,52cea7e9fec4eda2f5949f044410a49a2e616bde,False,build/limits/all-s20260930/runs/52cea7e9fec4-e4c700d84b58,limits_rtl_logs_52cea7e9fec4-e4c700d84b58.tar.xz,1761d1d381183345c544cba3a63a8d9668e15c0ccae69af42473350bf27ab1cf
2026-09-29T20:22:59+00:00,52cea7e9fec4eda2f5949f044410a49a2e616bde,False,2023.1,,,limits,F_IC_4097_raw,,rtl_sim,,1,F_IC_4097_raw,IC,4097,refuse,refuse,,True,1280,1280,,False,True,verilator 5.028 + xsim v2023.1,,IC=4097 on a 1x1 map -> IN_END=4096 -> rule 5 (IC bounded only through IN_END),True,True,,,refuse,refuse,limit_cases_fields,4097x1x1-k1x1->16raw,1,3,3,,-,0,,,,20260930,e4c700d84b58e1a0036364c7ee803a505936c468eabe5d2f5bbff8b519af0ba6,52cea7e9fec4eda2f5949f044410a49a2e616bde,False,build/limits/all-s20260930/runs/52cea7e9fec4-e4c700d84b58,limits_rtl_logs_52cea7e9fec4-e4c700d84b58.tar.xz,1761d1d381183345c544cba3a63a8d9668e15c0ccae69af42473350bf27ab1cf
2026-09-29T20:22:59+00:00,52cea7e9fec4eda2f5949f044410a49a2e616bde,False,2023.1,,,limits,F_K_16384_raw,,rtl_sim,,1,F_K_16384_raw,K,16384,exact,exact,True,True,0,0,True,True,True,verilator 5.028 + xsim v2023.1,0,"out_raw 1024x4x4 k4x4 -> 8: K=16384 (f_k[15:0], k counter to 16383), IN_END=4095, WGT_END=16383",True,True,,0,exact,exact,limit_cases_fields,1024x4x4-k4x4->8raw,1,16416,16416,16413,16413,0,0,,,20260930,e4c700d84b58e1a0036364c7ee803a505936c468eabe5d2f5bbff8b519af0ba6,52cea7e9fec4eda2f5949f044410a49a2e616bde,False,build/limits/all-s20260930/runs/52cea7e9fec4-e4c700d84b58,limits_rtl_logs_52cea7e9fec4-e4c700d84b58.tar.xz,1761d1d381183345c544cba3a63a8d9668e15c0ccae69af42473350bf27ab1cf
2026-09-29T20:22:59+00:00,52cea7e9fec4eda2f5949f044410a49a2e616bde,False,2023.1,,,limits,F_K_16384_oc9,,rtl_sim,,1,F_K_16384_oc9,K,16384,refuse,refuse,,True,1024,1024,,False,True,verilator 5.028 + xsim v2023.1,,same with OC=9: 2 OC tiles x 16384 -> WGT_END=32767 -> rule 4,True,True,,,refuse,refuse,limit_cases_fields,1024x4x4-k4x4->9raw,1,3,3,,-,0,,,,20260930,e4c700d84b58e1a0036364c7ee803a505936c468eabe5d2f5bbff8b519af0ba6,52cea7e9fec4eda2f5949f044410a49a2e616bde,False,build/limits/all-s20260930/runs/52cea7e9fec4-e4c700d84b58,limits_rtl_logs_52cea7e9fec4-e4c700d84b58.tar.xz,1761d1d381183345c544cba3a63a8d9668e15c0ccae69af42473350bf27ab1cf
2026-09-29T20:22:59+00:00,52cea7e9fec4eda2f5949f044410a49a2e616bde,False,2023.1,,,limits,F_OC_256,,rtl_sim,,1,F_OC_256,OC,256,exact,exact,True,True,0,0,True,True,True,verilator 5.028 + xsim v2023.1,0,"FC 8 -> 256: 32 OC tiles, QP_END=255, OUT_END=255 (OC bounded by QP_END)",True,True,,0,exact,exact,limit_cases_fields,8x1x1-k1x1->256,1,288,288,285,285,0,0,,,20260930,e4c700d84b58e1a0036364c7ee803a505936c468eabe5d2f5bbff8b519af0ba6,52cea7e9fec4eda2f5949f044410a49a2e616bde,False,build/limits/all-s20260930/runs/52cea7e9fec4-e4c700d84b58,limits_rtl_logs_52cea7e9fec4-e4c700d84b58.tar.xz,1761d1d381183345c544cba3a63a8d9668e15c0ccae69af42473350bf27ab1cf
2026-09-29T20:22:59+00:00,52cea7e9fec4eda2f5949f044410a49a2e616bde,False,2023.1,,,limits,F_OC_257,,rtl_sim,,1,F_OC_257,OC,257,refuse,refuse,,True,1792,1792,,False,True,verilator 5.028 + xsim v2023.1,,FC 8 -> 257 -> QP_END=256 -> rule 7,True,True,,,refuse,refuse,limit_cases_fields,8x1x1-k1x1->257,1,3,3,,-,0,,,,20260930,e4c700d84b58e1a0036364c7ee803a505936c468eabe5d2f5bbff8b519af0ba6,52cea7e9fec4eda2f5949f044410a49a2e616bde,False,build/limits/all-s20260930/runs/52cea7e9fec4-e4c700d84b58,limits_rtl_logs_52cea7e9fec4-e4c700d84b58.tar.xz,1761d1d381183345c544cba3a63a8d9668e15c0ccae69af42473350bf27ab1cf
2026-09-29T20:22:59+00:00,52cea7e9fec4eda2f5949f044410a49a2e616bde,False,2023.1,,,limits,F_IH_4096,,rtl_sim,,1,F_IH_4096,IH,4096,exact,exact,True,True,0,0,True,True,True,verilator 5.028 + xsim v2023.1,0,"1x4096x8 k1x8 -> 1: 4096 output rows (oy/out_row 16-bit), IN_END=OUT_END=4095, T*K=32768",True,True,,0,exact,exact,limit_cases_fields,1x4096x8-k1x8->1,1,32800,32800,32797,32797,0,0,,,20260930,e4c700d84b58e1a0036364c7ee803a505936c468eabe5d2f5bbff8b519af0ba6,52cea7e9fec4eda2f5949f044410a49a2e616bde,False,build/limits/all-s20260930/runs/52cea7e9fec4-e4c700d84b58,limits_rtl_logs_52cea7e9fec4-e4c700d84b58.tar.xz,1761d1d381183345c544cba3a63a8d9668e15c0ccae69af42473350bf27ab1cf
2026-09-29T20:22:59+00:00,52cea7e9fec4eda2f5949f044410a49a2e616bde,False,2023.1,,,limits,F_IH_4097,,rtl_sim,,1,F_IH_4097,IH,4097,refuse,refuse,,True,1280,1280,,False,True,verilator 5.028 + xsim v2023.1,,IH=4097 -> IN_END=4096 -> rule 5,True,True,,,refuse,refuse,limit_cases_fields,1x4097x8-k1x8->1,1,3,3,,-,0,,,,20260930,e4c700d84b58e1a0036364c7ee803a505936c468eabe5d2f5bbff8b519af0ba6,52cea7e9fec4eda2f5949f044410a49a2e616bde,False,build/limits/all-s20260930/runs/52cea7e9fec4-e4c700d84b58,limits_rtl_logs_52cea7e9fec4-e4c700d84b58.tar.xz,1761d1d381183345c544cba3a63a8d9668e15c0ccae69af42473350bf27ab1cf
2026-09-29T20:22:59+00:00,52cea7e9fec4eda2f5949f044410a49a2e616bde,False,2023.1,,,limits,F_IW_32768,,rtl_sim,,1,F_IW_32768,IW,32768,exact,exact,True,True,0,0,True,True,True,verilator 5.028 + xsim v2023.1,0,"1x1x32768 k1x8 -> 1: OW=32761, 4096 x tiles, IN_END=OUT_END=4095; rotator over-read reaches word 4096 and wraps to 0 (masked rows only)",True,True,,0,exact,exact,limit_cases_fields,1x1x32768-k1x8->1,1,32800,32800,32797,32797,0,0,,,20260930,e4c700d84b58e1a0036364c7ee803a505936c468eabe5d2f5bbff8b519af0ba6,52cea7e9fec4eda2f5949f044410a49a2e616bde,False,build/limits/all-s20260930/runs/52cea7e9fec4-e4c700d84b58,limits_rtl_logs_52cea7e9fec4-e4c700d84b58.tar.xz,1761d1d381183345c544cba3a63a8d9668e15c0ccae69af42473350bf27ab1cf
2026-09-29T20:22:59+00:00,52cea7e9fec4eda2f5949f044410a49a2e616bde,False,2023.1,,,limits,F_IW_32776,,rtl_sim,,1,F_IW_32776,IW,32776,refuse,refuse,,True,1280,1280,,False,True,verilator 5.028 + xsim v2023.1,,IW=32776 -> IN_WPR=4097 -> IN_END=4096 -> rule 5,True,True,,,refuse,refuse,limit_cases_fields,1x1x32776-k1x8->1,1,3,3,,-,0,,,,20260930,e4c700d84b58e1a0036364c7ee803a505936c468eabe5d2f5bbff8b519af0ba6,52cea7e9fec4eda2f5949f044410a49a2e616bde,False,build/limits/all-s20260930/runs/52cea7e9fec4-e4c700d84b58,limits_rtl_logs_52cea7e9fec4-e4c700d84b58.tar.xz,1761d1d381183345c544cba3a63a8d9668e15c0ccae69af42473350bf27ab1cf
2026-09-29T20:22:59+00:00,52cea7e9fec4eda2f5949f044410a49a2e616bde,False,2023.1,,,limits,F_KH_255,,rtl_sim,,1,F_KH_255,KH,255,exact,exact,True,True,0,0,True,True,True,verilator 5.028 + xsim v2023.1,0,"1x255x8 k255x1 -> 8: KH at the 8-bit field maximum, OH=1, K=255",True,True,,0,exact,exact,limit_cases_fields,1x255x8-k255x1->8,1,287,287,284,284,0,0,,,20260930,e4c700d84b58e1a0036364c7ee803a505936c468eabe5d2f5bbff8b519af0ba6,52cea7e9fec4eda2f5949f044410a49a2e616bde,False,build/limits/all-s20260930/runs/52cea7e9fec4-e4c700d84b58,limits_rtl_logs_52cea7e9fec4-e4c700d84b58.tar.xz,1761d1d381183345c544cba3a63a8d9668e15c0ccae69af42473350bf27ab1cf
2026-09-29T20:22:59+00:00,52cea7e9fec4eda2f5949f044410a49a2e616bde,False,2023.1,,,limits,F_bases_top,,rtl_sim,,1,F_bases_top,WGT_BASE,16312,exact,exact,True,True,0,0,True,True,True,verilator 5.028 + xsim v2023.1,0,"k3x3 4->12 (2 OC tiles, K=36): WGT_BASE=16312 (WGT_END=16383), QP_BASE=244 (QP_END=255); masked OC-tail QPARAM reads wrap past 255",True,True,,0,exact,exact,limit_cases_fields,4x6x10-k3x3->12,1,320,320,317,317,0,0,,,20260930,e4c700d84b58e1a0036364c7ee803a505936c468eabe5d2f5bbff8b519af0ba6,52cea7e9fec4eda2f5949f044410a49a2e616bde,False,build/limits/all-s20260930/runs/52cea7e9fec4-e4c700d84b58,limits_rtl_logs_52cea7e9fec4-e4c700d84b58.tar.xz,1761d1d381183345c544cba3a63a8d9668e15c0ccae69af42473350bf27ab1cf
2026-09-29T20:22:59+00:00,52cea7e9fec4eda2f5949f044410a49a2e616bde,False,2023.1,,,limits,F_OH_over,,rtl_sim,,1,F_OH_over,OH,7,mismatch,mismatch,False,False,0,0,False,True,True,verilator 5.028 + xsim v2023.1,14,intended OH=6; OH patched to 7 (<= IH): an extra output row reads past the channel plane and is written over row 0 of the next output channel,False,False,"out_sig,n_bad",13,mismatch,mismatch,limit_cases_fields,2x8x12-k3x3->8,1,248,284,245,281,0,,tile model raised AssertionError: an ACT byte is written twice in one layer,outputs; cycles: rtl 284 model 248,20260930,e4c700d84b58e1a0036364c7ee803a505936c468eabe5d2f5bbff8b519af0ba6,52cea7e9fec4eda2f5949f044410a49a2e616bde,False,build/limits/all-s20260930/runs/52cea7e9fec4-e4c700d84b58,limits_rtl_logs_52cea7e9fec4-e4c700d84b58.tar.xz,1761d1d381183345c544cba3a63a8d9668e15c0ccae69af42473350bf27ab1cf
2026-09-29T20:22:59+00:00,52cea7e9fec4eda2f5949f044410a49a2e616bde,False,2023.1,,,limits,F_OW_over,,rtl_sim,,1,F_OW_over,OW,17,mismatch,mismatch,False,False,0,0,False,True,True,verilator 5.028 + xsim v2023.1,5,"intended OW=16 (2 tiles); OW=17, OW_TILES=3 patched (<= IW): x=16 is written to word 0 of the next output row",True,True,,5,mismatch,mismatch,limit_cases_fields,1x4x18-k3x3->8,1,68,86,65,83,0,,tile model raised AssertionError: an ACT byte is written twice in one layer,outputs; cycles: rtl 86 model 68,20260930,e4c700d84b58e1a0036364c7ee803a505936c468eabe5d2f5bbff8b519af0ba6,52cea7e9fec4eda2f5949f044410a49a2e616bde,False,build/limits/all-s20260930/runs/52cea7e9fec4-e4c700d84b58,limits_rtl_logs_52cea7e9fec4-e4c700d84b58.tar.xz,1761d1d381183345c544cba3a63a8d9668e15c0ccae69af42473350bf27ab1cf
2026-09-29T20:23:00+00:00,52cea7e9fec4eda2f5949f044410a49a2e616bde,False,2023.1,,,limits,F_K_field_oc8,,rtl_sim,,1,F_K_field_oc8,K,100,exact,exact,True,True,0,0,True,True,True,verilator 5.028 + xsim v2023.1,0,"K=27 layer, K field patched to 100 with 1 OC tile: the K field is only the WGT step between OC tiles (and rule 3), so nothing changes",True,True,,0,exact,exact,limit_cases_fields,3x6x10-k3x3->8,1,140,140,137,137,0,0,,,20260930,e4c700d84b58e1a0036364c7ee803a505936c468eabe5d2f5bbff8b519af0ba6,52cea7e9fec4eda2f5949f044410a49a2e616bde,False,build/limits/all-s20260930/runs/52cea7e9fec4-e4c700d84b58,limits_rtl_logs_52cea7e9fec4-e4c700d84b58.tar.xz,1761d1d381183345c544cba3a63a8d9668e15c0ccae69af42473350bf27ab1cf
2026-09-29T20:23:00+00:00,52cea7e9fec4eda2f5949f044410a49a2e616bde,False,2023.1,,,limits,F_K_field_oc16,,rtl_sim,,1,F_K_field_oc16,K,100,mismatch,mismatch,False,True,0,0,False,True,True,verilator 5.028 + xsim v2023.1,30,same with 2 OC tiles: OC tile 1 reads weights at WGT_BASE+100 instead of +27,False,False,"out_sig,n_bad",31,mismatch,mismatch,limit_cases_fields,3x6x10-k3x3->16,1,248,248,245,245,0,30,30/64 words differ,outputs,20260930,e4c700d84b58e1a0036364c7ee803a505936c468eabe5d2f5bbff8b519af0ba6,52cea7e9fec4eda2f5949f044410a49a2e616bde,False,build/limits/all-s20260930/runs/52cea7e9fec4-e4c700d84b58,limits_rtl_logs_52cea7e9fec4-e4c700d84b58.tar.xz,1761d1d381183345c544cba3a63a8d9668e15c0ccae69af42473350bf27ab1cf
2026-09-29T20:23:00+00:00,52cea7e9fec4eda2f5949f044410a49a2e616bde,False,2023.1,,,limits,F_K_real_4,,rtl_sim,,1,F_K_real_4,K,8,mismatch,timeout,False,False,0,0,True,True,True,verilator 5.028 + xsim v2023.1,36,"real IC*KH*KW=4 (< 8, rule 3 would refuse), K field patched to 8: the checker accepts, tiles are 4 cycles apart < the 8-cycle drain -> array overrun (err_flags[4])",False,False,out_sig,36,timeout,timeout,limit_cases_fields,1x6x12-k2x2->8,1,72,0,69,0,1,0,,status: done=0 error=0 code=0 timeout=True; outputs; cycles: rtl 0 model 72,20260930,e4c700d84b58e1a0036364c7ee803a505936c468eabe5d2f5bbff8b519af0ba6,52cea7e9fec4eda2f5949f044410a49a2e616bde,False,build/limits/all-s20260930/runs/52cea7e9fec4-e4c700d84b58,limits_rtl_logs_52cea7e9fec4-e4c700d84b58.tar.xz,1761d1d381183345c544cba3a63a8d9668e15c0ccae69af42473350bf27ab1cf
2026-09-29T20:23:00+00:00,52cea7e9fec4eda2f5949f044410a49a2e616bde,False,2023.1,,,limits,F_IN_END_0,,rtl_sim,,1,F_IN_END_0,IN_END,0,exact,exact,True,True,0,0,True,True,True,verilator 5.028 + xsim v2023.1,0,"IN_END patched to 0: END fields feed only the checker bounds (rules 4-7), so the bound holds only if the host keeps END consistent",True,True,,0,exact,exact,limit_cases_fields,2x8x12-k3x3->8,1,248,248,245,245,0,0,,,20260930,e4c700d84b58e1a0036364c7ee803a505936c468eabe5d2f5bbff8b519af0ba6,52cea7e9fec4eda2f5949f044410a49a2e616bde,False,build/limits/all-s20260930/runs/52cea7e9fec4-e4c700d84b58,limits_rtl_logs_52cea7e9fec4-e4c700d84b58.tar.xz,1761d1d381183345c544cba3a63a8d9668e15c0ccae69af42473350bf27ab1cf
2026-09-29T20:23:00+00:00,52cea7e9fec4eda2f5949f044410a49a2e616bde,False,2023.1,,,limits,F_WGT_END_0,,rtl_sim,,1,F_WGT_END_0,WGT_END,0,exact,exact,True,True,0,0,True,True,True,verilator 5.028 + xsim v2023.1,0,WGT_END patched to 0 (< WGT_BASE): not used by the datapath,True,True,,0,exact,exact,limit_cases_fields,2x8x12-k3x3->8,1,248,248,245,245,0,0,,,20260930,e4c700d84b58e1a0036364c7ee803a505936c468eabe5d2f5bbff8b519af0ba6,52cea7e9fec4eda2f5949f044410a49a2e616bde,False,build/limits/all-s20260930/runs/52cea7e9fec4-e4c700d84b58,limits_rtl_logs_52cea7e9fec4-e4c700d84b58.tar.xz,1761d1d381183345c544cba3a63a8d9668e15c0ccae69af42473350bf27ab1cf
2026-09-29T20:23:00+00:00,52cea7e9fec4eda2f5949f044410a49a2e616bde,False,2023.1,,,limits,F_IH_field_ignored,,rtl_sim,,1,F_IH_field_ignored,IH,11,exact,exact,True,True,0,0,True,True,True,verilator 5.028 + xsim v2023.1,0,IH patched 8 -> 11: IH/IW are used only by rules 10/11/25/26 (addresses come from IN_WPR/IN_PLANE),True,True,,0,exact,exact,limit_cases_fields,2x8x12-k3x3->8,1,248,248,245,245,0,0,,,20260930,e4c700d84b58e1a0036364c7ee803a505936c468eabe5d2f5bbff8b519af0ba6,52cea7e9fec4eda2f5949f044410a49a2e616bde,False,build/limits/all-s20260930/runs/52cea7e9fec4-e4c700d84b58,limits_rtl_logs_52cea7e9fec4-e4c700d84b58.tar.xz,1761d1d381183345c544cba3a63a8d9668e15c0ccae69af42473350bf27ab1cf
2026-09-29T20:23:00+00:00,52cea7e9fec4eda2f5949f044410a49a2e616bde,False,2023.1,,,limits,F_OUT_W_field_ignored,,rtl_sim,,1,F_OUT_W_field_ignored,OUT_W,3,exact,exact,True,True,0,0,True,True,True,verilator 5.028 + xsim v2023.1,0,OUT_W patched 10 -> 3: OUT_W is used only by rule 21,True,True,,0,exact,exact,limit_cases_fields,2x8x12-k3x3->8,1,248,248,245,245,0,0,,,20260930,e4c700d84b58e1a0036364c7ee803a505936c468eabe5d2f5bbff8b519af0ba6,52cea7e9fec4eda2f5949f044410a49a2e616bde,False,build/limits/all-s20260930/runs/52cea7e9fec4-e4c700d84b58,limits_rtl_logs_52cea7e9fec4-e4c700d84b58.tar.xz,1761d1d381183345c544cba3a63a8d9668e15c0ccae69af42473350bf27ab1cf
2026-09-29T20:23:00+00:00,52cea7e9fec4eda2f5949f044410a49a2e616bde,False,2023.1,,,limits,F_w2_reserved,,rtl_sim,,1,F_w2_reserved,reserved_w2,65535,exact,exact,True,True,0,0,True,True,True,verilator 5.028 + xsim v2023.1,0,w2[31:16] = 0xFFFF,True,True,,0,exact,exact,limit_cases_fields,2x8x12-k3x3->8,1,248,248,245,245,0,0,,,20260930,e4c700d84b58e1a0036364c7ee803a505936c468eabe5d2f5bbff8b519af0ba6,52cea7e9fec4eda2f5949f044410a49a2e616bde,False,build/limits/all-s20260930/runs/52cea7e9fec4-e4c700d84b58,limits_rtl_logs_52cea7e9fec4-e4c700d84b58.tar.xz,1761d1d381183345c544cba3a63a8d9668e15c0ccae69af42473350bf27ab1cf
2026-09-29T20:23:00+00:00,52cea7e9fec4eda2f5949f044410a49a2e616bde,False,2023.1,,,limits,F_w6_reserved,,rtl_sim,,1,F_w6_reserved,reserved_w6,268435455,exact,exact,True,True,0,0,True,True,True,verilator 5.028 + xsim v2023.1,0,"w6[31:4] all ones (flags relu_en=1, in_sel=0 kept)",True,True,,0,exact,exact,limit_cases_fields,2x8x12-k3x3->8,1,248,248,245,245,0,0,,,20260930,e4c700d84b58e1a0036364c7ee803a505936c468eabe5d2f5bbff8b519af0ba6,52cea7e9fec4eda2f5949f044410a49a2e616bde,False,build/limits/all-s20260930/runs/52cea7e9fec4-e4c700d84b58,limits_rtl_logs_52cea7e9fec4-e4c700d84b58.tar.xz,1761d1d381183345c544cba3a63a8d9668e15c0ccae69af42473350bf27ab1cf
2026-09-29T20:23:00+00:00,52cea7e9fec4eda2f5949f044410a49a2e616bde,False,2023.1,,,limits,F_in_sel_same,,rtl_sim,,1,F_in_sel_same,in_sel,0,mismatch,mismatch,False,True,0,0,False,True,True,verilator 5.028 + xsim v2023.1,20,"2-layer chain with in_sel = [0, 0]: layer 1 reads ACT0 (the input image) instead of layer 0's output in ACT1",False,False,out_sig,20,mismatch,mismatch,limit_cases_fields,2x8x12-k3x3->8;8x6x10-k3x3->5,2,565,565,"245,317","245,317",0,20,20/20 words differ,outputs,20260930,e4c700d84b58e1a0036364c7ee803a505936c468eabe5d2f5bbff8b519af0ba6,52cea7e9fec4eda2f5949f044410a49a2e616bde,False,build/limits/all-s20260930/runs/52cea7e9fec4-e4c700d84b58,limits_rtl_logs_52cea7e9fec4-e4c700d84b58.tar.xz,1761d1d381183345c544cba3a63a8d9668e15c0ccae69af42473350bf27ab1cf
2026-09-29T20:23:00+00:00,52cea7e9fec4eda2f5949f044410a49a2e616bde,False,2023.1,,,limits,F_raw_OH2,,rtl_sim,,1,F_raw_OH2,out_raw,1,mismatch,mismatch,False,True,0,0,False,True,True,verilator 5.028 + xsim v2023.1,4,out_raw with OH=2: LOGIT[oc] is written by every tile (row 0); the oy=1 tile overwrites oy=0,True,True,,4,mismatch,mismatch,limit_cases_fields,8x2x1-k1x1->4raw,1,48,48,45,45,0,,"tile model raised ValueError: out_raw is defined only for a 1x1 output without pool/relu (OH=2, OW=1, pool=0, relu=0)",outputs,20260930,e4c700d84b58e1a0036364c7ee803a505936c468eabe5d2f5bbff8b519af0ba6,52cea7e9fec4eda2f5949f044410a49a2e616bde,False,build/limits/all-s20260930/runs/52cea7e9fec4-e4c700d84b58,limits_rtl_logs_52cea7e9fec4-e4c700d84b58.tar.xz,1761d1d381183345c544cba3a63a8d9668e15c0ccae69af42473350bf27ab1cf
2026-09-29T20:23:00+00:00,52cea7e9fec4eda2f5949f044410a49a2e616bde,False,2023.1,,,limits,F_raw_OW2,,rtl_sim,,1,F_raw_OW2,out_raw,1,exact,exact,True,True,0,0,False,True,True,verilator 5.028 + xsim v2023.1,0,"out_raw with OW=2 (one x tile): LOGIT = row 0 = ox 0, which is what the harness compares; ox=1 is silently dropped",True,True,,0,exact,exact,limit_cases_fields,8x1x2-k1x1->4raw,1,40,40,37,37,0,,"tile model raised ValueError: out_raw is defined only for a 1x1 output without pool/relu (OH=1, OW=2, pool=0, relu=0)",,20260930,e4c700d84b58e1a0036364c7ee803a505936c468eabe5d2f5bbff8b519af0ba6,52cea7e9fec4eda2f5949f044410a49a2e616bde,False,build/limits/all-s20260930/runs/52cea7e9fec4-e4c700d84b58,limits_rtl_logs_52cea7e9fec4-e4c700d84b58.tar.xz,1761d1d381183345c544cba3a63a8d9668e15c0ccae69af42473350bf27ab1cf
2026-09-29T20:23:00+00:00,52cea7e9fec4eda2f5949f044410a49a2e616bde,False,2023.1,,,limits,F_raw_OW9,,rtl_sim,,1,F_raw_OW9,out_raw,1,mismatch,mismatch,False,True,0,0,False,True,True,verilator 5.028 + xsim v2023.1,4,out_raw with OW=9 (2 x tiles): LOGIT = row 0 of the last tile = ox 8,True,True,,4,mismatch,mismatch,limit_cases_fields,8x1x9-k1x1->4raw,1,48,48,45,45,0,,"tile model raised ValueError: out_raw is defined only for a 1x1 output without pool/relu (OH=1, OW=9, pool=0, relu=0)",outputs,20260930,e4c700d84b58e1a0036364c7ee803a505936c468eabe5d2f5bbff8b519af0ba6,52cea7e9fec4eda2f5949f044410a49a2e616bde,False,build/limits/all-s20260930/runs/52cea7e9fec4-e4c700d84b58,limits_rtl_logs_52cea7e9fec4-e4c700d84b58.tar.xz,1761d1d381183345c544cba3a63a8d9668e15c0ccae69af42473350bf27ab1cf
2026-09-29T20:23:00+00:00,52cea7e9fec4eda2f5949f044410a49a2e616bde,False,2023.1,,,limits,F_raw_relu,,rtl_sim,,1,F_raw_relu,relu_en,1,exact,exact,True,True,0,0,False,True,True,verilator 5.028 + xsim v2023.1,0,"out_raw with relu_en=1: LOGIT takes v_raw, independent of relu_en (gos_requant.sv)",True,True,,0,exact,exact,limit_cases_fields,8x1x1-k1x1->12raw,1,48,48,45,45,0,,"tile model raised ValueError: out_raw is defined only for a 1x1 output without pool/relu (OH=1, OW=1, pool=0, relu=1)",,20260930,e4c700d84b58e1a0036364c7ee803a505936c468eabe5d2f5bbff8b519af0ba6,52cea7e9fec4eda2f5949f044410a49a2e616bde,False,build/limits/all-s20260930/runs/52cea7e9fec4-e4c700d84b58,limits_rtl_logs_52cea7e9fec4-e4c700d84b58.tar.xz,1761d1d381183345c544cba3a63a8d9668e15c0ccae69af42473350bf27ab1cf
2026-09-29T20:23:00+00:00,52cea7e9fec4eda2f5949f044410a49a2e616bde,False,2023.1,,,limits,F_raw_pool,,rtl_sim,,1,F_raw_pool,pool_en,1,mismatch,mismatch,False,True,0,0,False,True,True,verilator 5.028 + xsim v2023.1,4,"out_raw with pool_en=1 (OUT 1x1 patched): both dy tiles write LOGIT; the dy=1 one (oy=1, ox=0) wins",True,True,,4,mismatch,mismatch,limit_cases_fields,8x2x2-k1x1->4raw,1,48,48,45,45,0,,"tile model raised ValueError: out_raw is defined only for a 1x1 output without pool/relu (OH=2, OW=2, pool=1, relu=0)",outputs,20260930,e4c700d84b58e1a0036364c7ee803a505936c468eabe5d2f5bbff8b519af0ba6,52cea7e9fec4eda2f5949f044410a49a2e616bde,False,build/limits/all-s20260930/runs/52cea7e9fec4-e4c700d84b58,limits_rtl_logs_52cea7e9fec4-e4c700d84b58.tar.xz,1761d1d381183345c544cba3a63a8d9668e15c0ccae69af42473350bf27ab1cf
2026-09-29T20:23:00+00:00,52cea7e9fec4eda2f5949f044410a49a2e616bde,False,2023.1,,,limits,KW08_conv_a,,rtl_sim,,1,KW08_conv_a,KW,8,exact,exact,True,True,0,0,True,True,True,verilator 5.028 + xsim v2023.1,0,"1 layer 2x6x37 k3x8 -> 5, OW=30 (4 tiles, OW%8=6), no pool",True,True,,0,exact,exact,limit_cases_kw,2x6x37-k3x8->5,1,800,800,797,797,0,0,,,20260930,e4c700d84b58e1a0036364c7ee803a505936c468eabe5d2f5bbff8b519af0ba6,52cea7e9fec4eda2f5949f044410a49a2e616bde,False,build/limits/all-s20260930/runs/52cea7e9fec4-e4c700d84b58,limits_rtl_logs_52cea7e9fec4-e4c700d84b58.tar.xz,1761d1d381183345c544cba3a63a8d9668e15c0ccae69af42473350bf27ab1cf
2026-09-29T20:23:00+00:00,52cea7e9fec4eda2f5949f044410a49a2e616bde,False,2023.1,,,limits,KW08_pool_b,,rtl_sim,,1,KW08_pool_b,KW,8,exact,exact,True,True,0,0,True,True,True,verilator 5.028 + xsim v2023.1,0,"1 layer 3x7x27 k2x8 -> 9, OH=6 OW=20 (3 tiles, OW%8=4), 2x2 pool",True,True,,0,exact,exact,limit_cases_kw,3x7x27-k2x8->9p,1,1760,1760,1757,1757,0,0,,,20260930,e4c700d84b58e1a0036364c7ee803a505936c468eabe5d2f5bbff8b519af0ba6,52cea7e9fec4eda2f5949f044410a49a2e616bde,False,build/limits/all-s20260930/runs/52cea7e9fec4-e4c700d84b58,limits_rtl_logs_52cea7e9fec4-e4c700d84b58.tar.xz,1761d1d381183345c544cba3a63a8d9668e15c0ccae69af42473350bf27ab1cf
2026-09-29T20:23:00+00:00,52cea7e9fec4eda2f5949f044410a49a2e616bde,False,2023.1,,,limits,KW08_sq_c,,rtl_sim,,1,KW08_sq_c,KW,8,exact,exact,True,True,0,0,True,True,True,verilator 5.028 + xsim v2023.1,0,"1 layer 1x10x24 k8x8 -> 12 (OC tail), OW=17 (3 tiles, OW%8=1), no ReLU",True,True,,0,exact,exact,limit_cases_kw,1x10x24-k8x8->12n,1,1184,1184,1181,1181,0,0,,,20260930,e4c700d84b58e1a0036364c7ee803a505936c468eabe5d2f5bbff8b519af0ba6,52cea7e9fec4eda2f5949f044410a49a2e616bde,False,build/limits/all-s20260930/runs/52cea7e9fec4-e4c700d84b58,limits_rtl_logs_52cea7e9fec4-e4c700d84b58.tar.xz,1761d1d381183345c544cba3a63a8d9668e15c0ccae69af42473350bf27ab1cf
2026-09-29T20:23:00+00:00,52cea7e9fec4eda2f5949f044410a49a2e616bde,False,2023.1,,,limits,KW09_conv_a,,rtl_sim,,1,KW09_conv_a,KW,9,exact,exact,True,True,0,0,True,True,True,verilator 5.028 + xsim v2023.1,0,"1 layer 2x6x38 k3x9 -> 5, OW=30 (4 tiles, OW%8=6), no pool",True,True,,0,exact,exact,limit_cases_kw,2x6x38-k3x9->5,1,896,896,893,893,0,0,,,20260930,e4c700d84b58e1a0036364c7ee803a505936c468eabe5d2f5bbff8b519af0ba6,52cea7e9fec4eda2f5949f044410a49a2e616bde,False,build/limits/all-s20260930/runs/52cea7e9fec4-e4c700d84b58,limits_rtl_logs_52cea7e9fec4-e4c700d84b58.tar.xz,1761d1d381183345c544cba3a63a8d9668e15c0ccae69af42473350bf27ab1cf
2026-09-29T20:23:00+00:00,52cea7e9fec4eda2f5949f044410a49a2e616bde,False,2023.1,,,limits,KW09_pool_b,,rtl_sim,,1,KW09_pool_b,KW,9,exact,exact,True,True,0,0,True,True,True,verilator 5.028 + xsim v2023.1,0,"1 layer 3x7x28 k2x9 -> 9, OH=6 OW=20 (3 tiles, OW%8=4), 2x2 pool",True,True,,0,exact,exact,limit_cases_kw,3x7x28-k2x9->9p,1,1976,1976,1973,1973,0,0,,,20260930,e4c700d84b58e1a0036364c7ee803a505936c468eabe5d2f5bbff8b519af0ba6,52cea7e9fec4eda2f5949f044410a49a2e616bde,False,build/limits/all-s20260930/runs/52cea7e9fec4-e4c700d84b58,limits_rtl_logs_52cea7e9fec4-e4c700d84b58.tar.xz,1761d1d381183345c544cba3a63a8d9668e15c0ccae69af42473350bf27ab1cf
2026-09-29T20:23:00+00:00,52cea7e9fec4eda2f5949f044410a49a2e616bde,False,2023.1,,,limits,KW09_sq_c,,rtl_sim,,1,KW09_sq_c,KW,9,exact,exact,True,True,0,0,True,True,True,verilator 5.028 + xsim v2023.1,0,"1 layer 1x11x25 k9x9 -> 12 (OC tail), OW=17 (3 tiles, OW%8=1), no ReLU",True,True,,0,exact,exact,limit_cases_kw,1x11x25-k9x9->12n,1,1490,1490,1487,1487,0,0,,,20260930,e4c700d84b58e1a0036364c7ee803a505936c468eabe5d2f5bbff8b519af0ba6,52cea7e9fec4eda2f5949f044410a49a2e616bde,False,build/limits/all-s20260930/runs/52cea7e9fec4-e4c700d84b58,limits_rtl_logs_52cea7e9fec4-e4c700d84b58.tar.xz,1761d1d381183345c544cba3a63a8d9668e15c0ccae69af42473350bf27ab1cf
2026-09-29T20:23:00+00:00,52cea7e9fec4eda2f5949f044410a49a2e616bde,False,2023.1,,,limits,KW10_conv_a,,rtl_sim,,1,KW10_conv_a,KW,10,mismatch,mismatch,False,True,0,0,False,True,True,verilator 5.028 + xsim v2023.1,38,"1 layer 2x6x39 k3x10 -> 5, OW=30 (4 tiles, OW%8=6), no pool",True,True,,38,mismatch,mismatch,limit_cases_kw,2x6x39-k3x10->5,1,992,992,989,989,0,38,38/80 words differ,outputs,20260930,e4c700d84b58e1a0036364c7ee803a505936c468eabe5d2f5bbff8b519af0ba6,52cea7e9fec4eda2f5949f044410a49a2e616bde,False,build/limits/all-s20260930/runs/52cea7e9fec4-e4c700d84b58,limits_rtl_logs_52cea7e9fec4-e4c700d84b58.tar.xz,1761d1d381183345c544cba3a63a8d9668e15c0ccae69af42473350bf27ab1cf
2026-09-29T20:23:00+00:00,52cea7e9fec4eda2f5949f044410a49a2e616bde,False,2023.1,,,limits,KW10_pool_b,,rtl_sim,,1,KW10_pool_b,KW,10,mismatch,mismatch,False,True,0,0,False,True,True,verilator 5.028 + xsim v2023.1,19,"1 layer 3x7x29 k2x10 -> 9, OH=6 OW=20 (3 tiles, OW%8=4), 2x2 pool",True,True,,19,mismatch,mismatch,limit_cases_kw,3x7x29-k2x10->9p,1,2192,2192,2189,2189,0,19,19/54 words differ,outputs,20260930,e4c700d84b58e1a0036364c7ee803a505936c468eabe5d2f5bbff8b519af0ba6,52cea7e9fec4eda2f5949f044410a49a2e616bde,False,build/limits/all-s20260930/runs/52cea7e9fec4-e4c700d84b58,limits_rtl_logs_52cea7e9fec4-e4c700d84b58.tar.xz,1761d1d381183345c544cba3a63a8d9668e15c0ccae69af42473350bf27ab1cf
2026-09-29T20:23:00+00:00,52cea7e9fec4eda2f5949f044410a49a2e616bde,False,2023.1,,,limits,KW10_sq_c,,rtl_sim,,1,KW10_sq_c,KW,10,mismatch,mismatch,False,True,0,0,False,True,True,verilator 5.028 + xsim v2023.1,72,"1 layer 1x12x26 k10x10 -> 12 (OC tail), OW=17 (3 tiles, OW%8=1), no ReLU",True,True,,72,mismatch,mismatch,limit_cases_kw,1x12x26-k10x10->12n,1,1832,1832,1829,1829,0,72,72/108 words differ,outputs,20260930,e4c700d84b58e1a0036364c7ee803a505936c468eabe5d2f5bbff8b519af0ba6,52cea7e9fec4eda2f5949f044410a49a2e616bde,False,build/limits/all-s20260930/runs/52cea7e9fec4-e4c700d84b58,limits_rtl_logs_52cea7e9fec4-e4c700d84b58.tar.xz,1761d1d381183345c544cba3a63a8d9668e15c0ccae69af42473350bf27ab1cf
2026-09-29T20:23:00+00:00,52cea7e9fec4eda2f5949f044410a49a2e616bde,False,2023.1,,,limits,KW09_chain2,,rtl_sim,,1,KW09_chain2,KW,9,exact,exact,True,True,0,0,True,True,True,verilator 5.028 + xsim v2023.1,0,"2 layers: 2x8x30 k3x9 -> 8 pool (8x3x11), then k2x9 -> 6 (OW=3)",True,True,,0,exact,exact,limit_cases_kw,2x8x30-k3x9->8p;8x3x11-k2x9->6,2,1321,1321,"1001,317","1001,317",0,0,,,20260930,e4c700d84b58e1a0036364c7ee803a505936c468eabe5d2f5bbff8b519af0ba6,52cea7e9fec4eda2f5949f044410a49a2e616bde,False,build/limits/all-s20260930/runs/52cea7e9fec4-e4c700d84b58,limits_rtl_logs_52cea7e9fec4-e4c700d84b58.tar.xz,1761d1d381183345c544cba3a63a8d9668e15c0ccae69af42473350bf27ab1cf
2026-09-29T20:23:00+00:00,52cea7e9fec4eda2f5949f044410a49a2e616bde,False,2023.1,,,limits,KW09_raw_head,,rtl_sim,,1,KW09_raw_head,KW,9,exact,exact,True,True,0,0,True,True,True,verilator 5.028 + xsim v2023.1,0,1 layer out_raw: 2x9x9 k9x9 -> LOGIT[10],True,True,,0,exact,exact,limit_cases_kw,2x9x9-k9x9->10raw,1,356,356,353,353,0,0,,,20260930,e4c700d84b58e1a0036364c7ee803a505936c468eabe5d2f5bbff8b519af0ba6,52cea7e9fec4eda2f5949f044410a49a2e616bde,False,build/limits/all-s20260930/runs/52cea7e9fec4-e4c700d84b58,limits_rtl_logs_52cea7e9fec4-e4c700d84b58.tar.xz,1761d1d381183345c544cba3a63a8d9668e15c0ccae69af42473350bf27ab1cf
2026-09-29T20:23:00+00:00,52cea7e9fec4eda2f5949f044410a49a2e616bde,False,2023.1,,,limits,KW11_conv_a,,rtl_sim,,1,KW11_conv_a,KW,11,mismatch,mismatch,False,True,0,0,False,True,True,verilator 5.028 + xsim v2023.1,55,"1 layer 2x6x40 k3x11 -> 5, OW=30 (4 tiles, OW%8=6), no pool",True,True,,55,mismatch,mismatch,limit_cases_kw,2x6x40-k3x11->5,1,1088,1088,1085,1085,0,55,55/80 words differ,outputs,20260930,e4c700d84b58e1a0036364c7ee803a505936c468eabe5d2f5bbff8b519af0ba6,52cea7e9fec4eda2f5949f044410a49a2e616bde,False,build/limits/all-s20260930/runs/52cea7e9fec4-e4c700d84b58,limits_rtl_logs_52cea7e9fec4-e4c700d84b58.tar.xz,1761d1d381183345c544cba3a63a8d9668e15c0ccae69af42473350bf27ab1cf
2026-09-29T20:23:00+00:00,52cea7e9fec4eda2f5949f044410a49a2e616bde,False,2023.1,,,limits,KW12_conv_a,,rtl_sim,,1,KW12_conv_a,KW,12,mismatch,mismatch,False,True,0,0,False,True,True,verilator 5.028 + xsim v2023.1,39,"1 layer 2x6x41 k3x12 -> 5, OW=30 (4 tiles, OW%8=6), no pool",True,True,,39,mismatch,mismatch,limit_cases_kw,2x6x41-k3x12->5,1,1184,1184,1181,1181,0,39,39/80 words differ,outputs,20260930,e4c700d84b58e1a0036364c7ee803a505936c468eabe5d2f5bbff8b519af0ba6,52cea7e9fec4eda2f5949f044410a49a2e616bde,False,build/limits/all-s20260930/runs/52cea7e9fec4-e4c700d84b58,limits_rtl_logs_52cea7e9fec4-e4c700d84b58.tar.xz,1761d1d381183345c544cba3a63a8d9668e15c0ccae69af42473350bf27ab1cf
2026-09-29T20:23:00+00:00,52cea7e9fec4eda2f5949f044410a49a2e616bde,False,2023.1,,,limits,KW16_conv_a,,rtl_sim,,1,KW16_conv_a,KW,16,mismatch,mismatch,False,True,0,0,False,True,True,verilator 5.028 + xsim v2023.1,52,"1 layer 2x6x45 k3x16 -> 5, OW=30 (4 tiles, OW%8=6), no pool",True,True,,52,mismatch,mismatch,limit_cases_kw,2x6x45-k3x16->5,1,1568,1568,1565,1565,0,52,52/80 words differ,outputs,20260930,e4c700d84b58e1a0036364c7ee803a505936c468eabe5d2f5bbff8b519af0ba6,52cea7e9fec4eda2f5949f044410a49a2e616bde,False,build/limits/all-s20260930/runs/52cea7e9fec4-e4c700d84b58,limits_rtl_logs_52cea7e9fec4-e4c700d84b58.tar.xz,1761d1d381183345c544cba3a63a8d9668e15c0ccae69af42473350bf27ab1cf
2026-09-29T20:23:00+00:00,52cea7e9fec4eda2f5949f044410a49a2e616bde,False,2023.1,,,limits,KH09_kw3,,rtl_sim,,1,KH09_kw3,KH,9,exact,exact,True,True,0,0,True,True,True,verilator 5.028 + xsim v2023.1,0,"1 layer 2x12x21 k9x3 -> 5, OH=4, OW=19 (3 tiles)",True,True,,0,exact,exact,limit_cases_kw,2x12x21-k9x3->5,1,680,680,677,677,0,0,,,20260930,e4c700d84b58e1a0036364c7ee803a505936c468eabe5d2f5bbff8b519af0ba6,52cea7e9fec4eda2f5949f044410a49a2e616bde,False,build/limits/all-s20260930/runs/52cea7e9fec4-e4c700d84b58,limits_rtl_logs_52cea7e9fec4-e4c700d84b58.tar.xz,1761d1d381183345c544cba3a63a8d9668e15c0ccae69af42473350bf27ab1cf
2026-09-29T20:23:00+00:00,52cea7e9fec4eda2f5949f044410a49a2e616bde,False,2023.1,,,limits,KH09_kw1_pool,,rtl_sim,,1,KH09_kw1_pool,KH,9,exact,exact,True,True,0,0,True,True,True,verilator 5.028 + xsim v2023.1,0,"1 layer 3x14x18 k9x1 -> 9, OH=6 OW=18 (3 tiles), 2x2 pool",True,True,,0,exact,exact,limit_cases_kw,3x14x18-k9x1->9p,1,1004,1004,1001,1001,0,0,,,20260930,e4c700d84b58e1a0036364c7ee803a505936c468eabe5d2f5bbff8b519af0ba6,52cea7e9fec4eda2f5949f044410a49a2e616bde,False,build/limits/all-s20260930/runs/52cea7e9fec4-e4c700d84b58,limits_rtl_logs_52cea7e9fec4-e4c700d84b58.tar.xz,1761d1d381183345c544cba3a63a8d9668e15c0ccae69af42473350bf27ab1cf
2026-09-29T20:23:00+00:00,52cea7e9fec4eda2f5949f044410a49a2e616bde,False,2023.1,,,limits,KH10_kw2,,rtl_sim,,1,KH10_kw2,KH,10,exact,exact,True,True,0,0,True,True,True,verilator 5.028 + xsim v2023.1,0,"1 layer 2x13x20 k10x2 -> 7, OH=4, OW=19 (3 tiles)",True,True,,0,exact,exact,limit_cases_kw,2x13x20-k10x2->7,1,512,512,509,509,0,0,,,20260930,e4c700d84b58e1a0036364c7ee803a505936c468eabe5d2f5bbff8b519af0ba6,52cea7e9fec4eda2f5949f044410a49a2e616bde,False,build/limits/all-s20260930/runs/52cea7e9fec4-e4c700d84b58,limits_rtl_logs_52cea7e9fec4-e4c700d84b58.tar.xz,1761d1d381183345c544cba3a63a8d9668e15c0ccae69af42473350bf27ab1cf
2026-09-29T20:23:00+00:00,52cea7e9fec4eda2f5949f044410a49a2e616bde,False,2023.1,,,limits,KH16_kw1,,rtl_sim,,1,KH16_kw1,KH,16,exact,exact,True,True,0,0,True,True,True,verilator 5.028 + xsim v2023.1,0,"1 layer 1x20x19 k16x1 -> 6 (K=16), OH=5, OW=19, no ReLU",True,True,,0,exact,exact,limit_cases_kw,1x20x19-k16x1->6n,1,272,272,269,269,0,0,,,20260930,e4c700d84b58e1a0036364c7ee803a505936c468eabe5d2f5bbff8b519af0ba6,52cea7e9fec4eda2f5949f044410a49a2e616bde,False,build/limits/all-s20260930/runs/52cea7e9fec4-e4c700d84b58,limits_rtl_logs_52cea7e9fec4-e4c700d84b58.tar.xz,1761d1d381183345c544cba3a63a8d9668e15c0ccae69af42473350bf27ab1cf
2026-09-29T20:23:00+00:00,52cea7e9fec4eda2f5949f044410a49a2e616bde,False,2023.1,,,limits,KH16_kw3,,rtl_sim,,1,KH16_kw3,KH,16,exact,exact,True,True,0,0,True,True,True,verilator 5.028 + xsim v2023.1,0,"1 layer 2x18x21 k16x3 -> 9, OH=3, OW=19 (3 tiles)",True,True,,0,exact,exact,limit_cases_kw,2x18x21-k16x3->9,1,1760,1760,1757,1757,0,0,,,20260930,e4c700d84b58e1a0036364c7ee803a505936c468eabe5d2f5bbff8b519af0ba6,52cea7e9fec4eda2f5949f044410a49a2e616bde,False,build/limits/all-s20260930/runs/52cea7e9fec4-e4c700d84b58,limits_rtl_logs_52cea7e9fec4-e4c700d84b58.tar.xz,1761d1d381183345c544cba3a63a8d9668e15c0ccae69af42473350bf27ab1cf
