timestamp,git_commit,git_dirty,vivado_version,bitstream_sha256,board_id,net,layer,clock_mhz,source,duration_s,num_inferences,label,array_n,pe_count,IC,OC,OH,OW,K,oc_tiles,ow_tiles,T,compute_cycles,c_pipe,c_start_done,layer_cyc,speedup_vs_n8,macs_useful,util_spatial,util_temporal,util_total,drain_hidden,extra_cycles_per_added_stage,reproduces_8x8_model,c1_note,assumptions
2026-10-01T05:28:25+00:00,33cf900636ac5a01876f5c2733bf407fad8e2605,False,,,,lenet5,conv1,,model,,,"projected (model, not implemented)",8,64,1,6,28,28,25,1,4,112,2800,29,0,2829,1.0000,117600,0.656250,0.989749,0.649523,True,1,True,not EXPERIMENTS C1 (C1 = 16x16 post-implementation only),"P1 only drain length scales with N (C_PIPE(N)=C_PIPE-(L_DRAIN-1)+(N-1)); other latencies, C_START, C_DONE at 8x8 RTL values; P2 drain hidden iff K>=N (see drain_hidden); P3 memories sustain one k/cycle at N banks, capacity/BRAM not modelled; P4 N requant lanes, one channel per drain cycle; P5 pool pairs never straddle a tile (N even); no resources/fmax claimed"
2026-10-01T05:28:25+00:00,33cf900636ac5a01876f5c2733bf407fad8e2605,False,,,,lenet5,conv3,,model,,,"projected (model, not implemented)",8,64,6,16,10,10,150,2,2,40,6000,29,0,6029,1.0000,240000,0.625000,0.995190,0.621994,True,1,True,not EXPERIMENTS C1 (C1 = 16x16 post-implementation only),"P1 only drain length scales with N (C_PIPE(N)=C_PIPE-(L_DRAIN-1)+(N-1)); other latencies, C_START, C_DONE at 8x8 RTL values; P2 drain hidden iff K>=N (see drain_hidden); P3 memories sustain one k/cycle at N banks, capacity/BRAM not modelled; P4 N requant lanes, one channel per drain cycle; P5 pool pairs never straddle a tile (N even); no resources/fmax claimed"
2026-10-01T05:28:25+00:00,33cf900636ac5a01876f5c2733bf407fad8e2605,False,,,,lenet5,conv5,,model,,,"projected (model, not implemented)",8,64,16,120,1,1,400,15,1,15,6000,29,0,6029,1.0000,48000,0.125000,0.995190,0.124399,True,1,True,not EXPERIMENTS C1 (C1 = 16x16 post-implementation only),"P1 only drain length scales with N (C_PIPE(N)=C_PIPE-(L_DRAIN-1)+(N-1)); other latencies, C_START, C_DONE at 8x8 RTL values; P2 drain hidden iff K>=N (see drain_hidden); P3 memories sustain one k/cycle at N banks, capacity/BRAM not modelled; P4 N requant lanes, one channel per drain cycle; P5 pool pairs never straddle a tile (N even); no resources/fmax claimed"
2026-10-01T05:28:25+00:00,33cf900636ac5a01876f5c2733bf407fad8e2605,False,,,,lenet5,fc1,,model,,,"projected (model, not implemented)",8,64,120,84,1,1,120,11,1,11,1320,29,0,1349,1.0000,10080,0.119318,0.978503,0.116753,True,1,True,not EXPERIMENTS C1 (C1 = 16x16 post-implementation only),"P1 only drain length scales with N (C_PIPE(N)=C_PIPE-(L_DRAIN-1)+(N-1)); other latencies, C_START, C_DONE at 8x8 RTL values; P2 drain hidden iff K>=N (see drain_hidden); P3 memories sustain one k/cycle at N banks, capacity/BRAM not modelled; P4 N requant lanes, one channel per drain cycle; P5 pool pairs never straddle a tile (N even); no resources/fmax claimed"
2026-10-01T05:28:25+00:00,33cf900636ac5a01876f5c2733bf407fad8e2605,False,,,,lenet5,fc2,,model,,,"projected (model, not implemented)",8,64,84,10,1,1,84,2,1,2,168,29,0,197,1.0000,840,0.078125,0.852792,0.066624,True,1,True,not EXPERIMENTS C1 (C1 = 16x16 post-implementation only),"P1 only drain length scales with N (C_PIPE(N)=C_PIPE-(L_DRAIN-1)+(N-1)); other latencies, C_START, C_DONE at 8x8 RTL values; P2 drain hidden iff K>=N (see drain_hidden); P3 memories sustain one k/cycle at N banks, capacity/BRAM not modelled; P4 N requant lanes, one channel per drain cycle; P5 pool pairs never straddle a tile (N even); no resources/fmax claimed"
2026-10-01T05:28:25+00:00,33cf900636ac5a01876f5c2733bf407fad8e2605,False,,,,lenet5,total,,model,,,"projected (model, not implemented)",8,64,,,,,,,,180,16288,29,3,16436,1.0000,416520,0.399566,0.990995,0.395968,True,5,True,not EXPERIMENTS C1 (C1 = 16x16 post-implementation only),"P1 only drain length scales with N (C_PIPE(N)=C_PIPE-(L_DRAIN-1)+(N-1)); other latencies, C_START, C_DONE at 8x8 RTL values; P2 drain hidden iff K>=N (see drain_hidden); P3 memories sustain one k/cycle at N banks, capacity/BRAM not modelled; P4 N requant lanes, one channel per drain cycle; P5 pool pairs never straddle a tile (N even); no resources/fmax claimed"
2026-10-01T05:28:25+00:00,33cf900636ac5a01876f5c2733bf407fad8e2605,False,,,,lenet5,conv1,,model,,,"projected (model, not implemented)",16,256,1,6,28,28,25,1,2,56,1400,37,0,1437,1.9687,117600,0.328125,0.974252,0.319676,True,1,False,not EXPERIMENTS C1 (C1 = 16x16 post-implementation only),"P1 only drain length scales with N (C_PIPE(N)=C_PIPE-(L_DRAIN-1)+(N-1)); other latencies, C_START, C_DONE at 8x8 RTL values; P2 drain hidden iff K>=N (see drain_hidden); P3 memories sustain one k/cycle at N banks, capacity/BRAM not modelled; P4 N requant lanes, one channel per drain cycle; P5 pool pairs never straddle a tile (N even); no resources/fmax claimed"
2026-10-01T05:28:25+00:00,33cf900636ac5a01876f5c2733bf407fad8e2605,False,,,,lenet5,conv3,,model,,,"projected (model, not implemented)",16,256,6,16,10,10,150,1,1,10,1500,37,0,1537,3.9226,240000,0.625000,0.975927,0.609954,True,1,False,not EXPERIMENTS C1 (C1 = 16x16 post-implementation only),"P1 only drain length scales with N (C_PIPE(N)=C_PIPE-(L_DRAIN-1)+(N-1)); other latencies, C_START, C_DONE at 8x8 RTL values; P2 drain hidden iff K>=N (see drain_hidden); P3 memories sustain one k/cycle at N banks, capacity/BRAM not modelled; P4 N requant lanes, one channel per drain cycle; P5 pool pairs never straddle a tile (N even); no resources/fmax claimed"
2026-10-01T05:28:25+00:00,33cf900636ac5a01876f5c2733bf407fad8e2605,False,,,,lenet5,conv5,,model,,,"projected (model, not implemented)",16,256,16,120,1,1,400,8,1,8,3200,37,0,3237,1.8625,48000,0.058594,0.988570,0.057924,True,1,False,not EXPERIMENTS C1 (C1 = 16x16 post-implementation only),"P1 only drain length scales with N (C_PIPE(N)=C_PIPE-(L_DRAIN-1)+(N-1)); other latencies, C_START, C_DONE at 8x8 RTL values; P2 drain hidden iff K>=N (see drain_hidden); P3 memories sustain one k/cycle at N banks, capacity/BRAM not modelled; P4 N requant lanes, one channel per drain cycle; P5 pool pairs never straddle a tile (N even); no resources/fmax claimed"
2026-10-01T05:28:25+00:00,33cf900636ac5a01876f5c2733bf407fad8e2605,False,,,,lenet5,fc1,,model,,,"projected (model, not implemented)",16,256,120,84,1,1,120,6,1,6,720,37,0,757,1.7820,10080,0.054688,0.951123,0.052015,True,1,False,not EXPERIMENTS C1 (C1 = 16x16 post-implementation only),"P1 only drain length scales with N (C_PIPE(N)=C_PIPE-(L_DRAIN-1)+(N-1)); other latencies, C_START, C_DONE at 8x8 RTL values; P2 drain hidden iff K>=N (see drain_hidden); P3 memories sustain one k/cycle at N banks, capacity/BRAM not modelled; P4 N requant lanes, one channel per drain cycle; P5 pool pairs never straddle a tile (N even); no resources/fmax claimed"
2026-10-01T05:28:25+00:00,33cf900636ac5a01876f5c2733bf407fad8e2605,False,,,,lenet5,fc2,,model,,,"projected (model, not implemented)",16,256,84,10,1,1,84,1,1,1,84,37,0,121,1.6281,840,0.039062,0.694215,0.027118,True,1,False,not EXPERIMENTS C1 (C1 = 16x16 post-implementation only),"P1 only drain length scales with N (C_PIPE(N)=C_PIPE-(L_DRAIN-1)+(N-1)); other latencies, C_START, C_DONE at 8x8 RTL values; P2 drain hidden iff K>=N (see drain_hidden); P3 memories sustain one k/cycle at N banks, capacity/BRAM not modelled; P4 N requant lanes, one channel per drain cycle; P5 pool pairs never straddle a tile (N even); no resources/fmax claimed"
2026-10-01T05:28:25+00:00,33cf900636ac5a01876f5c2733bf407fad8e2605,False,,,,lenet5,total,,model,,,"projected (model, not implemented)",16,256,,,,,,,,81,6904,37,3,7092,2.3175,416520,0.235665,0.973491,0.229418,True,5,False,not EXPERIMENTS C1 (C1 = 16x16 post-implementation only),"P1 only drain length scales with N (C_PIPE(N)=C_PIPE-(L_DRAIN-1)+(N-1)); other latencies, C_START, C_DONE at 8x8 RTL values; P2 drain hidden iff K>=N (see drain_hidden); P3 memories sustain one k/cycle at N banks, capacity/BRAM not modelled; P4 N requant lanes, one channel per drain cycle; P5 pool pairs never straddle a tile (N even); no resources/fmax claimed"
2026-10-01T05:28:25+00:00,33cf900636ac5a01876f5c2733bf407fad8e2605,False,,,,cifar10,conv1,,model,,,"projected (model, not implemented)",8,64,3,32,28,28,75,4,4,448,33600,29,0,33629,1.0000,1881600,0.875000,0.999138,0.874245,True,1,True,not EXPERIMENTS C1 (C1 = 16x16 post-implementation only),"P1 only drain length scales with N (C_PIPE(N)=C_PIPE-(L_DRAIN-1)+(N-1)); other latencies, C_START, C_DONE at 8x8 RTL values; P2 drain hidden iff K>=N (see drain_hidden); P3 memories sustain one k/cycle at N banks, capacity/BRAM not modelled; P4 N requant lanes, one channel per drain cycle; P5 pool pairs never straddle a tile (N even); no resources/fmax claimed"
2026-10-01T05:28:25+00:00,33cf900636ac5a01876f5c2733bf407fad8e2605,False,,,,cifar10,conv2,,model,,,"projected (model, not implemented)",8,64,32,32,10,10,800,4,2,80,64000,29,0,64029,1.0000,2560000,0.625000,0.999547,0.624717,True,1,True,not EXPERIMENTS C1 (C1 = 16x16 post-implementation only),"P1 only drain length scales with N (C_PIPE(N)=C_PIPE-(L_DRAIN-1)+(N-1)); other latencies, C_START, C_DONE at 8x8 RTL values; P2 drain hidden iff K>=N (see drain_hidden); P3 memories sustain one k/cycle at N banks, capacity/BRAM not modelled; P4 N requant lanes, one channel per drain cycle; P5 pool pairs never straddle a tile (N even); no resources/fmax claimed"
2026-10-01T05:28:25+00:00,33cf900636ac5a01876f5c2733bf407fad8e2605,False,,,,cifar10,conv3,,model,,,"projected (model, not implemented)",8,64,32,64,1,1,800,8,1,8,6400,29,0,6429,1.0000,51200,0.125000,0.995489,0.124436,True,1,True,not EXPERIMENTS C1 (C1 = 16x16 post-implementation only),"P1 only drain length scales with N (C_PIPE(N)=C_PIPE-(L_DRAIN-1)+(N-1)); other latencies, C_START, C_DONE at 8x8 RTL values; P2 drain hidden iff K>=N (see drain_hidden); P3 memories sustain one k/cycle at N banks, capacity/BRAM not modelled; P4 N requant lanes, one channel per drain cycle; P5 pool pairs never straddle a tile (N even); no resources/fmax claimed"
2026-10-01T05:28:25+00:00,33cf900636ac5a01876f5c2733bf407fad8e2605,False,,,,cifar10,fc,,model,,,"projected (model, not implemented)",8,64,64,10,1,1,64,2,1,2,128,29,0,157,1.0000,640,0.078125,0.815287,0.063694,True,1,True,not EXPERIMENTS C1 (C1 = 16x16 post-implementation only),"P1 only drain length scales with N (C_PIPE(N)=C_PIPE-(L_DRAIN-1)+(N-1)); other latencies, C_START, C_DONE at 8x8 RTL values; P2 drain hidden iff K>=N (see drain_hidden); P3 memories sustain one k/cycle at N banks, capacity/BRAM not modelled; P4 N requant lanes, one channel per drain cycle; P5 pool pairs never straddle a tile (N even); no resources/fmax claimed"
2026-10-01T05:28:25+00:00,33cf900636ac5a01876f5c2733bf407fad8e2605,False,,,,cifar10,total,,model,,,"projected (model, not implemented)",8,64,,,,,,,,538,104128,29,3,104247,1.0000,4493440,0.674266,0.998858,0.673497,True,4,True,not EXPERIMENTS C1 (C1 = 16x16 post-implementation only),"P1 only drain length scales with N (C_PIPE(N)=C_PIPE-(L_DRAIN-1)+(N-1)); other latencies, C_START, C_DONE at 8x8 RTL values; P2 drain hidden iff K>=N (see drain_hidden); P3 memories sustain one k/cycle at N banks, capacity/BRAM not modelled; P4 N requant lanes, one channel per drain cycle; P5 pool pairs never straddle a tile (N even); no resources/fmax claimed"
2026-10-01T05:28:25+00:00,33cf900636ac5a01876f5c2733bf407fad8e2605,False,,,,cifar10,conv1,,model,,,"projected (model, not implemented)",16,256,3,32,28,28,75,2,2,112,8400,37,0,8437,3.9859,1881600,0.875000,0.995615,0.871163,True,1,False,not EXPERIMENTS C1 (C1 = 16x16 post-implementation only),"P1 only drain length scales with N (C_PIPE(N)=C_PIPE-(L_DRAIN-1)+(N-1)); other latencies, C_START, C_DONE at 8x8 RTL values; P2 drain hidden iff K>=N (see drain_hidden); P3 memories sustain one k/cycle at N banks, capacity/BRAM not modelled; P4 N requant lanes, one channel per drain cycle; P5 pool pairs never straddle a tile (N even); no resources/fmax claimed"
2026-10-01T05:28:25+00:00,33cf900636ac5a01876f5c2733bf407fad8e2605,False,,,,cifar10,conv2,,model,,,"projected (model, not implemented)",16,256,32,32,10,10,800,2,1,20,16000,37,0,16037,3.9926,2560000,0.625000,0.997693,0.623558,True,1,False,not EXPERIMENTS C1 (C1 = 16x16 post-implementation only),"P1 only drain length scales with N (C_PIPE(N)=C_PIPE-(L_DRAIN-1)+(N-1)); other latencies, C_START, C_DONE at 8x8 RTL values; P2 drain hidden iff K>=N (see drain_hidden); P3 memories sustain one k/cycle at N banks, capacity/BRAM not modelled; P4 N requant lanes, one channel per drain cycle; P5 pool pairs never straddle a tile (N even); no resources/fmax claimed"
2026-10-01T05:28:25+00:00,33cf900636ac5a01876f5c2733bf407fad8e2605,False,,,,cifar10,conv3,,model,,,"projected (model, not implemented)",16,256,32,64,1,1,800,4,1,4,3200,37,0,3237,1.9861,51200,0.062500,0.988570,0.061786,True,1,False,not EXPERIMENTS C1 (C1 = 16x16 post-implementation only),"P1 only drain length scales with N (C_PIPE(N)=C_PIPE-(L_DRAIN-1)+(N-1)); other latencies, C_START, C_DONE at 8x8 RTL values; P2 drain hidden iff K>=N (see drain_hidden); P3 memories sustain one k/cycle at N banks, capacity/BRAM not modelled; P4 N requant lanes, one channel per drain cycle; P5 pool pairs never straddle a tile (N even); no resources/fmax claimed"
2026-10-01T05:28:25+00:00,33cf900636ac5a01876f5c2733bf407fad8e2605,False,,,,cifar10,fc,,model,,,"projected (model, not implemented)",16,256,64,10,1,1,64,1,1,1,64,37,0,101,1.5545,640,0.039062,0.633663,0.024752,True,1,False,not EXPERIMENTS C1 (C1 = 16x16 post-implementation only),"P1 only drain length scales with N (C_PIPE(N)=C_PIPE-(L_DRAIN-1)+(N-1)); other latencies, C_START, C_DONE at 8x8 RTL values; P2 drain hidden iff K>=N (see drain_hidden); P3 memories sustain one k/cycle at N banks, capacity/BRAM not modelled; P4 N requant lanes, one channel per drain cycle; P5 pool pairs never straddle a tile (N even); no resources/fmax claimed"
2026-10-01T05:28:25+00:00,33cf900636ac5a01876f5c2733bf407fad8e2605,False,,,,cifar10,total,,model,,,"projected (model, not implemented)",16,256,,,,,,,,137,27664,37,3,27815,3.7479,4493440,0.634489,0.994571,0.631044,True,4,False,not EXPERIMENTS C1 (C1 = 16x16 post-implementation only),"P1 only drain length scales with N (C_PIPE(N)=C_PIPE-(L_DRAIN-1)+(N-1)); other latencies, C_START, C_DONE at 8x8 RTL values; P2 drain hidden iff K>=N (see drain_hidden); P3 memories sustain one k/cycle at N banks, capacity/BRAM not modelled; P4 N requant lanes, one channel per drain cycle; P5 pool pairs never straddle a tile (N even); no resources/fmax claimed"
