timestamp,git_commit,git_dirty,vivado_version,bitstream_sha256,board_id,net,layer,clock_mhz,source,duration_s,num_inferences,channel,B,s,m,values_checked_exact,values_checked_saturated,mismatches,first_mismatch_v,m_rne,delta_from_rne,mismatches_rne,candidates_tried,sat_seed,ref_float_vs_exact_diffs
2026-09-24T05:16:50+00:00,bd28a729ffb13bb3b0d875ba3666a1b559e56632,True,,,,cifar10,conv1,,model,1.391,,0,32,42,2359927575,484545,1000004,0,,2359927575,0,0,1,"default_rng([20260924, 0, 0, 0])",0
2026-09-24T05:16:50+00:00,bd28a729ffb13bb3b0d875ba3666a1b559e56632,True,,,,cifar10,conv1,,model,1.391,,1,32,42,2900049410,394301,1000004,0,,2900049410,0,0,1,"default_rng([20260924, 0, 0, 1])",0
2026-09-24T05:16:50+00:00,bd28a729ffb13bb3b0d875ba3666a1b559e56632,True,,,,cifar10,conv1,,model,1.391,,2,32,41,3016204081,189559,1000004,0,,3016204081,0,0,1,"default_rng([20260924, 0, 0, 2])",0
2026-09-24T05:16:50+00:00,bd28a729ffb13bb3b0d875ba3666a1b559e56632,True,,,,cifar10,conv1,,model,1.391,,3,32,43,3473306970,658445,1000004,0,,3473306970,0,0,1,"default_rng([20260924, 0, 0, 3])",0
2026-09-24T05:16:50+00:00,bd28a729ffb13bb3b0d875ba3666a1b559e56632,True,,,,cifar10,conv1,,model,1.391,,4,32,43,3187910711,717393,1000004,0,,3187910711,0,0,1,"default_rng([20260924, 0, 0, 4])",0
2026-09-24T05:16:50+00:00,bd28a729ffb13bb3b0d875ba3666a1b559e56632,True,,,,cifar10,conv1,,model,1.391,,5,32,43,2282713690,1001871,1000004,0,,2282713690,0,0,1,"default_rng([20260924, 0, 0, 5])",0
2026-09-24T05:16:50+00:00,bd28a729ffb13bb3b0d875ba3666a1b559e56632,True,,,,cifar10,conv1,,model,1.391,,6,32,42,2154662600,530705,1000004,0,,2154662600,0,0,1,"default_rng([20260924, 0, 0, 6])",0
2026-09-24T05:16:50+00:00,bd28a729ffb13bb3b0d875ba3666a1b559e56632,True,,,,cifar10,conv1,,model,1.391,,7,32,48,2308052782,2457601,0,0,,2308052782,0,0,1,"default_rng([20260924, 0, 0, 7])",0
2026-09-24T05:16:50+00:00,bd28a729ffb13bb3b0d875ba3666a1b559e56632,True,,,,cifar10,conv1,,model,1.391,,8,32,43,3369751312,678681,1000004,0,,3369751312,0,0,1,"default_rng([20260924, 0, 0, 8])",0
2026-09-24T05:16:50+00:00,bd28a729ffb13bb3b0d875ba3666a1b559e56632,True,,,,cifar10,conv1,,model,1.391,,9,32,48,2395805013,2457601,0,0,,2395805013,0,0,1,"default_rng([20260924, 0, 0, 9])",0
2026-09-24T05:16:50+00:00,bd28a729ffb13bb3b0d875ba3666a1b559e56632,True,,,,cifar10,conv1,,model,1.391,,10,32,47,3187917894,2457601,0,0,,3187917894,0,0,1,"default_rng([20260924, 0, 0, 10])",0
2026-09-24T05:16:50+00:00,bd28a729ffb13bb3b0d875ba3666a1b559e56632,True,,,,cifar10,conv1,,model,1.391,,11,32,47,2620553453,2457601,0,0,,2620553453,0,0,1,"default_rng([20260924, 0, 0, 11])",0
2026-09-24T05:16:50+00:00,bd28a729ffb13bb3b0d875ba3666a1b559e56632,True,,,,cifar10,conv1,,model,1.391,,12,32,43,3914634445,584213,1000004,0,,3914634445,0,0,1,"default_rng([20260924, 0, 0, 12])",0
2026-09-24T05:16:50+00:00,bd28a729ffb13bb3b0d875ba3666a1b559e56632,True,,,,cifar10,conv1,,model,1.391,,13,32,45,2970826602,2457601,0,0,,2970826602,0,0,1,"default_rng([20260924, 0, 0, 13])",0
2026-09-24T05:16:50+00:00,bd28a729ffb13bb3b0d875ba3666a1b559e56632,True,,,,cifar10,conv1,,model,1.391,,14,32,43,2563838499,892015,1000004,0,,2563838499,0,0,1,"default_rng([20260924, 0, 0, 14])",0
2026-09-24T05:16:50+00:00,bd28a729ffb13bb3b0d875ba3666a1b559e56632,True,,,,cifar10,conv1,,model,1.391,,15,32,44,3276552283,1395969,1000004,0,,3276552283,0,0,1,"default_rng([20260924, 0, 0, 15])",0
2026-09-24T05:16:50+00:00,bd28a729ffb13bb3b0d875ba3666a1b559e56632,True,,,,cifar10,conv1,,model,1.391,,16,32,47,2907697077,2457601,0,0,,2907697077,0,0,1,"default_rng([20260924, 0, 0, 16])",0
2026-09-24T05:16:50+00:00,bd28a729ffb13bb3b0d875ba3666a1b559e56632,True,,,,cifar10,conv1,,model,1.391,,17,32,42,2525218341,452829,1000004,0,,2525218341,0,0,1,"default_rng([20260924, 0, 0, 17])",0
2026-09-24T05:16:50+00:00,bd28a729ffb13bb3b0d875ba3666a1b559e56632,True,,,,cifar10,conv1,,model,1.391,,18,32,43,3525849450,648633,1000004,0,,3525849450,0,0,1,"default_rng([20260924, 0, 0, 18])",0
2026-09-24T05:16:50+00:00,bd28a729ffb13bb3b0d875ba3666a1b559e56632,True,,,,cifar10,conv1,,model,1.391,,19,32,42,4200932828,272199,1000004,0,,4200932828,0,0,1,"default_rng([20260924, 0, 0, 19])",0
2026-09-24T05:16:50+00:00,bd28a729ffb13bb3b0d875ba3666a1b559e56632,True,,,,cifar10,conv1,,model,1.391,,20,32,44,3493182457,1309399,1000004,0,,3493182457,0,0,1,"default_rng([20260924, 0, 0, 20])",0
2026-09-24T05:16:50+00:00,bd28a729ffb13bb3b0d875ba3666a1b559e56632,True,,,,cifar10,conv1,,model,1.391,,21,32,41,2382107217,240017,1000004,0,,2382107217,0,0,1,"default_rng([20260924, 0, 0, 21])",0
2026-09-24T05:16:50+00:00,bd28a729ffb13bb3b0d875ba3666a1b559e56632,True,,,,cifar10,conv1,,model,1.391,,22,32,41,3797244666,150569,1000004,0,,3797244666,0,0,1,"default_rng([20260924, 0, 0, 22])",0
2026-09-24T05:16:50+00:00,bd28a729ffb13bb3b0d875ba3666a1b559e56632,True,,,,cifar10,conv1,,model,1.391,,23,32,43,2386355394,958359,1000004,0,,2386355394,0,0,1,"default_rng([20260924, 0, 0, 23])",0
2026-09-24T05:16:50+00:00,bd28a729ffb13bb3b0d875ba3666a1b559e56632,True,,,,cifar10,conv1,,model,1.391,,24,32,43,3939970663,580457,1000004,0,,3939970663,0,0,1,"default_rng([20260924, 0, 0, 24])",0
2026-09-24T05:16:50+00:00,bd28a729ffb13bb3b0d875ba3666a1b559e56632,True,,,,cifar10,conv1,,model,1.391,,25,32,43,2332106776,980651,1000004,0,,2332106776,0,0,1,"default_rng([20260924, 0, 0, 25])",0
2026-09-24T05:16:50+00:00,bd28a729ffb13bb3b0d875ba3666a1b559e56632,True,,,,cifar10,conv1,,model,1.391,,26,32,43,2474119836,924363,1000004,0,,2474119836,0,0,1,"default_rng([20260924, 0, 0, 26])",0
2026-09-24T05:16:50+00:00,bd28a729ffb13bb3b0d875ba3666a1b559e56632,True,,,,cifar10,conv1,,model,1.391,,27,32,43,4125715398,554325,1000004,0,,4125715398,0,0,1,"default_rng([20260924, 0, 0, 27])",0
2026-09-24T05:16:50+00:00,bd28a729ffb13bb3b0d875ba3666a1b559e56632,True,,,,cifar10,conv1,,model,1.391,,28,32,42,3983079326,287087,1000004,0,,3983079326,0,0,1,"default_rng([20260924, 0, 0, 28])",0
2026-09-24T05:16:50+00:00,bd28a729ffb13bb3b0d875ba3666a1b559e56632,True,,,,cifar10,conv1,,model,1.391,,29,32,46,3594061618,2457601,0,0,,3594061618,0,0,1,"default_rng([20260924, 0, 0, 29])",0
2026-09-24T05:16:50+00:00,bd28a729ffb13bb3b0d875ba3666a1b559e56632,True,,,,cifar10,conv1,,model,1.391,,30,32,41,3431558103,166615,1000004,0,,3431558103,0,0,1,"default_rng([20260924, 0, 0, 30])",0
2026-09-24T05:16:50+00:00,bd28a729ffb13bb3b0d875ba3666a1b559e56632,True,,,,cifar10,conv1,,model,1.391,,31,32,41,2266238410,252289,1000004,0,,2266238410,0,0,1,"default_rng([20260924, 0, 0, 31])",0
2026-09-24T05:16:51+00:00,bd28a729ffb13bb3b0d875ba3666a1b559e56632,True,,,,cifar10,conv2,,model,1.759,,0,32,41,4066966190,140583,1000004,0,,4066966190,0,0,1,"default_rng([20260924, 0, 1, 0])",0
2026-09-24T05:16:51+00:00,bd28a729ffb13bb3b0d875ba3666a1b559e56632,True,,,,cifar10,conv2,,model,1.759,,1,32,41,3581091652,159657,1000004,0,,3581091652,0,0,1,"default_rng([20260924, 0, 1, 1])",0
2026-09-24T05:16:51+00:00,bd28a729ffb13bb3b0d875ba3666a1b559e56632,True,,,,cifar10,conv2,,model,1.759,,2,32,41,3937900728,145191,1000004,0,,3937900728,0,0,1,"default_rng([20260924, 0, 1, 2])",0
2026-09-24T05:16:51+00:00,bd28a729ffb13bb3b0d875ba3666a1b559e56632,True,,,,cifar10,conv2,,model,1.759,,3,32,40,2419758998,118141,1000004,0,,2419758998,0,0,1,"default_rng([20260924, 0, 1, 3])",0
2026-09-24T05:16:51+00:00,bd28a729ffb13bb3b0d875ba3666a1b559e56632,True,,,,cifar10,conv2,,model,1.759,,4,32,41,3813421063,149929,1000004,0,,3813421063,0,0,1,"default_rng([20260924, 0, 1, 4])",0
2026-09-24T05:16:51+00:00,bd28a729ffb13bb3b0d875ba3666a1b559e56632,True,,,,cifar10,conv2,,model,1.759,,5,32,41,3442983680,166061,1000004,0,,3442983680,0,0,1,"default_rng([20260924, 0, 1, 5])",0
2026-09-24T05:16:51+00:00,bd28a729ffb13bb3b0d875ba3666a1b559e56632,True,,,,cifar10,conv2,,model,1.759,,6,32,40,2293863290,124625,1000004,0,,2293863290,0,0,1,"default_rng([20260924, 0, 1, 6])",0
2026-09-24T05:16:51+00:00,bd28a729ffb13bb3b0d875ba3666a1b559e56632,True,,,,cifar10,conv2,,model,1.759,,7,32,41,3688042520,155027,1000004,0,,3688042520,0,0,1,"default_rng([20260924, 0, 1, 7])",0
2026-09-24T05:16:51+00:00,bd28a729ffb13bb3b0d875ba3666a1b559e56632,True,,,,cifar10,conv2,,model,1.759,,8,32,41,3637150561,157197,1000004,0,,3637150561,0,0,1,"default_rng([20260924, 0, 1, 8])",0
2026-09-24T05:16:51+00:00,bd28a729ffb13bb3b0d875ba3666a1b559e56632,True,,,,cifar10,conv2,,model,1.759,,9,32,47,3849977801,9504405,1000004,0,,3849977801,0,0,1,"default_rng([20260924, 0, 1, 9])",0
2026-09-24T05:16:51+00:00,bd28a729ffb13bb3b0d875ba3666a1b559e56632,True,,,,cifar10,conv2,,model,1.759,,10,32,41,3755508998,152241,1000004,0,,3755508998,0,0,1,"default_rng([20260924, 0, 1, 10])",0
2026-09-24T05:16:51+00:00,bd28a729ffb13bb3b0d875ba3666a1b559e56632,True,,,,cifar10,conv2,,model,1.759,,11,32,41,3358625791,170233,1000004,0,,3358625791,0,0,1,"default_rng([20260924, 0, 1, 11])",0
2026-09-24T05:16:51+00:00,bd28a729ffb13bb3b0d875ba3666a1b559e56632,True,,,,cifar10,conv2,,model,1.759,,12,32,41,4201186692,136091,1000004,0,,4201186692,0,0,1,"default_rng([20260924, 0, 1, 12])",0
2026-09-24T05:16:51+00:00,bd28a729ffb13bb3b0d875ba3666a1b559e56632,True,,,,cifar10,conv2,,model,1.759,,13,32,41,3258914692,175441,1000004,0,,3258914692,0,0,1,"default_rng([20260924, 0, 1, 13])",0
2026-09-24T05:16:51+00:00,bd28a729ffb13bb3b0d875ba3666a1b559e56632,True,,,,cifar10,conv2,,model,1.759,,14,32,40,2453717718,116507,1000004,0,,2453717718,0,0,1,"default_rng([20260924, 0, 1, 14])",0
2026-09-24T05:16:51+00:00,bd28a729ffb13bb3b0d875ba3666a1b559e56632,True,,,,cifar10,conv2,,model,1.759,,15,32,40,2587062888,110501,1000004,0,,2587062888,0,0,1,"default_rng([20260924, 0, 1, 15])",0
2026-09-24T05:16:51+00:00,bd28a729ffb13bb3b0d875ba3666a1b559e56632,True,,,,cifar10,conv2,,model,1.759,,16,32,41,2581426693,221485,1000004,0,,2581426693,0,0,1,"default_rng([20260924, 0, 1, 16])",0
2026-09-24T05:16:51+00:00,bd28a729ffb13bb3b0d875ba3666a1b559e56632,True,,,,cifar10,conv2,,model,1.759,,17,32,40,2590562276,110351,1000004,0,,2590562276,0,0,1,"default_rng([20260924, 0, 1, 17])",0
2026-09-24T05:16:51+00:00,bd28a729ffb13bb3b0d875ba3666a1b559e56632,True,,,,cifar10,conv2,,model,1.759,,18,32,40,2411597083,118541,1000004,0,,2411597083,0,0,1,"default_rng([20260924, 0, 1, 18])",0
2026-09-24T05:16:51+00:00,bd28a729ffb13bb3b0d875ba3666a1b559e56632,True,,,,cifar10,conv2,,model,1.759,,19,32,40,2540980268,112505,1000004,0,,2540980268,0,0,1,"default_rng([20260924, 0, 1, 19])",0
2026-09-24T05:16:51+00:00,bd28a729ffb13bb3b0d875ba3666a1b559e56632,True,,,,cifar10,conv2,,model,1.759,,20,32,40,2670143236,107063,1000004,0,,2670143236,0,0,1,"default_rng([20260924, 0, 1, 20])",0
2026-09-24T05:16:51+00:00,bd28a729ffb13bb3b0d875ba3666a1b559e56632,True,,,,cifar10,conv2,,model,1.759,,21,32,41,3702684661,154413,1000004,0,,3702684661,0,0,1,"default_rng([20260924, 0, 1, 21])",0
2026-09-24T05:16:51+00:00,bd28a729ffb13bb3b0d875ba3666a1b559e56632,True,,,,cifar10,conv2,,model,1.759,,22,32,41,2732945801,209205,1000004,0,,2732945801,0,0,1,"default_rng([20260924, 0, 1, 22])",0
2026-09-24T05:16:51+00:00,bd28a729ffb13bb3b0d875ba3666a1b559e56632,True,,,,cifar10,conv2,,model,1.759,,23,32,47,3495444588,10468409,1000004,0,,3495444588,0,0,1,"default_rng([20260924, 0, 1, 23])",0
2026-09-24T05:16:51+00:00,bd28a729ffb13bb3b0d875ba3666a1b559e56632,True,,,,cifar10,conv2,,model,1.759,,24,32,42,4187546196,273069,1000004,0,,4187546196,0,0,1,"default_rng([20260924, 0, 1, 24])",0
2026-09-24T05:16:51+00:00,bd28a729ffb13bb3b0d875ba3666a1b559e56632,True,,,,cifar10,conv2,,model,1.759,,25,32,41,3793518344,150717,1000004,0,,3793518344,0,0,1,"default_rng([20260924, 0, 1, 25])",0
2026-09-24T05:16:51+00:00,bd28a729ffb13bb3b0d875ba3666a1b559e56632,True,,,,cifar10,conv2,,model,1.759,,26,32,40,3041532957,93989,1000004,0,,3041532957,0,0,1,"default_rng([20260924, 0, 1, 26])",0
2026-09-24T05:16:51+00:00,bd28a729ffb13bb3b0d875ba3666a1b559e56632,True,,,,cifar10,conv2,,model,1.759,,27,32,41,3555943590,160787,1000004,0,,3555943590,0,0,1,"default_rng([20260924, 0, 1, 27])",0
2026-09-24T05:16:51+00:00,bd28a729ffb13bb3b0d875ba3666a1b559e56632,True,,,,cifar10,conv2,,model,1.759,,28,32,41,3969348132,144041,1000004,0,,3969348132,0,0,1,"default_rng([20260924, 0, 1, 28])",0
2026-09-24T05:16:51+00:00,bd28a729ffb13bb3b0d875ba3666a1b559e56632,True,,,,cifar10,conv2,,model,1.759,,29,32,41,3815569504,149845,1000004,0,,3815569504,0,0,1,"default_rng([20260924, 0, 1, 29])",0
2026-09-24T05:16:51+00:00,bd28a729ffb13bb3b0d875ba3666a1b559e56632,True,,,,cifar10,conv2,,model,1.759,,30,32,41,3441025817,166155,1000004,0,,3441025817,0,0,1,"default_rng([20260924, 0, 1, 30])",0
2026-09-24T05:16:51+00:00,bd28a729ffb13bb3b0d875ba3666a1b559e56632,True,,,,cifar10,conv2,,model,1.759,,31,32,40,2296926259,124459,1000004,0,,2296926259,0,0,1,"default_rng([20260924, 0, 1, 31])",0
2026-09-24T05:16:53+00:00,bd28a729ffb13bb3b0d875ba3666a1b559e56632,True,,,,cifar10,conv3,,model,2.373,,0,32,46,2823559779,6479719,1000004,0,,2823559779,0,0,1,"default_rng([20260924, 0, 2, 0])",0
2026-09-24T05:16:53+00:00,bd28a729ffb13bb3b0d875ba3666a1b559e56632,True,,,,cifar10,conv3,,model,2.373,,1,32,40,2707332856,105593,1000004,0,,2707332856,0,0,1,"default_rng([20260924, 0, 2, 1])",0
2026-09-24T05:16:53+00:00,bd28a729ffb13bb3b0d875ba3666a1b559e56632,True,,,,cifar10,conv3,,model,2.373,,2,32,41,3236480323,176657,1000004,0,,3236480323,0,0,1,"default_rng([20260924, 0, 2, 2])",0
2026-09-24T05:16:53+00:00,bd28a729ffb13bb3b0d875ba3666a1b559e56632,True,,,,cifar10,conv3,,model,2.373,,3,32,41,3293018945,173623,1000004,0,,3293018945,0,0,1,"default_rng([20260924, 0, 2, 3])",0
2026-09-24T05:16:53+00:00,bd28a729ffb13bb3b0d875ba3666a1b559e56632,True,,,,cifar10,conv3,,model,2.373,,4,32,41,2606633987,219343,1000004,0,,2606633987,0,0,1,"default_rng([20260924, 0, 2, 4])",0
2026-09-24T05:16:53+00:00,bd28a729ffb13bb3b0d875ba3666a1b559e56632,True,,,,cifar10,conv3,,model,2.373,,5,32,41,4008374665,142637,1000004,0,,4008374665,0,0,1,"default_rng([20260924, 0, 2, 5])",0
2026-09-24T05:16:53+00:00,bd28a729ffb13bb3b0d875ba3666a1b559e56632,True,,,,cifar10,conv3,,model,2.373,,6,32,41,3466195106,164949,1000004,0,,3466195106,0,0,1,"default_rng([20260924, 0, 2, 6])",0
2026-09-24T05:16:53+00:00,bd28a729ffb13bb3b0d875ba3666a1b559e56632,True,,,,cifar10,conv3,,model,2.373,,7,32,41,3309321159,172769,1000004,0,,3309321159,0,0,1,"default_rng([20260924, 0, 2, 7])",0
2026-09-24T05:16:53+00:00,bd28a729ffb13bb3b0d875ba3666a1b559e56632,True,,,,cifar10,conv3,,model,2.373,,8,32,40,2289638512,124855,1000004,0,,2289638512,0,0,1,"default_rng([20260924, 0, 2, 8])",0
2026-09-24T05:16:53+00:00,bd28a729ffb13bb3b0d875ba3666a1b559e56632,True,,,,cifar10,conv3,,model,2.373,,9,32,42,4240752487,269643,1000004,0,,4240752487,0,0,1,"default_rng([20260924, 0, 2, 9])",0
2026-09-24T05:16:53+00:00,bd28a729ffb13bb3b0d875ba3666a1b559e56632,True,,,,cifar10,conv3,,model,2.373,,10,32,41,3145709835,181755,1000004,0,,3145709835,0,0,1,"default_rng([20260924, 0, 2, 10])",0
2026-09-24T05:16:53+00:00,bd28a729ffb13bb3b0d875ba3666a1b559e56632,True,,,,cifar10,conv3,,model,2.373,,11,32,41,4203213592,136025,1000004,0,,4203213592,0,0,1,"default_rng([20260924, 0, 2, 11])",0
2026-09-24T05:16:53+00:00,bd28a729ffb13bb3b0d875ba3666a1b559e56632,True,,,,cifar10,conv3,,model,2.373,,12,32,41,3704147850,154353,1000004,0,,3704147850,0,0,1,"default_rng([20260924, 0, 2, 12])",0
2026-09-24T05:16:53+00:00,bd28a729ffb13bb3b0d875ba3666a1b559e56632,True,,,,cifar10,conv3,,model,2.373,,13,32,41,3869605399,147753,1000004,0,,3869605399,0,0,1,"default_rng([20260924, 0, 2, 13])",0
2026-09-24T05:16:53+00:00,bd28a729ffb13bb3b0d875ba3666a1b559e56632,True,,,,cifar10,conv3,,model,2.373,,14,32,40,2302526070,124157,1000004,0,,2302526070,0,0,1,"default_rng([20260924, 0, 2, 14])",0
2026-09-24T05:16:53+00:00,bd28a729ffb13bb3b0d875ba3666a1b559e56632,True,,,,cifar10,conv3,,model,2.373,,15,32,41,3498036425,163447,1000004,0,,3498036425,0,0,1,"default_rng([20260924, 0, 2, 15])",0
2026-09-24T05:16:53+00:00,bd28a729ffb13bb3b0d875ba3666a1b559e56632,True,,,,cifar10,conv3,,model,2.373,,16,32,40,2771453734,103149,1000004,0,,2771453734,0,0,1,"default_rng([20260924, 0, 2, 16])",0
2026-09-24T05:16:53+00:00,bd28a729ffb13bb3b0d875ba3666a1b559e56632,True,,,,cifar10,conv3,,model,2.373,,17,32,41,2668064423,214293,1000004,0,,2668064423,0,0,1,"default_rng([20260924, 0, 2, 17])",0
2026-09-24T05:16:53+00:00,bd28a729ffb13bb3b0d875ba3666a1b559e56632,True,,,,cifar10,conv3,,model,2.373,,18,32,41,3055274162,187135,1000004,0,,3055274162,0,0,1,"default_rng([20260924, 0, 2, 18])",0
2026-09-24T05:16:53+00:00,bd28a729ffb13bb3b0d875ba3666a1b559e56632,True,,,,cifar10,conv3,,model,2.373,,19,32,41,3532444868,161855,1000004,0,,3532444868,0,0,1,"default_rng([20260924, 0, 2, 19])",0
2026-09-24T05:16:53+00:00,bd28a729ffb13bb3b0d875ba3666a1b559e56632,True,,,,cifar10,conv3,,model,2.373,,20,32,41,3166839994,180541,1000004,0,,3166839994,0,0,1,"default_rng([20260924, 0, 2, 20])",0
2026-09-24T05:16:53+00:00,bd28a729ffb13bb3b0d875ba3666a1b559e56632,True,,,,cifar10,conv3,,model,2.373,,21,32,42,4126332894,277121,1000004,0,,4126332894,0,0,1,"default_rng([20260924, 0, 2, 21])",0
2026-09-24T05:16:53+00:00,bd28a729ffb13bb3b0d875ba3666a1b559e56632,True,,,,cifar10,conv3,,model,2.373,,22,32,41,3307853284,172845,1000004,0,,3307853284,0,0,1,"default_rng([20260924, 0, 2, 22])",0
2026-09-24T05:16:53+00:00,bd28a729ffb13bb3b0d875ba3666a1b559e56632,True,,,,cifar10,conv3,,model,2.373,,23,32,41,3156790284,181117,1000004,0,,3156790284,0,0,1,"default_rng([20260924, 0, 2, 23])",0
2026-09-24T05:16:53+00:00,bd28a729ffb13bb3b0d875ba3666a1b559e56632,True,,,,cifar10,conv3,,model,2.373,,24,32,41,3695005783,154735,1000004,0,,3695005783,0,0,1,"default_rng([20260924, 0, 2, 24])",0
2026-09-24T05:16:53+00:00,bd28a729ffb13bb3b0d875ba3666a1b559e56632,True,,,,cifar10,conv3,,model,2.373,,25,32,41,3384870780,168913,1000004,0,,3384870780,0,0,1,"default_rng([20260924, 0, 2, 25])",0
2026-09-24T05:16:53+00:00,bd28a729ffb13bb3b0d875ba3666a1b559e56632,True,,,,cifar10,conv3,,model,2.373,,26,32,41,3656442116,156367,1000004,0,,3656442116,0,0,1,"default_rng([20260924, 0, 2, 26])",0
2026-09-24T05:16:53+00:00,bd28a729ffb13bb3b0d875ba3666a1b559e56632,True,,,,cifar10,conv3,,model,2.373,,27,32,41,2981446786,191767,1000004,0,,2981446786,0,0,1,"default_rng([20260924, 0, 2, 27])",0
2026-09-24T05:16:53+00:00,bd28a729ffb13bb3b0d875ba3666a1b559e56632,True,,,,cifar10,conv3,,model,2.373,,28,32,41,2534157357,225615,1000004,0,,2534157357,0,0,1,"default_rng([20260924, 0, 2, 28])",0
2026-09-24T05:16:53+00:00,bd28a729ffb13bb3b0d875ba3666a1b559e56632,True,,,,cifar10,conv3,,model,2.373,,29,32,41,3086094023,185265,1000004,0,,3086094023,0,0,1,"default_rng([20260924, 0, 2, 29])",0
2026-09-24T05:16:53+00:00,bd28a729ffb13bb3b0d875ba3666a1b559e56632,True,,,,cifar10,conv3,,model,2.373,,30,32,41,3910850447,146195,1000004,0,,3910850447,0,0,1,"default_rng([20260924, 0, 2, 30])",0
2026-09-24T05:16:53+00:00,bd28a729ffb13bb3b0d875ba3666a1b559e56632,True,,,,cifar10,conv3,,model,2.373,,31,32,40,2185782673,130787,1000004,0,,2185782673,0,0,1,"default_rng([20260924, 0, 2, 31])",0
2026-09-24T05:16:53+00:00,bd28a729ffb13bb3b0d875ba3666a1b559e56632,True,,,,cifar10,conv3,,model,2.373,,32,32,41,3288171773,173879,1000004,0,,3288171773,0,0,1,"default_rng([20260924, 0, 2, 32])",0
2026-09-24T05:16:53+00:00,bd28a729ffb13bb3b0d875ba3666a1b559e56632,True,,,,cifar10,conv3,,model,2.373,,33,32,41,2737753593,208837,1000004,0,,2737753593,0,0,1,"default_rng([20260924, 0, 2, 33])",0
2026-09-24T05:16:53+00:00,bd28a729ffb13bb3b0d875ba3666a1b559e56632,True,,,,cifar10,conv3,,model,2.373,,34,32,41,3931232303,145437,1000004,0,,3931232303,0,0,1,"default_rng([20260924, 0, 2, 34])",0
2026-09-24T05:16:53+00:00,bd28a729ffb13bb3b0d875ba3666a1b559e56632,True,,,,cifar10,conv3,,model,2.373,,35,32,41,3247193029,176073,1000004,0,,3247193029,0,0,1,"default_rng([20260924, 0, 2, 35])",0
2026-09-24T05:16:53+00:00,bd28a729ffb13bb3b0d875ba3666a1b559e56632,True,,,,cifar10,conv3,,model,2.373,,36,32,41,3806866428,150189,1000004,0,,3806866428,0,0,1,"default_rng([20260924, 0, 2, 36])",0
2026-09-24T05:16:53+00:00,bd28a729ffb13bb3b0d875ba3666a1b559e56632,True,,,,cifar10,conv3,,model,2.373,,37,32,41,3373431429,169485,1000004,0,,3373431429,0,0,1,"default_rng([20260924, 0, 2, 37])",0
2026-09-24T05:16:53+00:00,bd28a729ffb13bb3b0d875ba3666a1b559e56632,True,,,,cifar10,conv3,,model,2.373,,38,32,41,2988936222,191287,1000004,0,,2988936222,0,0,1,"default_rng([20260924, 0, 2, 38])",0
2026-09-24T05:16:53+00:00,bd28a729ffb13bb3b0d875ba3666a1b559e56632,True,,,,cifar10,conv3,,model,2.373,,39,32,41,3131891429,182557,1000004,0,,3131891429,0,0,1,"default_rng([20260924, 0, 2, 39])",0
2026-09-24T05:16:53+00:00,bd28a729ffb13bb3b0d875ba3666a1b559e56632,True,,,,cifar10,conv3,,model,2.373,,40,32,41,3072904138,186061,1000004,0,,3072904138,0,0,1,"default_rng([20260924, 0, 2, 40])",0
2026-09-24T05:16:53+00:00,bd28a729ffb13bb3b0d875ba3666a1b559e56632,True,,,,cifar10,conv3,,model,2.373,,41,32,40,2541091644,112501,1000004,0,,2541091644,0,0,1,"default_rng([20260924, 0, 2, 41])",0
2026-09-24T05:16:53+00:00,bd28a729ffb13bb3b0d875ba3666a1b559e56632,True,,,,cifar10,conv3,,model,2.373,,42,32,41,4081903692,140069,1000004,0,,4081903692,0,0,1,"default_rng([20260924, 0, 2, 42])",0
2026-09-24T05:16:53+00:00,bd28a729ffb13bb3b0d875ba3666a1b559e56632,True,,,,cifar10,conv3,,model,2.373,,43,32,41,3738453970,152937,1000004,0,,3738453970,0,0,1,"default_rng([20260924, 0, 2, 43])",0
2026-09-24T05:16:53+00:00,bd28a729ffb13bb3b0d875ba3666a1b559e56632,True,,,,cifar10,conv3,,model,2.373,,44,32,41,2836194293,201589,1000004,0,,2836194293,0,0,1,"default_rng([20260924, 0, 2, 44])",0
2026-09-24T05:16:53+00:00,bd28a729ffb13bb3b0d875ba3666a1b559e56632,True,,,,cifar10,conv3,,model,2.373,,45,32,41,3414786092,167433,1000004,0,,3414786092,0,0,1,"default_rng([20260924, 0, 2, 45])",0
2026-09-24T05:16:53+00:00,bd28a729ffb13bb3b0d875ba3666a1b559e56632,True,,,,cifar10,conv3,,model,2.373,,46,32,41,3249496060,175949,1000004,0,,3249496060,0,0,1,"default_rng([20260924, 0, 2, 46])",0
2026-09-24T05:16:53+00:00,bd28a729ffb13bb3b0d875ba3666a1b559e56632,True,,,,cifar10,conv3,,model,2.373,,47,32,40,2405930409,118821,1000004,0,,2405930409,0,0,1,"default_rng([20260924, 0, 2, 47])",0
2026-09-24T05:16:53+00:00,bd28a729ffb13bb3b0d875ba3666a1b559e56632,True,,,,cifar10,conv3,,model,2.373,,48,32,41,2889608652,197863,1000004,0,,2889608652,0,0,1,"default_rng([20260924, 0, 2, 48])",0
2026-09-24T05:16:53+00:00,bd28a729ffb13bb3b0d875ba3666a1b559e56632,True,,,,cifar10,conv3,,model,2.373,,49,32,40,2798800816,102141,1000004,0,,2798800816,0,0,1,"default_rng([20260924, 0, 2, 49])",0
2026-09-24T05:16:53+00:00,bd28a729ffb13bb3b0d875ba3666a1b559e56632,True,,,,cifar10,conv3,,model,2.373,,50,32,41,3577898621,159799,1000004,0,,3577898621,0,0,1,"default_rng([20260924, 0, 2, 50])",0
2026-09-24T05:16:53+00:00,bd28a729ffb13bb3b0d875ba3666a1b559e56632,True,,,,cifar10,conv3,,model,2.373,,51,32,41,3486536520,163987,1000004,0,,3486536520,0,0,1,"default_rng([20260924, 0, 2, 51])",0
2026-09-24T05:16:53+00:00,bd28a729ffb13bb3b0d875ba3666a1b559e56632,True,,,,cifar10,conv3,,model,2.373,,52,32,41,3788397982,150921,1000004,0,,3788397982,0,0,1,"default_rng([20260924, 0, 2, 52])",0
2026-09-24T05:16:53+00:00,bd28a729ffb13bb3b0d875ba3666a1b559e56632,True,,,,cifar10,conv3,,model,2.373,,53,32,41,3500516918,163331,1000004,0,,3500516918,0,0,1,"default_rng([20260924, 0, 2, 53])",0
2026-09-24T05:16:53+00:00,bd28a729ffb13bb3b0d875ba3666a1b559e56632,True,,,,cifar10,conv3,,model,2.373,,54,32,41,2621019477,218139,1000004,0,,2621019477,0,0,1,"default_rng([20260924, 0, 2, 54])",0
2026-09-24T05:16:53+00:00,bd28a729ffb13bb3b0d875ba3666a1b559e56632,True,,,,cifar10,conv3,,model,2.373,,55,32,41,3413299874,167505,1000004,0,,3413299874,0,0,1,"default_rng([20260924, 0, 2, 55])",0
2026-09-24T05:16:53+00:00,bd28a729ffb13bb3b0d875ba3666a1b559e56632,True,,,,cifar10,conv3,,model,2.373,,56,32,41,3052360290,187313,1000004,0,,3052360290,0,0,1,"default_rng([20260924, 0, 2, 56])",0
2026-09-24T05:16:53+00:00,bd28a729ffb13bb3b0d875ba3666a1b559e56632,True,,,,cifar10,conv3,,model,2.373,,57,32,41,3828320129,149347,1000004,0,,3828320130,-1,2,3,"default_rng([20260924, 0, 2, 57])",0
2026-09-24T05:16:53+00:00,bd28a729ffb13bb3b0d875ba3666a1b559e56632,True,,,,cifar10,conv3,,model,2.373,,58,32,41,2893180438,197619,1000004,0,,2893180438,0,0,1,"default_rng([20260924, 0, 2, 58])",0
2026-09-24T05:16:53+00:00,bd28a729ffb13bb3b0d875ba3666a1b559e56632,True,,,,cifar10,conv3,,model,2.373,,59,32,41,2789579411,204957,1000004,0,,2789579411,0,0,1,"default_rng([20260924, 0, 2, 59])",0
2026-09-24T05:16:53+00:00,bd28a729ffb13bb3b0d875ba3666a1b559e56632,True,,,,cifar10,conv3,,model,2.373,,60,32,41,3642503708,156965,1000004,0,,3642503708,0,0,1,"default_rng([20260924, 0, 2, 60])",0
2026-09-24T05:16:53+00:00,bd28a729ffb13bb3b0d875ba3666a1b559e56632,True,,,,cifar10,conv3,,model,2.373,,61,32,41,2764052476,206851,1000004,0,,2764052476,0,0,1,"default_rng([20260924, 0, 2, 61])",0
2026-09-24T05:16:53+00:00,bd28a729ffb13bb3b0d875ba3666a1b559e56632,True,,,,cifar10,conv3,,model,2.373,,62,32,41,2622382378,218025,1000004,0,,2622382378,0,0,1,"default_rng([20260924, 0, 2, 62])",0
2026-09-24T05:16:53+00:00,bd28a729ffb13bb3b0d875ba3666a1b559e56632,True,,,,cifar10,conv3,,model,2.373,,63,32,40,2613539544,109381,1000004,0,,2613539544,0,0,1,"default_rng([20260924, 0, 2, 63])",0
