timestamp,git_commit,git_dirty,vivado_version,bitstream_sha256,board_id,net,layer,clock_mhz,source,duration_s,num_inferences,IC,OC,OH,OW,K,T,v1_core,v1_lead_in,v1_pass_drain,v1_clear,v1_result_drain,v1_overhead,v1_total,v1_timing_status,v1_source,v2_compute,v2_c_pipe,v2_c_start_done,v2_overhead,v2_layer_cyc,core_equal,removed_cycles,speedup_v1_over_v2,v1_overhead_frac,v2_overhead_frac
2026-10-01T05:28:25+00:00,33cf900636ac5a01876f5c2733bf407fad8e2605,False,,,,lenet5,conv1,,model,,,1,6,28,28,25,112,2800,3360,560,112,1344,5376,8176,RTL-verified anchor (82 cyc) for full group; partial groups analytical,"python/v2_architecture_model.py, model",2800,29,0,29,2829,True,5347,2.8901,0.657534,0.010251
2026-10-01T05:28:25+00:00,33cf900636ac5a01876f5c2733bf407fad8e2605,False,,,,lenet5,conv3,,model,,,6,16,10,10,150,40,6000,4800,1200,40,640,6680,12680,analytically derived (IC>1 and/or OC>8 generalization of the 82-cyc anchor),"python/v2_architecture_model.py, model",6000,29,0,29,6029,True,6651,2.1032,0.526814,0.004810
2026-10-01T05:28:25+00:00,33cf900636ac5a01876f5c2733bf407fad8e2605,False,,,,lenet5,conv5,,model,,,16,120,1,1,400,15,6000,0,1200,15,240,1455,7455,analytically derived (IC>1 and/or OC>8 generalization of the 82-cyc anchor),"python/v2_architecture_model.py, model",6000,29,0,29,6029,True,1426,1.2365,0.195171,0.004810
2026-10-01T05:28:25+00:00,33cf900636ac5a01876f5c2733bf407fad8e2605,False,,,,lenet5,fc1,,model,,,120,84,1,1,120,11,1320,0,11,11,168,190,1510,RTL-verified (bit-exact 1-pixel FC schedule),"python/v2_architecture_model.py, model",1320,29,0,29,1349,True,161,1.1193,0.125828,0.021497
2026-10-01T05:28:25+00:00,33cf900636ac5a01876f5c2733bf407fad8e2605,False,,,,lenet5,fc2,,model,,,84,10,1,1,84,2,168,0,2,2,20,24,192,RTL-verified (bit-exact 1-pixel FC schedule),"python/v2_architecture_model.py, model",168,29,0,29,197,True,-5,0.9746,0.125000,0.147208
2026-10-01T05:28:25+00:00,33cf900636ac5a01876f5c2733bf407fad8e2605,False,,,,lenet5,total,,model,,,,,,,,180,16288,8160,2973,180,2412,13725,30013,mixed (see layer rows),"python/v2_architecture_model.py, model",16288,29,3,148,16436,True,13577,1.8261,0.457302,0.009005
2026-10-01T05:28:25+00:00,33cf900636ac5a01876f5c2733bf407fad8e2605,False,,,,cifar10,conv1,,model,,,3,32,28,28,75,448,33600,40320,6720,448,7168,54656,88256,analytically derived (IC>1 and/or OC>8 generalization of the 82-cyc anchor),"python/v2_architecture_model.py, model",33600,29,0,29,33629,True,54627,2.6244,0.619289,0.000862
2026-10-01T05:28:25+00:00,33cf900636ac5a01876f5c2733bf407fad8e2605,False,,,,cifar10,conv2,,model,,,32,32,10,10,800,80,64000,51200,12800,80,1280,65360,129360,analytically derived (IC>1 and/or OC>8 generalization of the 82-cyc anchor),"python/v2_architecture_model.py, model",64000,29,0,29,64029,True,65331,2.0203,0.505257,0.000453
2026-10-01T05:28:25+00:00,33cf900636ac5a01876f5c2733bf407fad8e2605,False,,,,cifar10,conv3,,model,,,32,64,1,1,800,8,6400,0,1280,8,128,1416,7816,analytically derived (IC>1 and/or OC>8 generalization of the 82-cyc anchor),"python/v2_architecture_model.py, model",6400,29,0,29,6429,True,1387,1.2157,0.181167,0.004511
2026-10-01T05:28:25+00:00,33cf900636ac5a01876f5c2733bf407fad8e2605,False,,,,cifar10,fc,,model,,,64,10,1,1,64,2,128,0,2,2,20,24,152,RTL-verified (bit-exact 1-pixel FC schedule),"python/v2_architecture_model.py, model",128,29,0,29,157,True,-5,0.9682,0.157895,0.184713
2026-10-01T05:28:25+00:00,33cf900636ac5a01876f5c2733bf407fad8e2605,False,,,,cifar10,total,,model,,,,,,,,538,104128,91520,20802,538,8596,121456,225584,mixed (see layer rows),"python/v2_architecture_model.py, model",104128,29,3,119,104247,True,121337,2.1639,0.538407,0.001142
