timestamp,git_commit,git_dirty,vivado_version,bitstream_sha256,board_id,net,layer,clock_mhz,source,duration_s,num_inferences,IC,OC,OH,OW,K,oc_tiles,ow_tiles,T,mac_active,c_pipe,layer_cyc,cycle_share,macs_useful,macs_slots,util_spatial,util_temporal,util_total,eff_oc,eff_x,one_by_one_output,spatial_bound,slots_lost_x_tail,slots_lost_oc_tail,slots_lost_pipe,loss_cause,util_spatial_exact,util_total_exact
2026-10-01T05:28:25+00:00,33cf900636ac5a01876f5c2733bf407fad8e2605,False,,,,lenet5,conv1,,model,,,1,6,28,28,25,1,4,112,2800,29,2829,0.172122,117600,179200,0.656250,0.989749,0.649523,0.750000,0.875000,False,1.000000,22400,39200,1856,x tail: OW=28 padded to 32; OC tail: OC=6 padded to 8; pipeline fill C_PIPE,21/32,1225/1886
2026-10-01T05:28:25+00:00,33cf900636ac5a01876f5c2733bf407fad8e2605,False,,,,lenet5,conv3,,model,,,6,16,10,10,150,2,2,40,6000,29,6029,0.366817,240000,384000,0.625000,0.995190,0.621994,1.000000,0.625000,False,1.000000,144000,0,1856,x tail: OW=10 padded to 16; pipeline fill C_PIPE,5/8,3750/6029
2026-10-01T05:28:25+00:00,33cf900636ac5a01876f5c2733bf407fad8e2605,False,,,,lenet5,conv5,,model,,,16,120,1,1,400,15,1,15,6000,29,6029,0.366817,48000,384000,0.125000,0.995190,0.124399,1.000000,0.125000,True,0.125000,336000,0,1856,1x1 output: 1 of 8 rows active; pipeline fill C_PIPE,1/8,750/6029
2026-10-01T05:28:25+00:00,33cf900636ac5a01876f5c2733bf407fad8e2605,False,,,,lenet5,fc1,,model,,,120,84,1,1,120,11,1,11,1320,29,1349,0.082076,10080,84480,0.119318,0.978503,0.116753,0.954545,0.125000,True,0.125000,73920,480,1856,1x1 output: 1 of 8 rows active; OC tail: OC=84 padded to 88; pipeline fill C_PIPE,21/176,315/2698
2026-10-01T05:28:25+00:00,33cf900636ac5a01876f5c2733bf407fad8e2605,False,,,,lenet5,fc2,,model,,,84,10,1,1,84,2,1,2,168,29,197,0.011986,840,10752,0.078125,0.852792,0.066624,0.625000,0.125000,True,0.125000,9408,504,1856,1x1 output: 1 of 8 rows active; OC tail: OC=10 padded to 16; pipeline fill C_PIPE,5/64,105/1576
2026-10-01T05:28:25+00:00,33cf900636ac5a01876f5c2733bf407fad8e2605,False,,,,lenet5,total,,model,,,,,,,,,,180,16288,29,16436,1.000000,416520,1042432,0.399566,0.990995,0.395968,,,,,585728,40184,9472,layer_cyc = TOTAL_CYC (sum of LAYER_CYC + C_START 3 + C_DONE 0),52065/130304,52065/131488
2026-10-01T05:28:25+00:00,33cf900636ac5a01876f5c2733bf407fad8e2605,False,,,,cifar10,conv1,,model,,,3,32,28,28,75,4,4,448,33600,29,33629,0.322590,1881600,2150400,0.875000,0.999138,0.874245,1.000000,0.875000,False,1.000000,268800,0,1856,x tail: OW=28 padded to 32; pipeline fill C_PIPE,7/8,29400/33629
2026-10-01T05:28:25+00:00,33cf900636ac5a01876f5c2733bf407fad8e2605,False,,,,cifar10,conv2,,model,,,32,32,10,10,800,4,2,80,64000,29,64029,0.614205,2560000,4096000,0.625000,0.999547,0.624717,1.000000,0.625000,False,1.000000,1536000,0,1856,x tail: OW=10 padded to 16; pipeline fill C_PIPE,5/8,40000/64029
2026-10-01T05:28:25+00:00,33cf900636ac5a01876f5c2733bf407fad8e2605,False,,,,cifar10,conv3,,model,,,32,64,1,1,800,8,1,8,6400,29,6429,0.061671,51200,409600,0.125000,0.995489,0.124436,1.000000,0.125000,True,0.125000,358400,0,1856,1x1 output: 1 of 8 rows active; pipeline fill C_PIPE,1/8,800/6429
2026-10-01T05:28:25+00:00,33cf900636ac5a01876f5c2733bf407fad8e2605,False,,,,cifar10,fc,,model,,,64,10,1,1,64,2,1,2,128,29,157,0.001506,640,8192,0.078125,0.815287,0.063694,0.625000,0.125000,True,0.125000,7168,384,1856,1x1 output: 1 of 8 rows active; OC tail: OC=10 padded to 16; pipeline fill C_PIPE,5/64,10/157
2026-10-01T05:28:25+00:00,33cf900636ac5a01876f5c2733bf407fad8e2605,False,,,,cifar10,total,,model,,,,,,,,,,538,104128,29,104247,1.000000,4493440,6664192,0.674266,0.998858,0.673497,,,,,2170368,384,7616,layer_cyc = TOTAL_CYC (sum of LAYER_CYC + C_START 3 + C_DONE 0),35105/52064,70210/104247
