timestamp,git_commit,git_dirty,vivado_version,bitstream_sha256,board_id,net,layer,clock_mhz,source,duration_s,num_inferences,activity,metric,value,value_dirty,rows_used,rows_dirty,label,source_csv,git_commits,flag
2026-09-28T15:28:54+00:00,63261ad837cdf73d974ad29982a55715fabe6210,False,,,,,,,rtl_sim,,,unit TBs,testbenches,11,,11,0,rtl_sim,unit_tb.csv,63261ad8,
2026-09-28T15:28:54+00:00,63261ad837cdf73d974ad29982a55715fabe6210,False,,,,,,,rtl_sim,,,unit TBs,total checks,14550089,,11,0,rtl_sim,unit_tb.csv,63261ad8,
2026-09-28T15:28:54+00:00,63261ad837cdf73d974ad29982a55715fabe6210,False,,,,,,,rtl_sim,,,unit TBs,testbenches passed,11,,11,0,rtl_sim,unit_tb.csv,63261ad8,
2026-09-28T15:28:54+00:00,63261ad837cdf73d974ad29982a55715fabe6210,False,,,,,,,rtl_sim,,,unit TBs,all passed,True,,11,0,rtl_sim,unit_tb.csv,63261ad8,
2026-09-28T15:28:54+00:00,63261ad837cdf73d974ad29982a55715fabe6210,False,,,,,,,rtl_sim,,,unit TBs,recorded runtime s (sum of duration_s),408.5,,11,0,rtl_sim,unit_tb.csv,63261ad8,
2026-09-28T15:28:54+00:00,63261ad837cdf73d974ad29982a55715fabe6210,False,,,,,,,rtl_sim,,,back-to-back jobs (RTL),checks,10032,,1,0,rtl_sim,unit_tb.csv,63261ad8,
2026-09-28T15:28:54+00:00,63261ad837cdf73d974ad29982a55715fabe6210,False,,,,,,,rtl_sim,,,back-to-back jobs (RTL),passed,True,,1,0,rtl_sim,unit_tb.csv,63261ad8,
2026-09-28T15:28:55+00:00,63261ad837cdf73d974ad29982a55715fabe6210,False,,,,,,,rtl_sim,,,back-to-back jobs (RTL),jobs,n/a,,,,rtl_sim,unit_tb.csv,,NOT_RECORDED (job count is not a unit_tb.csv column)
2026-09-28T15:28:55+00:00,63261ad837cdf73d974ad29982a55715fabe6210,False,,,,,,,rtl_sim,,,core layer suite,layer runs,27,,27,0,rtl_sim,rtl_cycles.csv,63261ad8,
2026-09-28T15:28:55+00:00,63261ad837cdf73d974ad29982a55715fabe6210,False,,,,,,,rtl_sim,,,core layer suite,"cycle matches (layer, total, MAC_ACTIVE = model)",27,,27,0,rtl_sim,rtl_cycles.csv,63261ad8,
2026-09-28T15:28:55+00:00,63261ad837cdf73d974ad29982a55715fabe6210,False,,,,,,,rtl_sim,,,core layer suite,output matches,27,,27,0,rtl_sim,rtl_cycles.csv,63261ad8,
2026-09-28T15:28:55+00:00,63261ad837cdf73d974ad29982a55715fabe6210,False,,,,,,,rtl_sim,,,core layer suite,runtime s (duration_s),26.648,,27,0,rtl_sim,rtl_cycles.csv,63261ad8,
2026-09-28T15:28:55+00:00,63261ad837cdf73d974ad29982a55715fabe6210,False,,,,,,,rtl_sim,,,core fuzz suite,fuzz shapes,100,,100,0,rtl_sim,rtl_cycles.csv,63261ad8,
2026-09-28T15:28:55+00:00,63261ad837cdf73d974ad29982a55715fabe6210,False,,,,,,,rtl_sim,,,core fuzz suite,"cycle matches (layer, total, MAC_ACTIVE = model)",100,,100,0,rtl_sim,rtl_cycles.csv,63261ad8,
2026-09-28T15:28:55+00:00,63261ad837cdf73d974ad29982a55715fabe6210,False,,,,,,,rtl_sim,,,core fuzz suite,output matches,100,,100,0,rtl_sim,rtl_cycles.csv,63261ad8,
2026-09-28T15:28:55+00:00,63261ad837cdf73d974ad29982a55715fabe6210,False,,,,,,,rtl_sim,,,core fuzz suite,runtime s (duration_s),74.091,,100,0,rtl_sim,rtl_cycles.csv,63261ad8,
2026-09-28T15:28:55+00:00,63261ad837cdf73d974ad29982a55715fabe6210,False,,,,lenet5,,,rtl_sim,,,core net suite,lenet5: images,10,,10,0,rtl_sim,rtl_network.csv,63261ad8,
2026-09-28T15:28:55+00:00,63261ad837cdf73d974ad29982a55715fabe6210,False,,,,lenet5,,,rtl_sim,,,core net suite,lenet5: logit matches,10,,10,0,rtl_sim,rtl_network.csv,63261ad8,
2026-09-28T15:28:55+00:00,63261ad837cdf73d974ad29982a55715fabe6210,False,,,,lenet5,,,rtl_sim,,,core net suite,lenet5: prediction matches,10,,10,0,rtl_sim,rtl_network.csv,63261ad8,
2026-09-28T15:28:55+00:00,63261ad837cdf73d974ad29982a55715fabe6210,False,,,,lenet5,,,rtl_sim,,,core net suite,lenet5: cycle matches,10,,10,0,rtl_sim,rtl_network.csv,63261ad8,
2026-09-28T15:28:55+00:00,63261ad837cdf73d974ad29982a55715fabe6210,False,,,,cifar10,,,rtl_sim,,,core net suite,cifar10: images,10,,10,0,rtl_sim,rtl_network.csv,63261ad8,
2026-09-28T15:28:55+00:00,63261ad837cdf73d974ad29982a55715fabe6210,False,,,,cifar10,,,rtl_sim,,,core net suite,cifar10: logit matches,10,,10,0,rtl_sim,rtl_network.csv,63261ad8,
2026-09-28T15:28:55+00:00,63261ad837cdf73d974ad29982a55715fabe6210,False,,,,cifar10,,,rtl_sim,,,core net suite,cifar10: prediction matches,10,,10,0,rtl_sim,rtl_network.csv,63261ad8,
2026-09-28T15:28:55+00:00,63261ad837cdf73d974ad29982a55715fabe6210,False,,,,cifar10,,,rtl_sim,,,core net suite,cifar10: cycle matches,10,,10,0,rtl_sim,rtl_network.csv,63261ad8,
2026-09-28T15:28:55+00:00,63261ad837cdf73d974ad29982a55715fabe6210,False,,,,,,,rtl_sim,,,core net suite,runtime s (duration_s),58.092,,20,0,rtl_sim,rtl_network.csv,63261ad8,
2026-09-28T15:28:55+00:00,63261ad837cdf73d974ad29982a55715fabe6210,False,,,,,,,rtl_sim,,,core checker suite,cases,255,,255,0,rtl_sim,rtl_checker.csv,63261ad8,
2026-09-28T15:28:55+00:00,63261ad837cdf73d974ad29982a55715fabe6210,False,,,,,,,rtl_sim,,,core checker suite,cases matching expected ERR_CODE,255,,255,0,rtl_sim,rtl_checker.csv,63261ad8,
2026-09-28T15:28:55+00:00,63261ad837cdf73d974ad29982a55715fabe6210,False,,,,,,,rtl_sim,,,core checker suite,refused cases,244,,255,0,rtl_sim,rtl_checker.csv,63261ad8,
2026-09-28T15:28:55+00:00,63261ad837cdf73d974ad29982a55715fabe6210,False,,,,,,,rtl_sim,,,core checker suite,runtime s (duration_s),11.31,,255,0,rtl_sim,rtl_checker.csv,63261ad8,
2026-09-28T15:28:55+00:00,63261ad837cdf73d974ad29982a55715fabe6210,False,,,,,,,post_synth,,,netlist sim (post-synthesis funcsim),tb_gos_top: passed,True,,1,0,post_synth,rtl_netlist.csv,63261ad8,
2026-09-28T15:28:55+00:00,63261ad837cdf73d974ad29982a55715fabe6210,False,,,,,,,post_synth,,,netlist sim (post-synthesis funcsim),tb_gos_top: checks,209,,1,0,post_synth,rtl_netlist.csv,63261ad8,
2026-09-28T15:28:55+00:00,63261ad837cdf73d974ad29982a55715fabe6210,False,,,,,,,post_synth,,,netlist sim (post-synthesis funcsim),tb_gos_top: jobs completed,2,,1,0,post_synth,rtl_netlist.csv,63261ad8,
2026-09-28T15:28:55+00:00,63261ad837cdf73d974ad29982a55715fabe6210,False,,,,,,,post_synth,,,netlist sim (post-synthesis funcsim),tb_gos_top: cycle-exact jobs,2,,1,0,post_synth,rtl_netlist.csv,63261ad8,
2026-09-28T15:28:55+00:00,63261ad837cdf73d974ad29982a55715fabe6210,False,,,,,,,post_synth,,,netlist sim (post-synthesis funcsim),tb_gos_top: logit-checked jobs ok / checked,2/2,,1,0,post_synth,rtl_netlist.csv,63261ad8,
2026-09-28T15:28:55+00:00,63261ad837cdf73d974ad29982a55715fabe6210,False,,,,,,,post_synth,,,netlist sim (post-synthesis funcsim),tb_gos_top: soft resets,0,,1,0,post_synth,rtl_netlist.csv,63261ad8,
2026-09-28T15:28:55+00:00,63261ad837cdf73d974ad29982a55715fabe6210,False,,,,,,,post_synth,,,netlist sim (post-synthesis funcsim),tb_gos_top_backtoback: passed,True,,1,0,post_synth,rtl_netlist.csv,63261ad8,
2026-09-28T15:28:55+00:00,63261ad837cdf73d974ad29982a55715fabe6210,False,,,,,,,post_synth,,,netlist sim (post-synthesis funcsim),tb_gos_top_backtoback: checks,316,,1,0,post_synth,rtl_netlist.csv,63261ad8,
2026-09-28T15:28:55+00:00,63261ad837cdf73d974ad29982a55715fabe6210,False,,,,,,,post_synth,,,netlist sim (post-synthesis funcsim),tb_gos_top_backtoback: jobs completed,3,,1,0,post_synth,rtl_netlist.csv,63261ad8,
2026-09-28T15:28:55+00:00,63261ad837cdf73d974ad29982a55715fabe6210,False,,,,,,,post_synth,,,netlist sim (post-synthesis funcsim),tb_gos_top_backtoback: cycle-exact jobs,3,,1,0,post_synth,rtl_netlist.csv,63261ad8,
2026-09-28T15:28:55+00:00,63261ad837cdf73d974ad29982a55715fabe6210,False,,,,,,,post_synth,,,netlist sim (post-synthesis funcsim),tb_gos_top_backtoback: logit-checked jobs ok / checked,3/3,,1,0,post_synth,rtl_netlist.csv,63261ad8,
2026-09-28T15:28:55+00:00,63261ad837cdf73d974ad29982a55715fabe6210,False,,,,,,,post_synth,,,netlist sim (post-synthesis funcsim),tb_gos_top_backtoback: soft resets,1,,1,0,post_synth,rtl_netlist.csv,63261ad8,
2026-09-28T15:28:55+00:00,63261ad837cdf73d974ad29982a55715fabe6210,False,,,,lenet5,,,model,,,requant equivalence,"lenet5 B=32 (adopted, hw_requant.npz): channels",226,,226,0,model,requant_equivalence.csv,63261ad8,
2026-09-28T15:28:55+00:00,63261ad837cdf73d974ad29982a55715fabe6210,False,,,,lenet5,,,model,,,requant equivalence,"lenet5 B=32 (adopted, hw_requant.npz): values checked",291507758,,226,0,model,requant_equivalence.csv,63261ad8,
2026-09-28T15:28:55+00:00,63261ad837cdf73d974ad29982a55715fabe6210,False,,,,lenet5,,,model,,,requant equivalence,"lenet5 B=32 (adopted, hw_requant.npz): mismatches",0,,226,0,model,requant_equivalence.csv,63261ad8,
2026-09-28T15:28:55+00:00,63261ad837cdf73d974ad29982a55715fabe6210,False,,,,lenet5,,,model,,,requant equivalence,"lenet5 B=32 (adopted, hw_requant.npz): channels with s out of range",0,,226,0,model,requant_equivalence.csv,63261ad8,
2026-09-28T15:28:55+00:00,63261ad837cdf73d974ad29982a55715fabe6210,False,,,,lenet5,,,model,,,requant equivalence,lenet5 B=40: channels,226,,226,0,model,requant_equivalence.csv,63261ad8,
2026-09-28T15:28:55+00:00,63261ad837cdf73d974ad29982a55715fabe6210,False,,,,lenet5,,,model,,,requant equivalence,lenet5 B=40: values checked,291507758,,226,0,model,requant_equivalence.csv,63261ad8,
2026-09-28T15:28:55+00:00,63261ad837cdf73d974ad29982a55715fabe6210,False,,,,lenet5,,,model,,,requant equivalence,lenet5 B=40: mismatches,0,,226,0,model,requant_equivalence.csv,63261ad8,
2026-09-28T15:28:55+00:00,63261ad837cdf73d974ad29982a55715fabe6210,False,,,,lenet5,,,model,,,requant equivalence,lenet5 B=40: channels with s out of range,0,,226,0,model,requant_equivalence.csv,63261ad8,
2026-09-28T15:28:55+00:00,63261ad837cdf73d974ad29982a55715fabe6210,False,,,,lenet5,,,model,,,requant equivalence,lenet5 B=48: channels,226,,226,0,model,requant_equivalence.csv,63261ad8,
2026-09-28T15:28:55+00:00,63261ad837cdf73d974ad29982a55715fabe6210,False,,,,lenet5,,,model,,,requant equivalence,lenet5 B=48: values checked,291507758,,226,0,model,requant_equivalence.csv,63261ad8,
2026-09-28T15:28:55+00:00,63261ad837cdf73d974ad29982a55715fabe6210,False,,,,lenet5,,,model,,,requant equivalence,lenet5 B=48: mismatches,0,,226,0,model,requant_equivalence.csv,63261ad8,
2026-09-28T15:28:55+00:00,63261ad837cdf73d974ad29982a55715fabe6210,False,,,,lenet5,,,model,,,requant equivalence,lenet5 B=48: channels with s out of range,0,,226,0,model,requant_equivalence.csv,63261ad8,
2026-09-28T15:28:55+00:00,63261ad837cdf73d974ad29982a55715fabe6210,False,,,,cifar10,,,model,,,requant equivalence,"cifar10 B=32 (adopted, hw_requant.npz): channels",128,,128,0,model,requant_equivalence.csv,63261ad8,
2026-09-28T15:28:55+00:00,63261ad837cdf73d974ad29982a55715fabe6210,False,,,,cifar10,,,model,,,requant equivalence,"cifar10 B=32 (adopted, hw_requant.npz): values checked",195138270,,128,0,model,requant_equivalence.csv,63261ad8,
2026-09-28T15:28:55+00:00,63261ad837cdf73d974ad29982a55715fabe6210,False,,,,cifar10,,,model,,,requant equivalence,"cifar10 B=32 (adopted, hw_requant.npz): mismatches",0,,128,0,model,requant_equivalence.csv,63261ad8,
2026-09-28T15:28:55+00:00,63261ad837cdf73d974ad29982a55715fabe6210,False,,,,cifar10,,,model,,,requant equivalence,"cifar10 B=32 (adopted, hw_requant.npz): channels with s out of range",0,,128,0,model,requant_equivalence.csv,63261ad8,
2026-09-28T15:28:55+00:00,63261ad837cdf73d974ad29982a55715fabe6210,False,,,,cifar10,,,model,,,requant equivalence,cifar10 B=40: channels,128,,128,0,model,requant_equivalence.csv,63261ad8,
2026-09-28T15:28:55+00:00,63261ad837cdf73d974ad29982a55715fabe6210,False,,,,cifar10,,,model,,,requant equivalence,cifar10 B=40: values checked,195138270,,128,0,model,requant_equivalence.csv,63261ad8,
2026-09-28T15:28:55+00:00,63261ad837cdf73d974ad29982a55715fabe6210,False,,,,cifar10,,,model,,,requant equivalence,cifar10 B=40: mismatches,0,,128,0,model,requant_equivalence.csv,63261ad8,
2026-09-28T15:28:55+00:00,63261ad837cdf73d974ad29982a55715fabe6210,False,,,,cifar10,,,model,,,requant equivalence,cifar10 B=40: channels with s out of range,0,,128,0,model,requant_equivalence.csv,63261ad8,
2026-09-28T15:28:55+00:00,63261ad837cdf73d974ad29982a55715fabe6210,False,,,,cifar10,,,model,,,requant equivalence,cifar10 B=48: channels,128,,128,0,model,requant_equivalence.csv,63261ad8,
2026-09-28T15:28:55+00:00,63261ad837cdf73d974ad29982a55715fabe6210,False,,,,cifar10,,,model,,,requant equivalence,cifar10 B=48: values checked,190223068,,128,0,model,requant_equivalence.csv,63261ad8,
2026-09-28T15:28:55+00:00,63261ad837cdf73d974ad29982a55715fabe6210,False,,,,cifar10,,,model,,,requant equivalence,cifar10 B=48: mismatches,0,,128,0,model,requant_equivalence.csv,63261ad8,
2026-09-28T15:28:55+00:00,63261ad837cdf73d974ad29982a55715fabe6210,False,,,,cifar10,,,model,,,requant equivalence,cifar10 B=48: channels with s out of range,2,,128,0,model,requant_equivalence.csv,63261ad8,
2026-09-28T15:28:55+00:00,63261ad837cdf73d974ad29982a55715fabe6210,False,,,,lenet5,,,model,,,final-layer check,lenet5: images,10000,,1,0,model,final_layer_check.csv,63261ad8,
2026-09-28T15:28:55+00:00,63261ad837cdf73d974ad29982a55715fabe6210,False,,,,lenet5,,,model,,,final-layer check,lenet5: logits bit-exact,10000,,1,0,model,final_layer_check.csv,63261ad8,
2026-09-28T15:28:55+00:00,63261ad837cdf73d974ad29982a55715fabe6210,False,,,,lenet5,,,model,,,final-layer check,lenet5: argmax matches,10000,,1,0,model,final_layer_check.csv,63261ad8,
2026-09-28T15:28:55+00:00,63261ad837cdf73d974ad29982a55715fabe6210,False,,,,cifar10,,,model,,,final-layer check,cifar10: images,10000,,1,0,model,final_layer_check.csv,63261ad8,
2026-09-28T15:28:55+00:00,63261ad837cdf73d974ad29982a55715fabe6210,False,,,,cifar10,,,model,,,final-layer check,cifar10: logits bit-exact,10000,,1,0,model,final_layer_check.csv,63261ad8,
2026-09-28T15:28:55+00:00,63261ad837cdf73d974ad29982a55715fabe6210,False,,,,cifar10,,,model,,,final-layer check,cifar10: argmax matches,10000,,1,0,model,final_layer_check.csv,63261ad8,
2026-09-28T15:28:55+00:00,63261ad837cdf73d974ad29982a55715fabe6210,False,,,,lenet5,,,model,,,golden cross-check (gos_golden vs legacy),lenet5: images,10000,,6,0,model,golden_crosscheck.csv,63261ad8,
2026-09-28T15:28:55+00:00,63261ad837cdf73d974ad29982a55715fabe6210,False,,,,lenet5,,,model,,,golden cross-check (gos_golden vs legacy),lenet5: tensors compared,6,,6,0,model,golden_crosscheck.csv,63261ad8,
2026-09-28T15:28:55+00:00,63261ad837cdf73d974ad29982a55715fabe6210,False,,,,lenet5,,,model,,,golden cross-check (gos_golden vs legacy),lenet5: tensors bit-identical on all images,6,,6,0,model,golden_crosscheck.csv,63261ad8,
2026-09-28T15:28:55+00:00,63261ad837cdf73d974ad29982a55715fabe6210,False,,,,lenet5,,,model,,,golden cross-check (gos_golden vs legacy),lenet5: tensors with identical predictions on all images,6,,6,0,model,golden_crosscheck.csv,63261ad8,
2026-09-28T15:28:55+00:00,63261ad837cdf73d974ad29982a55715fabe6210,False,,,,cifar10,,,model,,,golden cross-check (gos_golden vs legacy),cifar10: images,10000,,5,0,model,golden_crosscheck.csv,63261ad8,
2026-09-28T15:28:55+00:00,63261ad837cdf73d974ad29982a55715fabe6210,False,,,,cifar10,,,model,,,golden cross-check (gos_golden vs legacy),cifar10: tensors compared,5,,5,0,model,golden_crosscheck.csv,63261ad8,
2026-09-28T15:28:55+00:00,63261ad837cdf73d974ad29982a55715fabe6210,False,,,,cifar10,,,model,,,golden cross-check (gos_golden vs legacy),cifar10: tensors bit-identical on all images,5,,5,0,model,golden_crosscheck.csv,63261ad8,
2026-09-28T15:28:55+00:00,63261ad837cdf73d974ad29982a55715fabe6210,False,,,,cifar10,,,model,,,golden cross-check (gos_golden vs legacy),cifar10: tensors with identical predictions on all images,5,,5,0,model,golden_crosscheck.csv,63261ad8,
2026-09-28T15:28:55+00:00,63261ad837cdf73d974ad29982a55715fabe6210,False,,,,lenet5,,,model,,,reference accuracy,lenet5_v1 FP32: images,10000,,1,0,model,reference_accuracy.csv,63261ad8,
2026-09-28T15:28:55+00:00,63261ad837cdf73d974ad29982a55715fabe6210,False,,,,lenet5,,,model,,,reference accuracy,lenet5_v1 FP32: correct,9878,,1,0,model,reference_accuracy.csv,63261ad8,
2026-09-28T15:28:55+00:00,63261ad837cdf73d974ad29982a55715fabe6210,False,,,,lenet5,,,model,,,reference accuracy,lenet5_v1 FP32: accuracy %,98.78,,1,0,model,reference_accuracy.csv,63261ad8,
2026-09-28T15:28:55+00:00,63261ad837cdf73d974ad29982a55715fabe6210,False,,,,lenet5,,,model,,,reference accuracy,lenet5_v1 INT8: images,10000,,1,0,model,reference_accuracy.csv,63261ad8,
2026-09-28T15:28:55+00:00,63261ad837cdf73d974ad29982a55715fabe6210,False,,,,lenet5,,,model,,,reference accuracy,lenet5_v1 INT8: correct,9879,,1,0,model,reference_accuracy.csv,63261ad8,
2026-09-28T15:28:55+00:00,63261ad837cdf73d974ad29982a55715fabe6210,False,,,,lenet5,,,model,,,reference accuracy,lenet5_v1 INT8: accuracy %,98.79,,1,0,model,reference_accuracy.csv,63261ad8,
2026-09-28T15:28:55+00:00,63261ad837cdf73d974ad29982a55715fabe6210,False,,,,cifar10,,,model,,,reference accuracy,cifar10_r1 FP32: images,10000,,1,0,model,reference_accuracy.csv,63261ad8,
2026-09-28T15:28:55+00:00,63261ad837cdf73d974ad29982a55715fabe6210,False,,,,cifar10,,,model,,,reference accuracy,cifar10_r1 FP32: correct,6587,,1,0,model,reference_accuracy.csv,63261ad8,
2026-09-28T15:28:55+00:00,63261ad837cdf73d974ad29982a55715fabe6210,False,,,,cifar10,,,model,,,reference accuracy,cifar10_r1 FP32: accuracy %,65.87,,1,0,model,reference_accuracy.csv,63261ad8,
2026-09-28T15:28:55+00:00,63261ad837cdf73d974ad29982a55715fabe6210,False,,,,cifar10,,,model,,,reference accuracy,cifar10_r1 INT8: images,10000,,1,0,model,reference_accuracy.csv,63261ad8,
2026-09-28T15:28:55+00:00,63261ad837cdf73d974ad29982a55715fabe6210,False,,,,cifar10,,,model,,,reference accuracy,cifar10_r1 INT8: correct,6576,,1,0,model,reference_accuracy.csv,63261ad8,
2026-09-28T15:28:55+00:00,63261ad837cdf73d974ad29982a55715fabe6210,False,,,,cifar10,,,model,,,reference accuracy,cifar10_r1 INT8: accuracy %,65.76,,1,0,model,reference_accuracy.csv,63261ad8,
2026-09-28T15:28:55+00:00,63261ad837cdf73d974ad29982a55715fabe6210,False,,,,cifar10,,,model,,,reference accuracy,cifar10_r2 FP32: images,10000,,1,0,model,reference_accuracy.csv,63261ad8,
2026-09-28T15:28:55+00:00,63261ad837cdf73d974ad29982a55715fabe6210,False,,,,cifar10,,,model,,,reference accuracy,cifar10_r2 FP32: correct,7856,,1,0,model,reference_accuracy.csv,63261ad8,
2026-09-28T15:28:55+00:00,63261ad837cdf73d974ad29982a55715fabe6210,False,,,,cifar10,,,model,,,reference accuracy,cifar10_r2 FP32: accuracy %,78.56,,1,0,model,reference_accuracy.csv,63261ad8,
2026-09-28T15:28:55+00:00,63261ad837cdf73d974ad29982a55715fabe6210,False,,,,cifar10,,,model,,,reference accuracy,cifar10_r2 INT8: images,10000,,1,0,model,reference_accuracy.csv,63261ad8,
2026-09-28T15:28:55+00:00,63261ad837cdf73d974ad29982a55715fabe6210,False,,,,cifar10,,,model,,,reference accuracy,cifar10_r2 INT8: correct,7852,,1,0,model,reference_accuracy.csv,63261ad8,
2026-09-28T15:28:55+00:00,63261ad837cdf73d974ad29982a55715fabe6210,False,,,,cifar10,,,model,,,reference accuracy,cifar10_r2 INT8: accuracy %,78.52,,1,0,model,reference_accuracy.csv,63261ad8,
2026-09-28T15:28:55+00:00,63261ad837cdf73d974ad29982a55715fabe6210,False,,,,,,,model,,,model / driver pytest,tests collected (v2/model v2/board/tests v2/scripts/tests v2/analysis/tests),334,,,,model,pytest --collect-only,,
2026-09-28T15:28:55+00:00,63261ad837cdf73d974ad29982a55715fabe6210,False,,,,,,,hw,,,board A1 (KV260),images,pending,,,,hw,hw_a1_accuracy.csv,,PENDING
