timestamp,git_commit,git_dirty,vivado_version,bitstream_sha256,board_id,net,layer,clock_mhz,source,duration_s,num_inferences,build_id_hw,board_hostname,clock_source,scripts_commit,data_manifest_sha256,data_git_commit,data_git_dirty,backend,session_index,paper_grade,env_step,cpu_governor,cpu_freq_khz,cpu_affinity,die_temp_start_c,env_note,phase,condition,images,warmup_discarded,median_us,median_ci_lo_us,median_ci_hi_us,ci_coverage,ci_method,repeats_ok,p5_us,p50_us,p95_us,p99_us,mean_us,min_us,max_us,in_end_to_end,write_mode,host_path,fast_store,measurement,logit_mismatches,polls_median,soft_reset_clears,interleave,conditions,order_seed,rounds,block_n,block_warmup,block_median_min_us,block_median_max_us,f_readback_mhz,f_meas_mhz,f_meas_ci_lo_mhz,f_meas_ci_hi_mhz,f_used_mhz,f_used_source
2026-10-01T08:34:06+00:00,e91657aa272f8db8aafc7641da56afae9433579b,False,2023.1,7b2dac6026acf6ae9e6d87f80a457fb07b6e56c167dd2a168593b2105c9e130e,ZynqMP KV260 revB machine-id:a435d1c5,lenet5,all,249.997500,hw,52.980,1150,fd880d43,kria,pynq Clocks.fclk0_mhz readback,e91657aa272f8db8aafc7641da56afae9433579b,7749eb52347eba2cfc09ef50fb79af9a6aa4e51ae324a07db3c463f063fe654b,e91657aa272f8db8aafc7641da56afae9433579b,False,pynq,2,True,s2.B3,performance,1333333,3,35.811,paper-grade environment,input_write,safe,1000,150,248.193,248.042,248.383,0.9537,"order-statistic (binomial, distribution-free)",True,244.882,248.193,259.532,266.373,249.055,241.182,306.243,True,elem,safe,,measured on KV260,0,8.0,1000,randomized blocks (stats.block_order),safe cpu fast,1809043137,20,50,5,246.507,249.252,249.997500,249.913907,249.854405,249.977359,249.997500,"f_readback (pl_clk0 PLL read-back, clock of record; f_meas is a cross-check only)"
2026-10-01T08:34:06+00:00,e91657aa272f8db8aafc7641da56afae9433579b,False,2023.1,7b2dac6026acf6ae9e6d87f80a457fb07b6e56c167dd2a168593b2105c9e130e,ZynqMP KV260 revB machine-id:a435d1c5,lenet5,all,249.997500,hw,52.980,1150,fd880d43,kria,pynq Clocks.fclk0_mhz readback,e91657aa272f8db8aafc7641da56afae9433579b,7749eb52347eba2cfc09ef50fb79af9a6aa4e51ae324a07db3c463f063fe654b,e91657aa272f8db8aafc7641da56afae9433579b,False,pynq,2,True,s2.B3,performance,1333333,3,35.811,paper-grade environment,status_clear,safe,1000,150,38.130,38.061,38.300,0.9537,"order-statistic (binomial, distribution-free)",True,37.520,38.130,40.781,41.865,39.023,37.090,114.931,True,elem,safe,,measured on KV260,0,8.0,1000,randomized blocks (stats.block_order),safe cpu fast,1809043137,20,50,5,37.765,40.495,249.997500,249.913907,249.854405,249.977359,249.997500,"f_readback (pl_clk0 PLL read-back, clock of record; f_meas is a cross-check only)"
2026-10-01T08:34:06+00:00,e91657aa272f8db8aafc7641da56afae9433579b,False,2023.1,7b2dac6026acf6ae9e6d87f80a457fb07b6e56c167dd2a168593b2105c9e130e,ZynqMP KV260 revB machine-id:a435d1c5,lenet5,all,249.997500,hw,52.980,1150,fd880d43,kria,pynq Clocks.fclk0_mhz readback,e91657aa272f8db8aafc7641da56afae9433579b,7749eb52347eba2cfc09ef50fb79af9a6aa4e51ae324a07db3c463f063fe654b,e91657aa272f8db8aafc7641da56afae9433579b,False,pynq,2,True,s2.B3,performance,1333333,3,35.811,paper-grade environment,start_done,safe,1000,150,87.176,86.981,89.591,0.9537,"order-statistic (binomial, distribution-free)",True,83.310,87.176,91.141,93.155,88.422,83.001,279.463,True,elem,safe,,measured on KV260,0,8.0,1000,randomized blocks (stats.block_order),safe cpu fast,1809043137,20,50,5,86.385,90.751,249.997500,249.913907,249.854405,249.977359,249.997500,"f_readback (pl_clk0 PLL read-back, clock of record; f_meas is a cross-check only)"
2026-10-01T08:34:06+00:00,e91657aa272f8db8aafc7641da56afae9433579b,False,2023.1,7b2dac6026acf6ae9e6d87f80a457fb07b6e56c167dd2a168593b2105c9e130e,ZynqMP KV260 revB machine-id:a435d1c5,lenet5,all,249.997500,hw,52.980,1150,fd880d43,kria,pynq Clocks.fclk0_mhz readback,e91657aa272f8db8aafc7641da56afae9433579b,7749eb52347eba2cfc09ef50fb79af9a6aa4e51ae324a07db3c463f063fe654b,e91657aa272f8db8aafc7641da56afae9433579b,False,pynq,2,True,s2.B3,performance,1333333,3,35.811,paper-grade environment,start_write,safe,1000,150,9.610,9.580,9.640,0.9537,"order-statistic (binomial, distribution-free)",True,9.320,9.610,10.560,10.820,10.087,9.140,199.152,False,elem,safe,,measured on KV260,0,8.0,1000,randomized blocks (stats.block_order),safe cpu fast,1809043137,20,50,5,9.440,10.425,249.997500,249.913907,249.854405,249.977359,249.997500,"f_readback (pl_clk0 PLL read-back, clock of record; f_meas is a cross-check only)"
2026-10-01T08:34:06+00:00,e91657aa272f8db8aafc7641da56afae9433579b,False,2023.1,7b2dac6026acf6ae9e6d87f80a457fb07b6e56c167dd2a168593b2105c9e130e,ZynqMP KV260 revB machine-id:a435d1c5,lenet5,all,249.997500,hw,52.980,1150,fd880d43,kria,pynq Clocks.fclk0_mhz readback,e91657aa272f8db8aafc7641da56afae9433579b,7749eb52347eba2cfc09ef50fb79af9a6aa4e51ae324a07db3c463f063fe654b,e91657aa272f8db8aafc7641da56afae9433579b,False,pynq,2,True,s2.B3,performance,1333333,3,35.811,paper-grade environment,poll,safe,1000,150,76.711,76.581,79.071,0.9537,"order-statistic (binomial, distribution-free)",True,73.821,76.711,81.591,81.831,78.336,73.440,125.092,False,elem,safe,,measured on KV260,0,8.0,1000,randomized blocks (stats.block_order),safe cpu fast,1809043137,20,50,5,76.076,81.246,249.997500,249.913907,249.854405,249.977359,249.997500,"f_readback (pl_clk0 PLL read-back, clock of record; f_meas is a cross-check only)"
2026-10-01T08:34:06+00:00,e91657aa272f8db8aafc7641da56afae9433579b,False,2023.1,7b2dac6026acf6ae9e6d87f80a457fb07b6e56c167dd2a168593b2105c9e130e,ZynqMP KV260 revB machine-id:a435d1c5,lenet5,all,249.997500,hw,52.980,1150,fd880d43,kria,pynq Clocks.fclk0_mhz readback,e91657aa272f8db8aafc7641da56afae9433579b,7749eb52347eba2cfc09ef50fb79af9a6aa4e51ae324a07db3c463f063fe654b,e91657aa272f8db8aafc7641da56afae9433579b,False,pynq,2,True,s2.B3,performance,1333333,3,35.811,paper-grade environment,logit_read,safe,1000,150,104.611,104.561,104.651,0.9537,"order-statistic (binomial, distribution-free)",True,102.510,104.611,105.761,119.814,104.845,101.581,163.802,True,elem,safe,,measured on KV260,0,8.0,1000,randomized blocks (stats.block_order),safe cpu fast,1809043137,20,50,5,102.511,105.111,249.997500,249.913907,249.854405,249.977359,249.997500,"f_readback (pl_clk0 PLL read-back, clock of record; f_meas is a cross-check only)"
2026-10-01T08:34:06+00:00,e91657aa272f8db8aafc7641da56afae9433579b,False,2023.1,7b2dac6026acf6ae9e6d87f80a457fb07b6e56c167dd2a168593b2105c9e130e,ZynqMP KV260 revB machine-id:a435d1c5,lenet5,all,249.997500,hw,52.980,1150,fd880d43,kria,pynq Clocks.fclk0_mhz readback,e91657aa272f8db8aafc7641da56afae9433579b,7749eb52347eba2cfc09ef50fb79af9a6aa4e51ae324a07db3c463f063fe654b,e91657aa272f8db8aafc7641da56afae9433579b,False,pynq,2,True,s2.B3,performance,1333333,3,35.811,paper-grade environment,ps_dequant,safe,1000,150,80.771,80.741,80.821,0.9537,"order-statistic (binomial, distribution-free)",True,80.111,80.771,81.832,93.874,81.040,79.421,105.671,True,elem,safe,,measured on KV260,0,8.0,1000,randomized blocks (stats.block_order),safe cpu fast,1809043137,20,50,5,80.516,81.116,249.997500,249.913907,249.854405,249.977359,249.997500,"f_readback (pl_clk0 PLL read-back, clock of record; f_meas is a cross-check only)"
2026-10-01T08:34:07+00:00,e91657aa272f8db8aafc7641da56afae9433579b,False,2023.1,7b2dac6026acf6ae9e6d87f80a457fb07b6e56c167dd2a168593b2105c9e130e,ZynqMP KV260 revB machine-id:a435d1c5,lenet5,all,249.997500,hw,52.980,1150,fd880d43,kria,pynq Clocks.fclk0_mhz readback,e91657aa272f8db8aafc7641da56afae9433579b,7749eb52347eba2cfc09ef50fb79af9a6aa4e51ae324a07db3c463f063fe654b,e91657aa272f8db8aafc7641da56afae9433579b,False,pynq,2,True,s2.B3,performance,1333333,3,35.811,paper-grade environment,end_to_end,safe,1000,150,560.881,560.616,561.284,0.9537,"order-statistic (binomial, distribution-free)",True,553.524,560.881,577.267,590.659,562.386,545.415,767.398,False,elem,safe,,measured on KV260,0,8.0,1000,randomized blocks (stats.block_order),safe cpu fast,1809043137,20,50,5,557.580,562.890,249.997500,249.913907,249.854405,249.977359,249.997500,"f_readback (pl_clk0 PLL read-back, clock of record; f_meas is a cross-check only)"
2026-10-01T08:34:07+00:00,e91657aa272f8db8aafc7641da56afae9433579b,False,2023.1,7b2dac6026acf6ae9e6d87f80a457fb07b6e56c167dd2a168593b2105c9e130e,ZynqMP KV260 revB machine-id:a435d1c5,lenet5,all,249.997500,hw,52.980,1150,fd880d43,kria,pynq Clocks.fclk0_mhz readback,e91657aa272f8db8aafc7641da56afae9433579b,7749eb52347eba2cfc09ef50fb79af9a6aa4e51ae324a07db3c463f063fe654b,e91657aa272f8db8aafc7641da56afae9433579b,False,pynq,2,True,s2.B3,performance,1333333,3,35.811,paper-grade environment,counter_read,safe,1000,150,115.306,115.221,115.391,0.9537,"order-statistic (binomial, distribution-free)",True,113.691,115.306,117.092,130.835,115.809,112.711,174.732,False,elem,safe,,measured on KV260,0,8.0,1000,randomized blocks (stats.block_order),safe cpu fast,1809043137,20,50,5,113.651,116.731,249.997500,249.913907,249.854405,249.977359,249.997500,"f_readback (pl_clk0 PLL read-back, clock of record; f_meas is a cross-check only)"
2026-10-01T08:34:07+00:00,e91657aa272f8db8aafc7641da56afae9433579b,False,2023.1,7b2dac6026acf6ae9e6d87f80a457fb07b6e56c167dd2a168593b2105c9e130e,ZynqMP KV260 revB machine-id:a435d1c5,lenet5,all,249.997500,hw,52.980,1150,fd880d43,kria,pynq Clocks.fclk0_mhz readback,e91657aa272f8db8aafc7641da56afae9433579b,7749eb52347eba2cfc09ef50fb79af9a6aa4e51ae324a07db3c463f063fe654b,e91657aa272f8db8aafc7641da56afae9433579b,False,pynq,2,True,s2.B3,performance,1333333,3,35.811,paper-grade environment,pl_compute,safe,1000,150,65.745,65.745,65.745,0.9537,"order-statistic (binomial, distribution-free)",True,65.745,65.745,65.745,65.745,65.745,65.745,65.745,False,elem,safe,,measured on KV260,0,8.0,1000,randomized blocks (stats.block_order),safe cpu fast,1809043137,20,50,5,65.745,65.745,249.997500,249.913907,249.854405,249.977359,249.997500,"f_readback (pl_clk0 PLL read-back, clock of record; f_meas is a cross-check only)"
2026-10-01T08:35:13+00:00,e91657aa272f8db8aafc7641da56afae9433579b,False,2023.1,7b2dac6026acf6ae9e6d87f80a457fb07b6e56c167dd2a168593b2105c9e130e,ZynqMP KV260 revB machine-id:a435d1c5,cifar10,all,249.997500,hw,64.985,1150,fd880d43,kria,pynq Clocks.fclk0_mhz readback,e91657aa272f8db8aafc7641da56afae9433579b,21e4eb74b4d9003047b6f4270e87435c537abef39bf23ecd6249857df2a600e5,e91657aa272f8db8aafc7641da56afae9433579b,False,pynq,2,True,s2.B3,performance,1333333,3,35.811,paper-grade environment,input_write,safe,1000,150,784.233,783.478,784.638,0.9537,"order-statistic (binomial, distribution-free)",True,774.216,784.233,801.239,838.136,786.064,765.817,931.629,True,elem,safe,,measured on KV260,0,53.0,1000,randomized blocks (stats.block_order),safe cpu fast,1809043137,20,50,5,781.163,790.168,249.997500,249.913907,249.854405,249.977359,249.997500,"f_readback (pl_clk0 PLL read-back, clock of record; f_meas is a cross-check only)"
2026-10-01T08:35:13+00:00,e91657aa272f8db8aafc7641da56afae9433579b,False,2023.1,7b2dac6026acf6ae9e6d87f80a457fb07b6e56c167dd2a168593b2105c9e130e,ZynqMP KV260 revB machine-id:a435d1c5,cifar10,all,249.997500,hw,64.985,1150,fd880d43,kria,pynq Clocks.fclk0_mhz readback,e91657aa272f8db8aafc7641da56afae9433579b,21e4eb74b4d9003047b6f4270e87435c537abef39bf23ecd6249857df2a600e5,e91657aa272f8db8aafc7641da56afae9433579b,False,pynq,2,True,s2.B3,performance,1333333,3,35.811,paper-grade environment,status_clear,safe,1000,150,38.300,38.271,38.330,0.9537,"order-statistic (binomial, distribution-free)",True,37.860,38.300,39.431,51.642,38.810,37.201,95.571,True,elem,safe,,measured on KV260,0,53.0,1000,randomized blocks (stats.block_order),safe cpu fast,1809043137,20,50,5,38.170,38.690,249.997500,249.913907,249.854405,249.977359,249.997500,"f_readback (pl_clk0 PLL read-back, clock of record; f_meas is a cross-check only)"
2026-10-01T08:35:13+00:00,e91657aa272f8db8aafc7641da56afae9433579b,False,2023.1,7b2dac6026acf6ae9e6d87f80a457fb07b6e56c167dd2a168593b2105c9e130e,ZynqMP KV260 revB machine-id:a435d1c5,cifar10,all,249.997500,hw,64.985,1150,fd880d43,kria,pynq Clocks.fclk0_mhz readback,e91657aa272f8db8aafc7641da56afae9433579b,21e4eb74b4d9003047b6f4270e87435c537abef39bf23ecd6249857df2a600e5,e91657aa272f8db8aafc7641da56afae9433579b,False,pynq,2,True,s2.B3,performance,1333333,3,35.811,paper-grade environment,start_done,safe,1000,150,437.719,437.535,437.885,0.9537,"order-statistic (binomial, distribution-free)",True,434.885,437.719,442.145,446.241,438.111,434.265,479.104,True,elem,safe,,measured on KV260,0,53.0,1000,randomized blocks (stats.block_order),safe cpu fast,1809043137,20,50,5,437.055,438.644,249.997500,249.913907,249.854405,249.977359,249.997500,"f_readback (pl_clk0 PLL read-back, clock of record; f_meas is a cross-check only)"
2026-10-01T08:35:13+00:00,e91657aa272f8db8aafc7641da56afae9433579b,False,2023.1,7b2dac6026acf6ae9e6d87f80a457fb07b6e56c167dd2a168593b2105c9e130e,ZynqMP KV260 revB machine-id:a435d1c5,cifar10,all,249.997500,hw,64.985,1150,fd880d43,kria,pynq Clocks.fclk0_mhz readback,e91657aa272f8db8aafc7641da56afae9433579b,21e4eb74b4d9003047b6f4270e87435c537abef39bf23ecd6249857df2a600e5,e91657aa272f8db8aafc7641da56afae9433579b,False,pynq,2,True,s2.B3,performance,1333333,3,35.811,paper-grade environment,start_write,safe,1000,150,9.530,9.520,9.540,0.9537,"order-statistic (binomial, distribution-free)",True,9.340,9.530,9.780,10.141,9.602,9.160,28.930,False,elem,safe,,measured on KV260,0,53.0,1000,randomized blocks (stats.block_order),safe cpu fast,1809043137,20,50,5,9.480,9.595,249.997500,249.913907,249.854405,249.977359,249.997500,"f_readback (pl_clk0 PLL read-back, clock of record; f_meas is a cross-check only)"
2026-10-01T08:35:13+00:00,e91657aa272f8db8aafc7641da56afae9433579b,False,2023.1,7b2dac6026acf6ae9e6d87f80a457fb07b6e56c167dd2a168593b2105c9e130e,ZynqMP KV260 revB machine-id:a435d1c5,cifar10,all,249.997500,hw,64.985,1150,fd880d43,kria,pynq Clocks.fclk0_mhz readback,e91657aa272f8db8aafc7641da56afae9433579b,21e4eb74b4d9003047b6f4270e87435c537abef39bf23ecd6249857df2a600e5,e91657aa272f8db8aafc7641da56afae9433579b,False,pynq,2,True,s2.B3,performance,1333333,3,35.811,paper-grade environment,poll,safe,1000,150,428.135,427.975,428.384,0.9537,"order-statistic (binomial, distribution-free)",True,425.344,428.135,432.594,433.705,428.509,414.204,469.474,False,elem,safe,,measured on KV260,0,53.0,1000,randomized blocks (stats.block_order),safe cpu fast,1809043137,20,50,5,427.489,428.989,249.997500,249.913907,249.854405,249.977359,249.997500,"f_readback (pl_clk0 PLL read-back, clock of record; f_meas is a cross-check only)"
2026-10-01T08:35:13+00:00,e91657aa272f8db8aafc7641da56afae9433579b,False,2023.1,7b2dac6026acf6ae9e6d87f80a457fb07b6e56c167dd2a168593b2105c9e130e,ZynqMP KV260 revB machine-id:a435d1c5,cifar10,all,249.997500,hw,64.985,1150,fd880d43,kria,pynq Clocks.fclk0_mhz readback,e91657aa272f8db8aafc7641da56afae9433579b,21e4eb74b4d9003047b6f4270e87435c537abef39bf23ecd6249857df2a600e5,e91657aa272f8db8aafc7641da56afae9433579b,False,pynq,2,True,s2.B3,performance,1333333,3,35.811,paper-grade environment,logit_read,safe,1000,150,102.971,102.931,103.031,0.9537,"order-statistic (binomial, distribution-free)",True,101.990,102.971,104.645,120.643,103.705,101.221,171.931,True,elem,safe,,measured on KV260,0,53.0,1000,randomized blocks (stats.block_order),safe cpu fast,1809043137,20,50,5,102.656,103.646,249.997500,249.913907,249.854405,249.977359,249.997500,"f_readback (pl_clk0 PLL read-back, clock of record; f_meas is a cross-check only)"
2026-10-01T08:35:13+00:00,e91657aa272f8db8aafc7641da56afae9433579b,False,2023.1,7b2dac6026acf6ae9e6d87f80a457fb07b6e56c167dd2a168593b2105c9e130e,ZynqMP KV260 revB machine-id:a435d1c5,cifar10,all,249.997500,hw,64.985,1150,fd880d43,kria,pynq Clocks.fclk0_mhz readback,e91657aa272f8db8aafc7641da56afae9433579b,21e4eb74b4d9003047b6f4270e87435c537abef39bf23ecd6249857df2a600e5,e91657aa272f8db8aafc7641da56afae9433579b,False,pynq,2,True,s2.B3,performance,1333333,3,35.811,paper-grade environment,ps_dequant,safe,1000,150,81.101,81.041,81.151,0.9537,"order-statistic (binomial, distribution-free)",True,80.281,81.101,83.313,134.085,82.828,79.620,341.173,True,elem,safe,,measured on KV260,0,53.0,1000,randomized blocks (stats.block_order),safe cpu fast,1809043137,20,50,5,80.790,82.055,249.997500,249.913907,249.854405,249.977359,249.997500,"f_readback (pl_clk0 PLL read-back, clock of record; f_meas is a cross-check only)"
2026-10-01T08:35:13+00:00,e91657aa272f8db8aafc7641da56afae9433579b,False,2023.1,7b2dac6026acf6ae9e6d87f80a457fb07b6e56c167dd2a168593b2105c9e130e,ZynqMP KV260 revB machine-id:a435d1c5,cifar10,all,249.997500,hw,64.985,1150,fd880d43,kria,pynq Clocks.fclk0_mhz readback,e91657aa272f8db8aafc7641da56afae9433579b,21e4eb74b4d9003047b6f4270e87435c537abef39bf23ecd6249857df2a600e5,e91657aa272f8db8aafc7641da56afae9433579b,False,pynq,2,True,s2.B3,performance,1333333,3,35.811,paper-grade environment,end_to_end,safe,1000,150,1445.084,1444.495,1445.595,0.9537,"order-statistic (binomial, distribution-free)",True,1433.869,1445.084,1465.233,1567.966,1449.518,1425.854,1866.307,False,elem,safe,,measured on KV260,0,53.0,1000,randomized blocks (stats.block_order),safe cpu fast,1809043137,20,50,5,1441.604,1452.214,249.997500,249.913907,249.854405,249.977359,249.997500,"f_readback (pl_clk0 PLL read-back, clock of record; f_meas is a cross-check only)"
2026-10-01T08:35:13+00:00,e91657aa272f8db8aafc7641da56afae9433579b,False,2023.1,7b2dac6026acf6ae9e6d87f80a457fb07b6e56c167dd2a168593b2105c9e130e,ZynqMP KV260 revB machine-id:a435d1c5,cifar10,all,249.997500,hw,64.985,1150,fd880d43,kria,pynq Clocks.fclk0_mhz readback,e91657aa272f8db8aafc7641da56afae9433579b,21e4eb74b4d9003047b6f4270e87435c537abef39bf23ecd6249857df2a600e5,e91657aa272f8db8aafc7641da56afae9433579b,False,pynq,2,True,s2.B3,performance,1333333,3,35.811,paper-grade environment,counter_read,safe,1000,150,107.271,107.231,107.301,0.9537,"order-statistic (binomial, distribution-free)",True,106.591,107.271,109.071,128.403,108.137,105.951,163.442,False,elem,safe,,measured on KV260,0,53.0,1000,randomized blocks (stats.block_order),safe cpu fast,1809043137,20,50,5,107.121,107.891,249.997500,249.913907,249.854405,249.977359,249.997500,"f_readback (pl_clk0 PLL read-back, clock of record; f_meas is a cross-check only)"
2026-10-01T08:35:13+00:00,e91657aa272f8db8aafc7641da56afae9433579b,False,2023.1,7b2dac6026acf6ae9e6d87f80a457fb07b6e56c167dd2a168593b2105c9e130e,ZynqMP KV260 revB machine-id:a435d1c5,cifar10,all,249.997500,hw,64.985,1150,fd880d43,kria,pynq Clocks.fclk0_mhz readback,e91657aa272f8db8aafc7641da56afae9433579b,21e4eb74b4d9003047b6f4270e87435c537abef39bf23ecd6249857df2a600e5,e91657aa272f8db8aafc7641da56afae9433579b,False,pynq,2,True,s2.B3,performance,1333333,3,35.811,paper-grade environment,pl_compute,safe,1000,150,416.992,416.992,416.992,0.9537,"order-statistic (binomial, distribution-free)",True,416.992,416.992,416.992,416.992,416.992,416.992,416.992,False,elem,safe,,measured on KV260,0,53.0,1000,randomized blocks (stats.block_order),safe cpu fast,1809043137,20,50,5,416.992,416.992,249.997500,249.913907,249.854405,249.977359,249.997500,"f_readback (pl_clk0 PLL read-back, clock of record; f_meas is a cross-check only)"
