timestamp,git_commit,git_dirty,vivado_version,bitstream_sha256,board_id,net,layer,clock_mhz,source,duration_s,num_inferences,kind,label,threads,mode,median_us,median_ci_lo_us,median_ci_hi_us,ci_coverage,ci_method,p5_us,p50_us,p95_us,p99_us,mean_us,min_us,max_us,cpu_affinity,pin_requested,session_index,paper_grade,env_step,cpu_governor,cpu_freq_khz,die_temp_start_c,env_note,runs,warmup,accuracy,correct,n_images,acc_batch,golden_bitexact,package_crosscheck,status,numpy_version,blas,ort_version,cpu_model,hostname,python_version,package_sha256,data_manifest_sha256,versions
2026-10-01T08:36:12+00:00,e91657aa272f8db8aafc7641da56afae9433579b,False,,,ZynqMP KV260 revB machine-id:a435d1c5,lenet5,all,,cpu_board,4.919,110,cpu_int8_ref,unoptimized reference,1,compute,44661.042,44635.458,44689.398,0.965,"order-statistic (binomial, distribution-free)",44522.162,44661.042,44934.437,45050.184,44679.344,44420.066,45223.644,3,3,2,True,s2.CPU,performance,1333333,36.884,paper-grade environment,100,10,,,,,,,ok,1.26.4,openblas64 0.3.23.dev,1.19.2,"ARM Cortex-A53 (CPU implementer=0x41, CPU architecture=8, CPU part=0xd03; 4 cpus)",kria,3.10.12,e70a9c5ffe8db9d4321a4f88ea075b5f225c2022fb29704d6469615b28870f93,7749eb52347eba2cfc09ef50fb79af9a6aa4e51ae324a07db3c463f063fe654b,"{""export"": {""numpy"": ""1.26.4"", ""onnx"": ""1.16.1"", ""onnx_opset"": 17, ""onnxruntime"": ""1.19.2"", ""python"": ""3.10.12"", ""torch"": ""2.1.2+cpu""}, ""reference_version"": ""lenet5_v1""}"
2026-10-01T08:36:12+00:00,e91657aa272f8db8aafc7641da56afae9433579b,False,,,ZynqMP KV260 revB machine-id:a435d1c5,lenet5,all,,cpu_board,4.925,110,cpu_int8_ref,unoptimized reference,1,e2e,44737.827,44719.807,44770.116,0.965,"order-statistic (binomial, distribution-free)",44585.769,44737.827,45019.565,45134.411,44760.788,44550.546,45208.681,3,3,2,True,s2.CPU,performance,1333333,36.884,paper-grade environment,100,10,,,,,,,ok,1.26.4,openblas64 0.3.23.dev,1.19.2,"ARM Cortex-A53 (CPU implementer=0x41, CPU architecture=8, CPU part=0xd03; 4 cpus)",kria,3.10.12,e70a9c5ffe8db9d4321a4f88ea075b5f225c2022fb29704d6469615b28870f93,7749eb52347eba2cfc09ef50fb79af9a6aa4e51ae324a07db3c463f063fe654b,"{""export"": {""numpy"": ""1.26.4"", ""onnx"": ""1.16.1"", ""onnx_opset"": 17, ""onnxruntime"": ""1.19.2"", ""python"": ""3.10.12"", ""torch"": ""2.1.2+cpu""}, ""reference_version"": ""lenet5_v1""}"
2026-10-01T08:36:12+00:00,e91657aa272f8db8aafc7641da56afae9433579b,False,,,ZynqMP KV260 revB machine-id:a435d1c5,lenet5,all,,cpu_board,46.644,10000,cpu_int8_ref,unoptimized reference,1,accuracy,,,,,,,,,,,,,3,3,2,True,s2.CPU,performance,1333333,36.884,paper-grade environment,,,98.79,9879,10000,100,10000/10000 (golden_logits.npy),labels 10000/10000; x_nchw 10000/10000,ok,1.26.4,openblas64 0.3.23.dev,1.19.2,"ARM Cortex-A53 (CPU implementer=0x41, CPU architecture=8, CPU part=0xd03; 4 cpus)",kria,3.10.12,e70a9c5ffe8db9d4321a4f88ea075b5f225c2022fb29704d6469615b28870f93,7749eb52347eba2cfc09ef50fb79af9a6aa4e51ae324a07db3c463f063fe654b,"{""export"": {""numpy"": ""1.26.4"", ""onnx"": ""1.16.1"", ""onnx_opset"": 17, ""onnxruntime"": ""1.19.2"", ""python"": ""3.10.12"", ""torch"": ""2.1.2+cpu""}, ""reference_version"": ""lenet5_v1""}"
2026-10-01T08:36:23+00:00,e91657aa272f8db8aafc7641da56afae9433579b,False,,,ZynqMP KV260 revB machine-id:a435d1c5,lenet5,all,,cpu_board,4.942,110,cpu_int8_ref,unoptimized reference,4,compute,44860.590,44841.569,44890.770,0.965,"order-statistic (binomial, distribution-free)",44694.846,44860.590,45231.328,45541.379,44899.564,44654.128,45902.979,"0,1,2,3",0-3,2,True,s2.CPU,performance,1333333,36.884,paper-grade environment,100,10,,,,,,,ok,1.26.4,openblas64 0.3.23.dev,1.19.2,"ARM Cortex-A53 (CPU implementer=0x41, CPU architecture=8, CPU part=0xd03; 4 cpus)",kria,3.10.12,e70a9c5ffe8db9d4321a4f88ea075b5f225c2022fb29704d6469615b28870f93,7749eb52347eba2cfc09ef50fb79af9a6aa4e51ae324a07db3c463f063fe654b,"{""export"": {""numpy"": ""1.26.4"", ""onnx"": ""1.16.1"", ""onnx_opset"": 17, ""onnxruntime"": ""1.19.2"", ""python"": ""3.10.12"", ""torch"": ""2.1.2+cpu""}, ""reference_version"": ""lenet5_v1""}"
2026-10-01T08:36:23+00:00,e91657aa272f8db8aafc7641da56afae9433579b,False,,,ZynqMP KV260 revB machine-id:a435d1c5,lenet5,all,,cpu_board,4.955,110,cpu_int8_ref,unoptimized reference,4,e2e,45007.954,44987.680,45026.320,0.965,"order-statistic (binomial, distribution-free)",44915.571,45007.954,45215.364,45504.200,45033.541,44877.689,46014.698,"0,1,2,3",0-3,2,True,s2.CPU,performance,1333333,36.884,paper-grade environment,100,10,,,,,,,ok,1.26.4,openblas64 0.3.23.dev,1.19.2,"ARM Cortex-A53 (CPU implementer=0x41, CPU architecture=8, CPU part=0xd03; 4 cpus)",kria,3.10.12,e70a9c5ffe8db9d4321a4f88ea075b5f225c2022fb29704d6469615b28870f93,7749eb52347eba2cfc09ef50fb79af9a6aa4e51ae324a07db3c463f063fe654b,"{""export"": {""numpy"": ""1.26.4"", ""onnx"": ""1.16.1"", ""onnx_opset"": 17, ""onnxruntime"": ""1.19.2"", ""python"": ""3.10.12"", ""torch"": ""2.1.2+cpu""}, ""reference_version"": ""lenet5_v1""}"
2026-10-01T08:36:47+00:00,e91657aa272f8db8aafc7641da56afae9433579b,False,,,ZynqMP KV260 revB machine-id:a435d1c5,lenet5,all,,cpu_board,0.231,110,cpu_fp32_numpy,numpy FP32 im2col+matmul,1,compute,2091.163,2079.918,2097.189,0.965,"order-statistic (binomial, distribution-free)",2060.451,2091.163,2130.651,2161.408,2089.256,2057.329,2180.109,3,3,2,True,s2.CPU,performance,1333333,36.884,paper-grade environment,100,10,,,,,,,ok,1.26.4,openblas64 0.3.23.dev,1.19.2,"ARM Cortex-A53 (CPU implementer=0x41, CPU architecture=8, CPU part=0xd03; 4 cpus)",kria,3.10.12,e70a9c5ffe8db9d4321a4f88ea075b5f225c2022fb29704d6469615b28870f93,7749eb52347eba2cfc09ef50fb79af9a6aa4e51ae324a07db3c463f063fe654b,"{""export"": {""numpy"": ""1.26.4"", ""onnx"": ""1.16.1"", ""onnx_opset"": 17, ""onnxruntime"": ""1.19.2"", ""python"": ""3.10.12"", ""torch"": ""2.1.2+cpu""}, ""reference_version"": ""lenet5_v1""}"
2026-10-01T08:36:47+00:00,e91657aa272f8db8aafc7641da56afae9433579b,False,,,ZynqMP KV260 revB machine-id:a435d1c5,lenet5,all,,cpu_board,0.239,110,cpu_fp32_numpy,numpy FP32 im2col+matmul,1,e2e,2170.194,2156.799,2173.759,0.965,"order-statistic (binomial, distribution-free)",2138.358,2170.194,2203.622,2236.882,2166.851,2135.939,2275.730,3,3,2,True,s2.CPU,performance,1333333,36.884,paper-grade environment,100,10,,,,,,,ok,1.26.4,openblas64 0.3.23.dev,1.19.2,"ARM Cortex-A53 (CPU implementer=0x41, CPU architecture=8, CPU part=0xd03; 4 cpus)",kria,3.10.12,e70a9c5ffe8db9d4321a4f88ea075b5f225c2022fb29704d6469615b28870f93,7749eb52347eba2cfc09ef50fb79af9a6aa4e51ae324a07db3c463f063fe654b,"{""export"": {""numpy"": ""1.26.4"", ""onnx"": ""1.16.1"", ""onnx_opset"": 17, ""onnxruntime"": ""1.19.2"", ""python"": ""3.10.12"", ""torch"": ""2.1.2+cpu""}, ""reference_version"": ""lenet5_v1""}"
2026-10-01T08:36:47+00:00,e91657aa272f8db8aafc7641da56afae9433579b,False,,,ZynqMP KV260 revB machine-id:a435d1c5,lenet5,all,,cpu_board,22.331,10000,cpu_fp32_numpy,numpy FP32 im2col+matmul,1,accuracy,,,,,,,,,,,,,3,3,2,True,s2.CPU,performance,1333333,36.884,paper-grade environment,,,98.78,9878,10000,1,,labels 10000/10000; x_f32 10000/10000,ok,1.26.4,openblas64 0.3.23.dev,1.19.2,"ARM Cortex-A53 (CPU implementer=0x41, CPU architecture=8, CPU part=0xd03; 4 cpus)",kria,3.10.12,e70a9c5ffe8db9d4321a4f88ea075b5f225c2022fb29704d6469615b28870f93,7749eb52347eba2cfc09ef50fb79af9a6aa4e51ae324a07db3c463f063fe654b,"{""export"": {""numpy"": ""1.26.4"", ""onnx"": ""1.16.1"", ""onnx_opset"": 17, ""onnxruntime"": ""1.19.2"", ""python"": ""3.10.12"", ""torch"": ""2.1.2+cpu""}, ""reference_version"": ""lenet5_v1""}"
2026-10-01T08:36:49+00:00,e91657aa272f8db8aafc7641da56afae9433579b,False,,,ZynqMP KV260 revB machine-id:a435d1c5,lenet5,all,,cpu_board,0.302,110,cpu_fp32_numpy,numpy FP32 im2col+matmul,4,compute,2721.784,2717.594,2725.514,0.965,"order-statistic (binomial, distribution-free)",2689.155,2721.784,2803.248,2900.064,2730.009,2668.323,2922.685,"0,1,2,3",0-3,2,True,s2.CPU,performance,1333333,36.884,paper-grade environment,100,10,,,,,,,ok,1.26.4,openblas64 0.3.23.dev,1.19.2,"ARM Cortex-A53 (CPU implementer=0x41, CPU architecture=8, CPU part=0xd03; 4 cpus)",kria,3.10.12,e70a9c5ffe8db9d4321a4f88ea075b5f225c2022fb29704d6469615b28870f93,7749eb52347eba2cfc09ef50fb79af9a6aa4e51ae324a07db3c463f063fe654b,"{""export"": {""numpy"": ""1.26.4"", ""onnx"": ""1.16.1"", ""onnx_opset"": 17, ""onnxruntime"": ""1.19.2"", ""python"": ""3.10.12"", ""torch"": ""2.1.2+cpu""}, ""reference_version"": ""lenet5_v1""}"
2026-10-01T08:36:49+00:00,e91657aa272f8db8aafc7641da56afae9433579b,False,,,ZynqMP KV260 revB machine-id:a435d1c5,lenet5,all,,cpu_board,0.316,110,cpu_fp32_numpy,numpy FP32 im2col+matmul,4,e2e,2859.360,2851.305,2869.585,0.965,"order-statistic (binomial, distribution-free)",2811.437,2859.360,2908.090,2959.275,2861.412,2768.624,3044.457,"0,1,2,3",0-3,2,True,s2.CPU,performance,1333333,36.884,paper-grade environment,100,10,,,,,,,ok,1.26.4,openblas64 0.3.23.dev,1.19.2,"ARM Cortex-A53 (CPU implementer=0x41, CPU architecture=8, CPU part=0xd03; 4 cpus)",kria,3.10.12,e70a9c5ffe8db9d4321a4f88ea075b5f225c2022fb29704d6469615b28870f93,7749eb52347eba2cfc09ef50fb79af9a6aa4e51ae324a07db3c463f063fe654b,"{""export"": {""numpy"": ""1.26.4"", ""onnx"": ""1.16.1"", ""onnx_opset"": 17, ""onnxruntime"": ""1.19.2"", ""python"": ""3.10.12"", ""torch"": ""2.1.2+cpu""}, ""reference_version"": ""lenet5_v1""}"
2026-10-01T08:36:59+00:00,e91657aa272f8db8aafc7641da56afae9433579b,False,,,ZynqMP KV260 revB machine-id:a435d1c5,lenet5,all,,cpu_board,0.085,110,cpu_ort_fp32,onnxruntime CPU EP,1,compute,741.292,740.396,743.157,0.965,"order-statistic (binomial, distribution-free)",736.541,741.292,771.991,798.245,746.852,735.416,813.927,3,3,2,True,s2.CPU,performance,1333333,36.884,paper-grade environment,100,10,,,,,,,ok,1.26.4,openblas64 0.3.23.dev,1.19.2,"ARM Cortex-A53 (CPU implementer=0x41, CPU architecture=8, CPU part=0xd03; 4 cpus)",kria,3.10.12,e70a9c5ffe8db9d4321a4f88ea075b5f225c2022fb29704d6469615b28870f93,7749eb52347eba2cfc09ef50fb79af9a6aa4e51ae324a07db3c463f063fe654b,"{""export"": {""numpy"": ""1.26.4"", ""onnx"": ""1.16.1"", ""onnx_opset"": 17, ""onnxruntime"": ""1.19.2"", ""python"": ""3.10.12"", ""torch"": ""2.1.2+cpu""}, ""reference_version"": ""lenet5_v1""}"
2026-10-01T08:36:59+00:00,e91657aa272f8db8aafc7641da56afae9433579b,False,,,ZynqMP KV260 revB machine-id:a435d1c5,lenet5,all,,cpu_board,0.095,110,cpu_ort_fp32,onnxruntime CPU EP,1,e2e,848.007,842.637,854.288,0.965,"order-statistic (binomial, distribution-free)",836.612,848.007,904.716,933.629,857.611,833.077,998.108,3,3,2,True,s2.CPU,performance,1333333,36.884,paper-grade environment,100,10,,,,,,,ok,1.26.4,openblas64 0.3.23.dev,1.19.2,"ARM Cortex-A53 (CPU implementer=0x41, CPU architecture=8, CPU part=0xd03; 4 cpus)",kria,3.10.12,e70a9c5ffe8db9d4321a4f88ea075b5f225c2022fb29704d6469615b28870f93,7749eb52347eba2cfc09ef50fb79af9a6aa4e51ae324a07db3c463f063fe654b,"{""export"": {""numpy"": ""1.26.4"", ""onnx"": ""1.16.1"", ""onnx_opset"": 17, ""onnxruntime"": ""1.19.2"", ""python"": ""3.10.12"", ""torch"": ""2.1.2+cpu""}, ""reference_version"": ""lenet5_v1""}"
2026-10-01T08:36:59+00:00,e91657aa272f8db8aafc7641da56afae9433579b,False,,,ZynqMP KV260 revB machine-id:a435d1c5,lenet5,all,,cpu_board,9.188,10000,cpu_ort_fp32,onnxruntime CPU EP,1,accuracy,,,,,,,,,,,,,3,3,2,True,s2.CPU,performance,1333333,36.884,paper-grade environment,,,98.78,9878,10000,1,,labels 10000/10000; x_f32 10000/10000,ok,1.26.4,openblas64 0.3.23.dev,1.19.2,"ARM Cortex-A53 (CPU implementer=0x41, CPU architecture=8, CPU part=0xd03; 4 cpus)",kria,3.10.12,e70a9c5ffe8db9d4321a4f88ea075b5f225c2022fb29704d6469615b28870f93,7749eb52347eba2cfc09ef50fb79af9a6aa4e51ae324a07db3c463f063fe654b,"{""export"": {""numpy"": ""1.26.4"", ""onnx"": ""1.16.1"", ""onnx_opset"": 17, ""onnxruntime"": ""1.19.2"", ""python"": ""3.10.12"", ""torch"": ""2.1.2+cpu""}, ""reference_version"": ""lenet5_v1""}"
2026-10-01T08:37:01+00:00,e91657aa272f8db8aafc7641da56afae9433579b,False,,,ZynqMP KV260 revB machine-id:a435d1c5,lenet5,all,,cpu_board,0.088,110,cpu_ort_fp32,onnxruntime CPU EP,4,compute,769.866,765.166,775.457,0.965,"order-statistic (binomial, distribution-free)",748.758,769.866,812.862,835.887,773.035,742.526,841.787,"0,1,2,3",0-3,2,True,s2.CPU,performance,1333333,36.884,paper-grade environment,100,10,,,,,,,ok,1.26.4,openblas64 0.3.23.dev,1.19.2,"ARM Cortex-A53 (CPU implementer=0x41, CPU architecture=8, CPU part=0xd03; 4 cpus)",kria,3.10.12,e70a9c5ffe8db9d4321a4f88ea075b5f225c2022fb29704d6469615b28870f93,7749eb52347eba2cfc09ef50fb79af9a6aa4e51ae324a07db3c463f063fe654b,"{""export"": {""numpy"": ""1.26.4"", ""onnx"": ""1.16.1"", ""onnx_opset"": 17, ""onnxruntime"": ""1.19.2"", ""python"": ""3.10.12"", ""torch"": ""2.1.2+cpu""}, ""reference_version"": ""lenet5_v1""}"
2026-10-01T08:37:01+00:00,e91657aa272f8db8aafc7641da56afae9433579b,False,,,ZynqMP KV260 revB machine-id:a435d1c5,lenet5,all,,cpu_board,0.109,110,cpu_ort_fp32,onnxruntime CPU EP,4,e2e,974.544,965.628,984.628,0.965,"order-statistic (binomial, distribution-free)",940.210,974.544,1037.849,1047.553,979.355,934.748,1188.500,"0,1,2,3",0-3,2,True,s2.CPU,performance,1333333,36.884,paper-grade environment,100,10,,,,,,,ok,1.26.4,openblas64 0.3.23.dev,1.19.2,"ARM Cortex-A53 (CPU implementer=0x41, CPU architecture=8, CPU part=0xd03; 4 cpus)",kria,3.10.12,e70a9c5ffe8db9d4321a4f88ea075b5f225c2022fb29704d6469615b28870f93,7749eb52347eba2cfc09ef50fb79af9a6aa4e51ae324a07db3c463f063fe654b,"{""export"": {""numpy"": ""1.26.4"", ""onnx"": ""1.16.1"", ""onnx_opset"": 17, ""onnxruntime"": ""1.19.2"", ""python"": ""3.10.12"", ""torch"": ""2.1.2+cpu""}, ""reference_version"": ""lenet5_v1""}"
2026-10-01T08:37:11+00:00,e91657aa272f8db8aafc7641da56afae9433579b,False,,,ZynqMP KV260 revB machine-id:a435d1c5,lenet5,all,,cpu_board,0.090,110,cpu_ort_int8,onnxruntime CPU EP,1,compute,799.052,798.406,799.727,0.965,"order-statistic (binomial, distribution-free)",796.205,799.052,815.414,823.221,802.056,795.426,830.558,3,3,2,True,s2.CPU,performance,1333333,36.884,paper-grade environment,100,10,,,,,,,ok,1.26.4,openblas64 0.3.23.dev,1.19.2,"ARM Cortex-A53 (CPU implementer=0x41, CPU architecture=8, CPU part=0xd03; 4 cpus)",kria,3.10.12,e70a9c5ffe8db9d4321a4f88ea075b5f225c2022fb29704d6469615b28870f93,7749eb52347eba2cfc09ef50fb79af9a6aa4e51ae324a07db3c463f063fe654b,"{""export"": {""numpy"": ""1.26.4"", ""onnx"": ""1.16.1"", ""onnx_opset"": 17, ""onnxruntime"": ""1.19.2"", ""python"": ""3.10.12"", ""torch"": ""2.1.2+cpu""}, ""reference_version"": ""lenet5_v1""}"
2026-10-01T08:37:11+00:00,e91657aa272f8db8aafc7641da56afae9433579b,False,,,ZynqMP KV260 revB machine-id:a435d1c5,lenet5,all,,cpu_board,0.098,110,cpu_ort_int8,onnxruntime CPU EP,1,e2e,878.168,876.278,879.248,0.965,"order-statistic (binomial, distribution-free)",873.751,878.168,902.745,910.800,882.366,872.608,931.778,3,3,2,True,s2.CPU,performance,1333333,36.884,paper-grade environment,100,10,,,,,,,ok,1.26.4,openblas64 0.3.23.dev,1.19.2,"ARM Cortex-A53 (CPU implementer=0x41, CPU architecture=8, CPU part=0xd03; 4 cpus)",kria,3.10.12,e70a9c5ffe8db9d4321a4f88ea075b5f225c2022fb29704d6469615b28870f93,7749eb52347eba2cfc09ef50fb79af9a6aa4e51ae324a07db3c463f063fe654b,"{""export"": {""numpy"": ""1.26.4"", ""onnx"": ""1.16.1"", ""onnx_opset"": 17, ""onnxruntime"": ""1.19.2"", ""python"": ""3.10.12"", ""torch"": ""2.1.2+cpu""}, ""reference_version"": ""lenet5_v1""}"
2026-10-01T08:37:11+00:00,e91657aa272f8db8aafc7641da56afae9433579b,False,,,ZynqMP KV260 revB machine-id:a435d1c5,lenet5,all,,cpu_board,9.436,10000,cpu_ort_int8,onnxruntime CPU EP,1,accuracy,,,,,,,,,,,,,3,3,2,True,s2.CPU,performance,1333333,36.884,paper-grade environment,,,98.84,9884,10000,1,,labels 10000/10000; x_f32 10000/10000,ok,1.26.4,openblas64 0.3.23.dev,1.19.2,"ARM Cortex-A53 (CPU implementer=0x41, CPU architecture=8, CPU part=0xd03; 4 cpus)",kria,3.10.12,e70a9c5ffe8db9d4321a4f88ea075b5f225c2022fb29704d6469615b28870f93,7749eb52347eba2cfc09ef50fb79af9a6aa4e51ae324a07db3c463f063fe654b,"{""export"": {""numpy"": ""1.26.4"", ""onnx"": ""1.16.1"", ""onnx_opset"": 17, ""onnxruntime"": ""1.19.2"", ""python"": ""3.10.12"", ""torch"": ""2.1.2+cpu""}, ""reference_version"": ""lenet5_v1""}"
2026-10-01T08:37:13+00:00,e91657aa272f8db8aafc7641da56afae9433579b,False,,,ZynqMP KV260 revB machine-id:a435d1c5,lenet5,all,,cpu_board,0.070,110,cpu_ort_int8,onnxruntime CPU EP,4,compute,620.216,617.465,620.925,0.965,"order-statistic (binomial, distribution-free)",605.163,620.216,636.535,646.501,618.318,604.275,647.086,"0,1,2,3",0-3,2,True,s2.CPU,performance,1333333,36.884,paper-grade environment,100,10,,,,,,,ok,1.26.4,openblas64 0.3.23.dev,1.19.2,"ARM Cortex-A53 (CPU implementer=0x41, CPU architecture=8, CPU part=0xd03; 4 cpus)",kria,3.10.12,e70a9c5ffe8db9d4321a4f88ea075b5f225c2022fb29704d6469615b28870f93,7749eb52347eba2cfc09ef50fb79af9a6aa4e51ae324a07db3c463f063fe654b,"{""export"": {""numpy"": ""1.26.4"", ""onnx"": ""1.16.1"", ""onnx_opset"": 17, ""onnxruntime"": ""1.19.2"", ""python"": ""3.10.12"", ""torch"": ""2.1.2+cpu""}, ""reference_version"": ""lenet5_v1""}"
2026-10-01T08:37:13+00:00,e91657aa272f8db8aafc7641da56afae9433579b,False,,,ZynqMP KV260 revB machine-id:a435d1c5,lenet5,all,,cpu_board,0.078,110,cpu_ort_int8,onnxruntime CPU EP,4,e2e,696.930,694.736,698.776,0.965,"order-statistic (binomial, distribution-free)",682.645,696.930,730.928,753.249,699.538,681.975,777.307,"0,1,2,3",0-3,2,True,s2.CPU,performance,1333333,36.884,paper-grade environment,100,10,,,,,,,ok,1.26.4,openblas64 0.3.23.dev,1.19.2,"ARM Cortex-A53 (CPU implementer=0x41, CPU architecture=8, CPU part=0xd03; 4 cpus)",kria,3.10.12,e70a9c5ffe8db9d4321a4f88ea075b5f225c2022fb29704d6469615b28870f93,7749eb52347eba2cfc09ef50fb79af9a6aa4e51ae324a07db3c463f063fe654b,"{""export"": {""numpy"": ""1.26.4"", ""onnx"": ""1.16.1"", ""onnx_opset"": 17, ""onnxruntime"": ""1.19.2"", ""python"": ""3.10.12"", ""torch"": ""2.1.2+cpu""}, ""reference_version"": ""lenet5_v1""}"
2026-10-01T08:42:34+00:00,e91657aa272f8db8aafc7641da56afae9433579b,False,,,ZynqMP KV260 revB machine-id:a435d1c5,cifar10,all,,cpu_board,5.849,110,cpu_int8_ref,unoptimized reference,1,compute,53101.040,53079.400,53126.430,0.965,"order-statistic (binomial, distribution-free)",52986.550,53101.040,53387.165,53785.506,53134.806,52939.949,53951.737,3,3,2,True,s2.CPU,performance,1333333,36.884,paper-grade environment,100,10,,,,,,,ok,1.26.4,openblas64 0.3.23.dev,1.19.2,"ARM Cortex-A53 (CPU implementer=0x41, CPU architecture=8, CPU part=0xd03; 4 cpus)",kria,3.10.12,dcc51573d8e80e4574b3b645520c36cff9c3d4b823dcbf9304931a69ff3991a0,21e4eb74b4d9003047b6f4270e87435c537abef39bf23ecd6249857df2a600e5,"{""export"": {""numpy"": ""1.26.4"", ""onnx"": ""1.16.1"", ""onnx_opset"": 17, ""onnxruntime"": ""1.19.2"", ""python"": ""3.10.12"", ""torch"": ""2.1.2+cpu""}, ""reference_version"": ""cifar10_r2""}"
2026-10-01T08:42:34+00:00,e91657aa272f8db8aafc7641da56afae9433579b,False,,,ZynqMP KV260 revB machine-id:a435d1c5,cifar10,all,,cpu_board,5.877,110,cpu_int8_ref,unoptimized reference,1,e2e,53390.141,53380.581,53418.091,0.965,"order-statistic (binomial, distribution-free)",53292.555,53390.141,53588.049,54032.250,53422.654,53273.129,54372.139,3,3,2,True,s2.CPU,performance,1333333,36.884,paper-grade environment,100,10,,,,,,,ok,1.26.4,openblas64 0.3.23.dev,1.19.2,"ARM Cortex-A53 (CPU implementer=0x41, CPU architecture=8, CPU part=0xd03; 4 cpus)",kria,3.10.12,dcc51573d8e80e4574b3b645520c36cff9c3d4b823dcbf9304931a69ff3991a0,21e4eb74b4d9003047b6f4270e87435c537abef39bf23ecd6249857df2a600e5,"{""export"": {""numpy"": ""1.26.4"", ""onnx"": ""1.16.1"", ""onnx_opset"": 17, ""onnxruntime"": ""1.19.2"", ""python"": ""3.10.12"", ""torch"": ""2.1.2+cpu""}, ""reference_version"": ""cifar10_r2""}"
2026-10-01T08:42:34+00:00,e91657aa272f8db8aafc7641da56afae9433579b,False,,,ZynqMP KV260 revB machine-id:a435d1c5,cifar10,all,,cpu_board,308.882,10000,cpu_int8_ref,unoptimized reference,1,accuracy,,,,,,,,,,,,,3,3,2,True,s2.CPU,performance,1333333,36.884,paper-grade environment,,,78.52,7852,10000,100,10000/10000 (golden_logits.npy),labels 10000/10000; x_nchw 10000/10000,ok,1.26.4,openblas64 0.3.23.dev,1.19.2,"ARM Cortex-A53 (CPU implementer=0x41, CPU architecture=8, CPU part=0xd03; 4 cpus)",kria,3.10.12,dcc51573d8e80e4574b3b645520c36cff9c3d4b823dcbf9304931a69ff3991a0,21e4eb74b4d9003047b6f4270e87435c537abef39bf23ecd6249857df2a600e5,"{""export"": {""numpy"": ""1.26.4"", ""onnx"": ""1.16.1"", ""onnx_opset"": 17, ""onnxruntime"": ""1.19.2"", ""python"": ""3.10.12"", ""torch"": ""2.1.2+cpu""}, ""reference_version"": ""cifar10_r2""}"
2026-10-01T08:42:48+00:00,e91657aa272f8db8aafc7641da56afae9433579b,False,,,ZynqMP KV260 revB machine-id:a435d1c5,cifar10,all,,cpu_board,5.901,110,cpu_int8_ref,unoptimized reference,4,compute,53569.679,53553.199,53587.349,0.965,"order-statistic (binomial, distribution-free)",53453.696,53569.679,53784.564,54053.128,53599.260,53383.908,54398.115,"0,1,2,3",0-3,2,True,s2.CPU,performance,1333333,36.884,paper-grade environment,100,10,,,,,,,ok,1.26.4,openblas64 0.3.23.dev,1.19.2,"ARM Cortex-A53 (CPU implementer=0x41, CPU architecture=8, CPU part=0xd03; 4 cpus)",kria,3.10.12,dcc51573d8e80e4574b3b645520c36cff9c3d4b823dcbf9304931a69ff3991a0,21e4eb74b4d9003047b6f4270e87435c537abef39bf23ecd6249857df2a600e5,"{""export"": {""numpy"": ""1.26.4"", ""onnx"": ""1.16.1"", ""onnx_opset"": 17, ""onnxruntime"": ""1.19.2"", ""python"": ""3.10.12"", ""torch"": ""2.1.2+cpu""}, ""reference_version"": ""cifar10_r2""}"
2026-10-01T08:42:48+00:00,e91657aa272f8db8aafc7641da56afae9433579b,False,,,ZynqMP KV260 revB machine-id:a435d1c5,cifar10,all,,cpu_board,5.942,110,cpu_int8_ref,unoptimized reference,4,e2e,53999.776,53982.491,54017.912,0.965,"order-statistic (binomial, distribution-free)",53892.743,53999.776,54128.622,54246.111,54014.845,53832.340,55099.249,"0,1,2,3",0-3,2,True,s2.CPU,performance,1333333,36.884,paper-grade environment,100,10,,,,,,,ok,1.26.4,openblas64 0.3.23.dev,1.19.2,"ARM Cortex-A53 (CPU implementer=0x41, CPU architecture=8, CPU part=0xd03; 4 cpus)",kria,3.10.12,dcc51573d8e80e4574b3b645520c36cff9c3d4b823dcbf9304931a69ff3991a0,21e4eb74b4d9003047b6f4270e87435c537abef39bf23ecd6249857df2a600e5,"{""export"": {""numpy"": ""1.26.4"", ""onnx"": ""1.16.1"", ""onnx_opset"": 17, ""onnxruntime"": ""1.19.2"", ""python"": ""3.10.12"", ""torch"": ""2.1.2+cpu""}, ""reference_version"": ""cifar10_r2""}"
2026-10-01T08:43:55+00:00,e91657aa272f8db8aafc7641da56afae9433579b,False,,,ZynqMP KV260 revB machine-id:a435d1c5,cifar10,all,,cpu_board,0.683,110,cpu_fp32_numpy,numpy FP32 im2col+matmul,1,compute,6176.982,6162.342,6193.973,0.965,"order-statistic (binomial, distribution-free)",6100.238,6176.982,6327.662,6795.927,6195.330,6090.112,6970.138,3,3,2,True,s2.CPU,performance,1333333,36.884,paper-grade environment,100,10,,,,,,,ok,1.26.4,openblas64 0.3.23.dev,1.19.2,"ARM Cortex-A53 (CPU implementer=0x41, CPU architecture=8, CPU part=0xd03; 4 cpus)",kria,3.10.12,dcc51573d8e80e4574b3b645520c36cff9c3d4b823dcbf9304931a69ff3991a0,21e4eb74b4d9003047b6f4270e87435c537abef39bf23ecd6249857df2a600e5,"{""export"": {""numpy"": ""1.26.4"", ""onnx"": ""1.16.1"", ""onnx_opset"": 17, ""onnxruntime"": ""1.19.2"", ""python"": ""3.10.12"", ""torch"": ""2.1.2+cpu""}, ""reference_version"": ""cifar10_r2""}"
2026-10-01T08:43:55+00:00,e91657aa272f8db8aafc7641da56afae9433579b,False,,,ZynqMP KV260 revB machine-id:a435d1c5,cifar10,all,,cpu_board,0.694,110,cpu_fp32_numpy,numpy FP32 im2col+matmul,1,e2e,6289.698,6276.863,6299.973,0.965,"order-statistic (binomial, distribution-free)",6222.419,6289.698,6407.127,6453.416,6294.972,6207.122,6455.475,3,3,2,True,s2.CPU,performance,1333333,36.884,paper-grade environment,100,10,,,,,,,ok,1.26.4,openblas64 0.3.23.dev,1.19.2,"ARM Cortex-A53 (CPU implementer=0x41, CPU architecture=8, CPU part=0xd03; 4 cpus)",kria,3.10.12,dcc51573d8e80e4574b3b645520c36cff9c3d4b823dcbf9304931a69ff3991a0,21e4eb74b4d9003047b6f4270e87435c537abef39bf23ecd6249857df2a600e5,"{""export"": {""numpy"": ""1.26.4"", ""onnx"": ""1.16.1"", ""onnx_opset"": 17, ""onnxruntime"": ""1.19.2"", ""python"": ""3.10.12"", ""torch"": ""2.1.2+cpu""}, ""reference_version"": ""cifar10_r2""}"
2026-10-01T08:43:55+00:00,e91657aa272f8db8aafc7641da56afae9433579b,False,,,ZynqMP KV260 revB machine-id:a435d1c5,cifar10,all,,cpu_board,65.429,10000,cpu_fp32_numpy,numpy FP32 im2col+matmul,1,accuracy,,,,,,,,,,,,,3,3,2,True,s2.CPU,performance,1333333,36.884,paper-grade environment,,,78.56,7856,10000,1,,labels 10000/10000; x_f32 10000/10000,ok,1.26.4,openblas64 0.3.23.dev,1.19.2,"ARM Cortex-A53 (CPU implementer=0x41, CPU architecture=8, CPU part=0xd03; 4 cpus)",kria,3.10.12,dcc51573d8e80e4574b3b645520c36cff9c3d4b823dcbf9304931a69ff3991a0,21e4eb74b4d9003047b6f4270e87435c537abef39bf23ecd6249857df2a600e5,"{""export"": {""numpy"": ""1.26.4"", ""onnx"": ""1.16.1"", ""onnx_opset"": 17, ""onnxruntime"": ""1.19.2"", ""python"": ""3.10.12"", ""torch"": ""2.1.2+cpu""}, ""reference_version"": ""cifar10_r2""}"
2026-10-01T08:43:58+00:00,e91657aa272f8db8aafc7641da56afae9433579b,False,,,ZynqMP KV260 revB machine-id:a435d1c5,cifar10,all,,cpu_board,0.622,110,cpu_fp32_numpy,numpy FP32 im2col+matmul,4,compute,5466.611,5458.666,5480.026,0.965,"order-statistic (binomial, distribution-free)",5422.676,5466.611,5595.278,5897.516,5488.880,5410.546,5914.989,"0,1,2,3",0-3,2,True,s2.CPU,performance,1333333,36.884,paper-grade environment,100,10,,,,,,,ok,1.26.4,openblas64 0.3.23.dev,1.19.2,"ARM Cortex-A53 (CPU implementer=0x41, CPU architecture=8, CPU part=0xd03; 4 cpus)",kria,3.10.12,dcc51573d8e80e4574b3b645520c36cff9c3d4b823dcbf9304931a69ff3991a0,21e4eb74b4d9003047b6f4270e87435c537abef39bf23ecd6249857df2a600e5,"{""export"": {""numpy"": ""1.26.4"", ""onnx"": ""1.16.1"", ""onnx_opset"": 17, ""onnxruntime"": ""1.19.2"", ""python"": ""3.10.12"", ""torch"": ""2.1.2+cpu""}, ""reference_version"": ""cifar10_r2""}"
2026-10-01T08:43:58+00:00,e91657aa272f8db8aafc7641da56afae9433579b,False,,,ZynqMP KV260 revB machine-id:a435d1c5,cifar10,all,,cpu_board,0.643,110,cpu_fp32_numpy,numpy FP32 im2col+matmul,4,e2e,5605.017,5590.348,5614.037,0.965,"order-statistic (binomial, distribution-free)",5538.881,5605.017,6166.978,11987.835,5855.260,5533.117,18619.463,"0,1,2,3",0-3,2,True,s2.CPU,performance,1333333,36.884,paper-grade environment,100,10,,,,,,,ok,1.26.4,openblas64 0.3.23.dev,1.19.2,"ARM Cortex-A53 (CPU implementer=0x41, CPU architecture=8, CPU part=0xd03; 4 cpus)",kria,3.10.12,dcc51573d8e80e4574b3b645520c36cff9c3d4b823dcbf9304931a69ff3991a0,21e4eb74b4d9003047b6f4270e87435c537abef39bf23ecd6249857df2a600e5,"{""export"": {""numpy"": ""1.26.4"", ""onnx"": ""1.16.1"", ""onnx_opset"": 17, ""onnxruntime"": ""1.19.2"", ""python"": ""3.10.12"", ""torch"": ""2.1.2+cpu""}, ""reference_version"": ""cifar10_r2""}"
2026-10-01T08:44:36+00:00,e91657aa272f8db8aafc7641da56afae9433579b,False,,,ZynqMP KV260 revB machine-id:a435d1c5,cifar10,all,,cpu_board,0.358,110,cpu_ort_fp32,onnxruntime CPU EP,1,compute,3223.792,3216.611,3228.891,0.965,"order-statistic (binomial, distribution-free)",3181.759,3223.792,3332.813,3389.738,3234.064,3173.131,3394.213,3,3,2,True,s2.CPU,performance,1333333,36.884,paper-grade environment,100,10,,,,,,,ok,1.26.4,openblas64 0.3.23.dev,1.19.2,"ARM Cortex-A53 (CPU implementer=0x41, CPU architecture=8, CPU part=0xd03; 4 cpus)",kria,3.10.12,dcc51573d8e80e4574b3b645520c36cff9c3d4b823dcbf9304931a69ff3991a0,21e4eb74b4d9003047b6f4270e87435c537abef39bf23ecd6249857df2a600e5,"{""export"": {""numpy"": ""1.26.4"", ""onnx"": ""1.16.1"", ""onnx_opset"": 17, ""onnxruntime"": ""1.19.2"", ""python"": ""3.10.12"", ""torch"": ""2.1.2+cpu""}, ""reference_version"": ""cifar10_r2""}"
2026-10-01T08:44:36+00:00,e91657aa272f8db8aafc7641da56afae9433579b,False,,,ZynqMP KV260 revB machine-id:a435d1c5,cifar10,all,,cpu_board,0.378,110,cpu_ort_fp32,onnxruntime CPU EP,1,e2e,3414.122,3407.852,3418.532,0.965,"order-statistic (binomial, distribution-free)",3373.958,3414.122,3532.373,3589.567,3426.085,3345.622,3597.794,3,3,2,True,s2.CPU,performance,1333333,36.884,paper-grade environment,100,10,,,,,,,ok,1.26.4,openblas64 0.3.23.dev,1.19.2,"ARM Cortex-A53 (CPU implementer=0x41, CPU architecture=8, CPU part=0xd03; 4 cpus)",kria,3.10.12,dcc51573d8e80e4574b3b645520c36cff9c3d4b823dcbf9304931a69ff3991a0,21e4eb74b4d9003047b6f4270e87435c537abef39bf23ecd6249857df2a600e5,"{""export"": {""numpy"": ""1.26.4"", ""onnx"": ""1.16.1"", ""onnx_opset"": 17, ""onnxruntime"": ""1.19.2"", ""python"": ""3.10.12"", ""torch"": ""2.1.2+cpu""}, ""reference_version"": ""cifar10_r2""}"
2026-10-01T08:44:36+00:00,e91657aa272f8db8aafc7641da56afae9433579b,False,,,ZynqMP KV260 revB machine-id:a435d1c5,cifar10,all,,cpu_board,36.745,10000,cpu_ort_fp32,onnxruntime CPU EP,1,accuracy,,,,,,,,,,,,,3,3,2,True,s2.CPU,performance,1333333,36.884,paper-grade environment,,,78.56,7856,10000,1,,labels 10000/10000; x_f32 10000/10000,ok,1.26.4,openblas64 0.3.23.dev,1.19.2,"ARM Cortex-A53 (CPU implementer=0x41, CPU architecture=8, CPU part=0xd03; 4 cpus)",kria,3.10.12,dcc51573d8e80e4574b3b645520c36cff9c3d4b823dcbf9304931a69ff3991a0,21e4eb74b4d9003047b6f4270e87435c537abef39bf23ecd6249857df2a600e5,"{""export"": {""numpy"": ""1.26.4"", ""onnx"": ""1.16.1"", ""onnx_opset"": 17, ""onnxruntime"": ""1.19.2"", ""python"": ""3.10.12"", ""torch"": ""2.1.2+cpu""}, ""reference_version"": ""cifar10_r2""}"
2026-10-01T08:44:38+00:00,e91657aa272f8db8aafc7641da56afae9433579b,False,,,ZynqMP KV260 revB machine-id:a435d1c5,cifar10,all,,cpu_board,0.203,110,cpu_ort_fp32,onnxruntime CPU EP,4,compute,1805.101,1792.942,1815.582,0.965,"order-statistic (binomial, distribution-free)",1770.411,1805.101,1875.744,1936.461,1819.090,1769.271,2812.559,"0,1,2,3",0-3,2,True,s2.CPU,performance,1333333,36.884,paper-grade environment,100,10,,,,,,,ok,1.26.4,openblas64 0.3.23.dev,1.19.2,"ARM Cortex-A53 (CPU implementer=0x41, CPU architecture=8, CPU part=0xd03; 4 cpus)",kria,3.10.12,dcc51573d8e80e4574b3b645520c36cff9c3d4b823dcbf9304931a69ff3991a0,21e4eb74b4d9003047b6f4270e87435c537abef39bf23ecd6249857df2a600e5,"{""export"": {""numpy"": ""1.26.4"", ""onnx"": ""1.16.1"", ""onnx_opset"": 17, ""onnxruntime"": ""1.19.2"", ""python"": ""3.10.12"", ""torch"": ""2.1.2+cpu""}, ""reference_version"": ""cifar10_r2""}"
2026-10-01T08:44:38+00:00,e91657aa272f8db8aafc7641da56afae9433579b,False,,,ZynqMP KV260 revB machine-id:a435d1c5,cifar10,all,,cpu_board,0.237,110,cpu_ort_fp32,onnxruntime CPU EP,4,e2e,2022.703,2009.193,2029.973,0.965,"order-statistic (binomial, distribution-free)",1973.651,2022.703,2195.873,7676.945,2157.354,1968.133,8154.593,"0,1,2,3",0-3,2,True,s2.CPU,performance,1333333,36.884,paper-grade environment,100,10,,,,,,,ok,1.26.4,openblas64 0.3.23.dev,1.19.2,"ARM Cortex-A53 (CPU implementer=0x41, CPU architecture=8, CPU part=0xd03; 4 cpus)",kria,3.10.12,dcc51573d8e80e4574b3b645520c36cff9c3d4b823dcbf9304931a69ff3991a0,21e4eb74b4d9003047b6f4270e87435c537abef39bf23ecd6249857df2a600e5,"{""export"": {""numpy"": ""1.26.4"", ""onnx"": ""1.16.1"", ""onnx_opset"": 17, ""onnxruntime"": ""1.19.2"", ""python"": ""3.10.12"", ""torch"": ""2.1.2+cpu""}, ""reference_version"": ""cifar10_r2""}"
2026-10-01T08:45:05+00:00,e91657aa272f8db8aafc7641da56afae9433579b,False,,,ZynqMP KV260 revB machine-id:a435d1c5,cifar10,all,,cpu_board,0.241,110,cpu_ort_int8,onnxruntime CPU EP,1,compute,2163.744,2159.224,2166.284,0.965,"order-statistic (binomial, distribution-free)",2144.694,2163.744,2225.858,2247.102,2167.998,2141.514,2284.475,3,3,2,True,s2.CPU,performance,1333333,36.884,paper-grade environment,100,10,,,,,,,ok,1.26.4,openblas64 0.3.23.dev,1.19.2,"ARM Cortex-A53 (CPU implementer=0x41, CPU architecture=8, CPU part=0xd03; 4 cpus)",kria,3.10.12,dcc51573d8e80e4574b3b645520c36cff9c3d4b823dcbf9304931a69ff3991a0,21e4eb74b4d9003047b6f4270e87435c537abef39bf23ecd6249857df2a600e5,"{""export"": {""numpy"": ""1.26.4"", ""onnx"": ""1.16.1"", ""onnx_opset"": 17, ""onnxruntime"": ""1.19.2"", ""python"": ""3.10.12"", ""torch"": ""2.1.2+cpu""}, ""reference_version"": ""cifar10_r2""}"
2026-10-01T08:45:05+00:00,e91657aa272f8db8aafc7641da56afae9433579b,False,,,ZynqMP KV260 revB machine-id:a435d1c5,cifar10,all,,cpu_board,0.256,110,cpu_ort_int8,onnxruntime CPU EP,1,e2e,2308.665,2303.155,2311.265,0.965,"order-statistic (binomial, distribution-free)",2283.592,2308.665,2374.916,2539.669,2316.797,2279.585,2552.807,3,3,2,True,s2.CPU,performance,1333333,36.884,paper-grade environment,100,10,,,,,,,ok,1.26.4,openblas64 0.3.23.dev,1.19.2,"ARM Cortex-A53 (CPU implementer=0x41, CPU architecture=8, CPU part=0xd03; 4 cpus)",kria,3.10.12,dcc51573d8e80e4574b3b645520c36cff9c3d4b823dcbf9304931a69ff3991a0,21e4eb74b4d9003047b6f4270e87435c537abef39bf23ecd6249857df2a600e5,"{""export"": {""numpy"": ""1.26.4"", ""onnx"": ""1.16.1"", ""onnx_opset"": 17, ""onnxruntime"": ""1.19.2"", ""python"": ""3.10.12"", ""torch"": ""2.1.2+cpu""}, ""reference_version"": ""cifar10_r2""}"
2026-10-01T08:45:05+00:00,e91657aa272f8db8aafc7641da56afae9433579b,False,,,ZynqMP KV260 revB machine-id:a435d1c5,cifar10,all,,cpu_board,25.577,10000,cpu_ort_int8,onnxruntime CPU EP,1,accuracy,,,,,,,,,,,,,3,3,2,True,s2.CPU,performance,1333333,36.884,paper-grade environment,,,78.23,7823,10000,1,,labels 10000/10000; x_f32 10000/10000,ok,1.26.4,openblas64 0.3.23.dev,1.19.2,"ARM Cortex-A53 (CPU implementer=0x41, CPU architecture=8, CPU part=0xd03; 4 cpus)",kria,3.10.12,dcc51573d8e80e4574b3b645520c36cff9c3d4b823dcbf9304931a69ff3991a0,21e4eb74b4d9003047b6f4270e87435c537abef39bf23ecd6249857df2a600e5,"{""export"": {""numpy"": ""1.26.4"", ""onnx"": ""1.16.1"", ""onnx_opset"": 17, ""onnxruntime"": ""1.19.2"", ""python"": ""3.10.12"", ""torch"": ""2.1.2+cpu""}, ""reference_version"": ""cifar10_r2""}"
2026-10-01T08:45:07+00:00,e91657aa272f8db8aafc7641da56afae9433579b,False,,,ZynqMP KV260 revB machine-id:a435d1c5,cifar10,all,,cpu_board,0.122,110,cpu_ort_int8,onnxruntime CPU EP,4,compute,1073.792,1070.707,1080.057,0.965,"order-statistic (binomial, distribution-free)",1061.236,1073.792,1115.153,1189.092,1081.216,1058.246,1189.578,"0,1,2,3",0-3,2,True,s2.CPU,performance,1333333,36.884,paper-grade environment,100,10,,,,,,,ok,1.26.4,openblas64 0.3.23.dev,1.19.2,"ARM Cortex-A53 (CPU implementer=0x41, CPU architecture=8, CPU part=0xd03; 4 cpus)",kria,3.10.12,dcc51573d8e80e4574b3b645520c36cff9c3d4b823dcbf9304931a69ff3991a0,21e4eb74b4d9003047b6f4270e87435c537abef39bf23ecd6249857df2a600e5,"{""export"": {""numpy"": ""1.26.4"", ""onnx"": ""1.16.1"", ""onnx_opset"": 17, ""onnxruntime"": ""1.19.2"", ""python"": ""3.10.12"", ""torch"": ""2.1.2+cpu""}, ""reference_version"": ""cifar10_r2""}"
2026-10-01T08:45:07+00:00,e91657aa272f8db8aafc7641da56afae9433579b,False,,,ZynqMP KV260 revB machine-id:a435d1c5,cifar10,all,,cpu_board,0.136,110,cpu_ort_int8,onnxruntime CPU EP,4,e2e,1222.892,1217.288,1228.198,0.965,"order-statistic (binomial, distribution-free)",1199.817,1222.892,1266.204,1292.842,1226.010,1192.518,1299.158,"0,1,2,3",0-3,2,True,s2.CPU,performance,1333333,36.884,paper-grade environment,100,10,,,,,,,ok,1.26.4,openblas64 0.3.23.dev,1.19.2,"ARM Cortex-A53 (CPU implementer=0x41, CPU architecture=8, CPU part=0xd03; 4 cpus)",kria,3.10.12,dcc51573d8e80e4574b3b645520c36cff9c3d4b823dcbf9304931a69ff3991a0,21e4eb74b4d9003047b6f4270e87435c537abef39bf23ecd6249857df2a600e5,"{""export"": {""numpy"": ""1.26.4"", ""onnx"": ""1.16.1"", ""onnx_opset"": 17, ""onnxruntime"": ""1.19.2"", ""python"": ""3.10.12"", ""torch"": ""2.1.2+cpu""}, ""reference_version"": ""cifar10_r2""}"
