category,rank,key,doi,arxiv_id,title_seen,first_author_seen,year_seen,peer_reviewed,work_done,advantages,disadvantages,relevance,basis,read_locator,read_source_url,notes
4,1,aromolo2026timepredictable,10.1109/RTAS68450.2026.00033,,Time-Predictable Acceleration of Deep Neural Networks on FPGA SoCs with Multi-Core DPUs,Aromolo,2026,yes,"Scheduling and analysis framework for multi-core AMD DPU configurations on FPGA SoCs: AXI bus budgeting units regulate per-core memory traffic, DNNs are split into chunks, and limited-preemptive fixed-priority scheduling gets a response-time analysis.","Gives response-time guarantees for concurrent DNN tasks on a commercial Zynq UltraScale+ platform, and reports large schedulability gains over the standard Vitis AI setup across all evaluated scenarios.","Chunk WCETs come from profiling (10,000 inferences under memory interference), not from an analytical model. The DPU is a closed black box; evaluated on ZCU102 with DPUs at 90 MHz; CPU pre/post-processing is left to future work.",Closest prior on time-predictable DNN inference on Zynq US+; contrast: measured-WCET bound on a black-box DPU vs V3's exact compile-time cycle count on custom RTL.,full text,"full text: abstract, Sec. I-II, V, VII-A (setup, profiling), VIII related work, IX conclusions",https://retis.santannapisa.it/~a.biondi/papers/RTAS26.pdf,"Crossref title/author/year match. RTAS 2026 Outstanding Paper (from prior t1 notes, not re-checked)."
4,2,restuccia2021timepredictable,10.1109/RTSS52674.2021.00047,,Time-Predictable Acceleration of Deep Neural Networks on FPGA SoC Platforms,Restuccia,2021,yes,"Profiles the Xilinx DPU on Zynq UltraScale+ (ZCU102) with a custom AXI bus profiler, derives a series-parallel execution model and response-time analysis, and adds DICTAT, an FPGA module that fetches DPU instructions from on-chip memory.","Safe analytical upper bounds for DPU inference of ADAS DNNs, validated against on-board measurements; DICTAT reduces bound pessimism by at least 12% overall (25% for pedestrian detection).","Bounds, not exact predictions: measured latency still varies (e.g. Lane Detect 7.09-7.12 ms over 1000 runs, attributed to DRAM). Single black-box DPU, model built from profiling.",Baseline line of work for time-predictable DNN acceleration on the same SoC family as the KV260; V3 contrasts exact cycle equality with RTA bounds.,full text,"full text: abstract, Sec. I-III (profiling, Tables I-II), VII (Table III), conclusions",https://retis.santannapisa.it/~a.biondi/papers/RTSS21.pdf,Crossref title/author/year match.
4,3,ji2025derca,10.1109/RTSS66672.2025.00039,,DERCA: DetERministic Cycle-Level Accelerator on Reconfigurable Platforms in DNN-Enabled Real-Time Safety-Critical Systems,Ji,2025,yes,"Accelerator architecture with fine-grained intra-layer preemption and cycle-level determinism, an on-chip EDF scheduler and a dataflow with intra-layer preemption points; predictability analysis under the limited-preemptive task model enables schedulability analysis and preemption-point placement.",Reduces priority inversion versus non-preemptive and layer-wise preemptive dataflows with under 5% WCET overhead and 6% extra resources on AMD VCK190; open-sourced.,"Evaluated on Versal ACAP (VCK190), not Zynq UltraScale+. Full text not yet public (NSF PAR embargo to 2026-12-02), so how WCET is derived and whether model and board cycles are compared was not checked.",Closest custom-accelerator prior claiming cycle-level determinism; V3 must position its exact model=RTL=board equality against it. Read full text when available.,abstract,abstract (NSF PAR page; same text via OpenAlex),https://par.nsf.gov/biblio/10657467,Crossref title/author/year match. Full text embargoed until 2026-12-02 per NSF PAR.
4,4,bebawy2025superscalar,10.1109/TCAD.2025.3528355,,Superscalar Time-Triggered Versatile-Tensor Accelerator,Bebawy,2025,yes,"Proposes STT-VTA, a superscalar extension of the time-triggered VTA: pattern-based timing schedules from an extended simulator plus a configuration manager decide how many extra VTA modules a model needs.","Keeps deterministic temporal use of shared memories and buses (time-triggered) while cutting inference time by 20-41% versus a single (TT-)VTA, with identical classification accuracy.",Evaluation as described in the abstract uses a software simulator (DRAMSim2 for memory instructions plus a cycle-accurate simulator); no board measurement is mentioned there. The earlier TT-VTA was slower on average (53 vs 51 ms).,Closest time-triggered custom DNN accelerator line; contrast with V3's on-board cycle-exact verification.,abstract,abstract (OpenAlex record of the IEEE abstract),https://api.openalex.org/works/doi:10.1109/TCAD.2025.3528355,Crossref match. IEEE Xplore page returned no content to the fetcher; abstract read via OpenAlex. Predecessor ezekiel2023optimization (DSD 2023) is a spare.
4,5,ji2025art,10.1145/3716368.3735215,,ART: Customizing Accelerators for DNN-Enabled Real-Time Safety-Critical Systems,Ji,2025,yes,"HW/SW co-design framework that turns HLS-based FPGA DNN accelerators into real-time ones: schedulability analysis and preemption-point placement in software, and hardware GEDF scheduling with save/resume preemption via source-code transformation.",Meets schedulability where baseline accelerators miss deadlines on AMD VCK190; scheduler hardware takes a fixed small number of cycles and uses <0.5% resources; about 100 lines of user input generate about 2.5k lines of code.,Task WCETs are inputs to the analysis; we found no statement on how they are derived in the sections read. Evaluated on Versal VCK190 with two baseline accelerator models; one accelerator shared by all tasks (heterogeneous/partial reconfiguration future work).,Real-time scheduling of FPGA DNN accelerators; V3 provides the exact per-layer WCETs such frameworks assume.,full text,"full text (accepted manuscript): abstract, Sec. 2-4.2, 6.3-6.4, 7-8",https://par.nsf.gov/servlets/purl/10612758,Crossref match. Predecessor of ji2025derca (same group).
4,6,platzer2021vicuna,10.4230/LIPIcs.ECRTS.2021.1,,Vicuna: A Timing-Predictable RISC-V Vector Coprocessor for Scalable Parallel Computation,Platzer,2021,yes,"Timing-anomaly-free RISC-V vector coprocessor integrated with Ibex (128 8-bit MACs/cycle, 80 MHz on Xilinx 7-series), evaluated on data-parallel benchmarks including 3x3 convolution and matrix multiplication.","Each benchmark always runs in exactly the same number of cycles, and repeated runs with varying inputs give identical times; over 90% efficiency on compute-bound tasks while enabling compositional WCET analysis.","Performance figures come from measurement, not timing analysis (Sec. 5). It is a programmable processor, not a CNN accelerator, and is evaluated on kernels rather than full networks.",Prior evidence of run-to-run cycle constancy on FPGA; V3 adds analytical prediction equal to the measurement for full CNNs.,full text,"full text: abstract, Sec. 1 contributions, Sec. 5 evaluation and discussion, Sec. 6",https://drops.dagstuhl.de/storage/00lipics/lipics-vol196-ecrts2021/LIPIcs.ECRTS.2021.1/LIPIcs.ECRTS.2021.1.pdf,"DataCite DOI: Crossref API returns 404; https://doi.org/10.4230/LIPIcs.ECRTS.2021.1 resolves (302 to Dagstuhl DROPS) and DataCite title/first author/year match. Bibliographic fields must be filled from DataCite, not Crossref."
4,7,kirschner2024wip,10.1109/RTSS62706.2024.00043,2410.10340,Work-in-Progress: Real-Time Neural Network Inference on a Custom RISC-V Multicore Vector Processor,Kirschner,2024,yes,Multicore architecture of predictable Ibex+Vicuna vector cores with local scratchpads and a management core; an MLIR compiler splits int8 NNs into subtasks and computes a static compile-time schedule for shared-memory transfers from subtask WCET estimates.,"Removes memory-subsystem interference by construction through a precomputed transfer schedule, giving a composable WCET for NN inference; SystemVerilog design targeting UltraScale+ FPGAs.",Work-in-progress: FPGA evaluation is future work and the compiler-based scheduling and deployment are stated as ongoing work; no measured results.,Compile-time static scheduling for predictable NN inference; processor-based contrast to V3's fixed-function array.,full text,"full text (4 pages, arXiv v1)",https://arxiv.org/abs/2410.10340,"Crossref match. Follow-up kirschner2026multivic (VCU128 measurements, non-zero fluctuation) considered as spare."
4,8,silva2022acetone,10.4230/LIPIcs.ECRTS.2022.3,,ACETONE: Predictable Programming Framework for ML Applications in Safety-Critical Systems,De Albuquerque Silva,2022,yes,"Generates semantics-preserving, traceable C code from trained feed-forward DNNs so that the WCET can be computed with the OTAWA static analyser; compared with Keras2c and uTVM on a set of benchmarks.","Targets avionics certification needs (traceability, WCET computation); static WCET bounds from OTAWA plus measured times on Cortex-A15; artifact-evaluated.","Software/CPU only, no accelerator. WCET computed for an lpc2138 ARM target chosen for OTAWA support, which the authors note is not representative of the Cortex-A15 used for measurements.",Software WCET line for DNN inference; contrast with hardware whose latency is exact rather than statically bounded.,full text,"full text: abstract, Sec. 1, evaluation method and Table 4 text, Sec. 7",https://drops.dagstuhl.de/storage/00lipics/lipics-vol231-ecrts2022/LIPIcs.ECRTS.2022.3/LIPIcs.ECRTS.2022.3.pdf,DataCite DOI: Crossref API returns 404; https://doi.org/10.4230/LIPIcs.ECRTS.2022.3 resolves (302 to Dagstuhl DROPS) and DataCite title/first author/year match. Fill bibliography from DataCite.
4,9,choi2020prema,10.1109/HPCA47549.2020.00027,1909.04548,PREMA: A Predictive Multi-Task Scheduling Algorithm For Preemptible Neural Processing Units,Choi,2020,yes,"Proposes preemption mechanisms for a TPU-like NPU and a predictive multi-task scheduler that uses a job-size prediction model, relying on the deterministic compute and memory behaviour of DNNs on the NPU.","Preemptive NPU multi-tasking gives average 7.8x latency, 1.4x throughput and 4.8x SLA-satisfaction improvements; shows that NPU execution time is predictable enough to schedule on.","Cloud/datacenter throughput-and-SLA focus, not hard real-time guarantees. Evaluation uses a cycle-level performance model with fixed memory bandwidth and latency (simulation, no hardware).",Classic accelerator-level preemptive scheduling exploiting DNN latency predictability; motivates exact latency as a scheduler input.,full text,"full text: abstract, Sec. II-III (NPU model, methodology)",https://arxiv.org/abs/1909.04548,Crossref title/author/year match (DOI 10.1109/HPCA47549.2020.00027).
4,10,restuccia2020axi,10.1109/DAC18072.2020.9218652,,"AXI HyperConnect: A Predictable, Hypervisor-level Interconnect for Hardware Accelerators in FPGA SoC",Restuccia,2020,yes,"Hypervisor-level hardware interconnect that lets FPGA accelerators from different criticality domains share a memory bus while ensuring isolation and predictability, implemented on Xilinx FPGA SoCs.",Addresses interference between PL accelerators on a shared AXI bus; tested with real-world accelerators including a DNN inference accelerator.,"Abstract only read; it gives no quantitative results. Concerns isolation of the shared bus, not the internal timing of the accelerator.",Predictable interconnect for PL accelerators on Zynq SoCs; relevant if V3 shares DRAM/AXI with other masters (exactness scope beyond on-chip compute).,abstract,abstract (OpenAlex record),https://api.openalex.org/works/doi:10.1109/DAC18072.2020.9218652,"Crossref title/author/year match. Author-page PDF URL tried, not found; paper is closed access per OpenAlex."
