category,rank,key,doi,result,selected
1,1,bosio2025nn2fpga,10.1109/TCAD.2024.3507570,ok,selected
1,2,hamanaka2023exploration,10.1109/ACCESS.2023.3236974,ok,selected
1,3,wu2019mobilenets,10.1109/FPL.2019.00030,ok,selected
1,4,xing2020dnnvm,10.1109/TCAD.2019.2930577,ok,selected
1,5,jiang2023fulldataflow,10.1109/TCAD.2022.3198246,ok,selected
1,6,blott2018finnr,10.1145/3242897,ok,selected
1,7,li2021dynamic,10.1109/TCSI.2021.3078541,ok,selected
1,8,park2025radar,10.5573/jsts.2025.25.4.451,ok,selected
1,9,baharani2021deepdive,10.1145/3453688.3461485,ok,selected
1,10,yang2019synetgy,10.1145/3289602.3293902,ok,selected
1,11,dong2021hao,10.1109/FCCM51124.2021.00014,ok,
1,12,magalhaes2023benchmarking,10.1016/j.engappai.2022.105604,ok,
1,13,salami2020undervolting,10.1109/DSN48063.2020.00032,ok,
2,1,ghodrati2020planaria,10.1109/micro50266.2020.00062,ok,selected
2,2,tong2024feather,10.1109/isca59077.2024.00024,ok,selected
2,3,chen2019eyerissv2,10.1109/jetcas.2019.2910232,ok,selected
2,4,kwon2018maeri,10.1145/3173162.3173176,ok,selected
2,5,qin2020sigma,10.1109/hpca47549.2020.00015,ok,selected
2,6,lu2017flexflow,10.1109/hpca.2017.29,ok,selected
2,7,samajdar2022sara,10.1145/3489517.3530506,ok,selected
2,8,kwon2021herald,10.1109/hpca51647.2021.00016,ok,selected
2,9,osama2023streamk,10.1145/3572848.3577479,ok,
2,10,peltekis2023arrayflex,10.23919/date56975.2023.10136913,ok,
2,11,genc2021gemmini,10.1109/dac18074.2021.9586216,ok,
3,1,liu2022s2ta,10.1109/hpca53966.2022.00049,ok,selected
3,2,zhu2020structured,10.1109/tvlsi.2020.3002779,ok,selected
3,3,xie2023spec,10.3390/mi14030528,ok,selected
3,4,albericio2016cnvlutin,10.1109/isca.2016.11,ok,selected
3,5,hall2020hpipe,10.1145/3373087.3375380,"excluded: DOI 10.1145/3373087.3375380 is the one-page FPGA'20 poster abstract (p. 320); the annotation was written from the longer arXiv paper 2007.10451, which has no peer-reviewed DOI. Record and annotation do not match, so the paper is replaced by the next spare.",
3,6,zhang2016cambriconx,10.1109/micro.2016.7783723,ok,selected
3,7,parashar2017scnn,10.1145/3079856.3080254,ok,selected
3,8,delmaslascorz2019bittactical,10.1145/3297858.3304041,ok,selected
3,9,gondimalla2019sparten,10.1145/3352460.3358291,ok,selected
3,10,aimar2019nullhop,10.1109/tnnls.2018.2852335,ok,
3,11,han2016eie,10.1109/isca.2016.30,ok,
4,1,aromolo2026timepredictable,10.1109/RTAS68450.2026.00033,ok,selected
4,2,restuccia2021timepredictable,10.1109/RTSS52674.2021.00047,ok,selected
4,3,ji2025derca,10.1109/RTSS66672.2025.00039,ok,selected
4,4,bebawy2025superscalar,10.1109/TCAD.2025.3528355,ok,selected
4,5,ji2025art,10.1145/3716368.3735215,ok,selected
4,6,platzer2021vicuna,10.4230/LIPIcs.ECRTS.2021.1,ok,selected
4,7,kirschner2024wip,10.1109/RTSS62706.2024.00043,ok,selected
4,8,silva2022acetone,10.4230/LIPIcs.ECRTS.2022.3,ok,
4,9,choi2020prema,10.1109/HPCA47549.2020.00027,ok,
4,10,restuccia2020axi,10.1109/DAC18072.2020.9218652,ok,
5,1,parashar2019timeloop,10.1109/ISPASS.2019.00042,ok,selected
5,2,kwon2019understanding,10.1145/3352460.3358252,ok,selected
5,3,samajdar2020systematic,10.1109/ISPASS48437.2020.00016,ok,selected
5,4,ma2020performance,10.1109/TCAD.2019.2897634,ok,selected
5,5,zhang2020dnnexplorer,10.1145/3400302.3415609,ok,selected
5,6,zhang2015optimizing,10.1145/2684746.2689060,ok,selected
5,7,xu2020autodnnchip,10.1145/3373087.3375306,ok,
5,8,mei2021zigzag,10.1109/TC.2021.3059962,title mismatch (title_sim=0.56),
5,9,wu2019accelergy,10.1109/ICCAD45719.2019.8942149,ok,
6,1,jacob2018quantization,10.1109/cvpr.2018.00286,ok,selected
6,2,sommer2022dsppacking,10.1109/fpl57034.2022.00035,ok,selected
6,3,cho2021risa,10.1145/3476984,ok,selected
6,4,nguyen2022shortcutfusion,10.1109/tcsi.2022.3153288,ok,selected
6,5,nagel2021white,10.48550/arXiv.2106.08295,ok,
6,6,lee2019doublemac,10.1109/tcad.2018.2824280,ok,selected
6,7,li2024revealing,10.1109/fpl64840.2024.00035,ok,selected
6,8,wu2019mobilenets,10.1109/fpl.2019.00030,ok; duplicate of category 1 row,
6,9,azizimazreah2019shortcut,10.1109/hpca.2019.00030,ok,
7,1,sze2017efficient,10.1109/JPROC.2017.2761740,ok,selected
7,2,kung1982why,10.1109/MC.1982.1653825,ok,selected
7,3,chen2016eyeriss,10.1109/ISCA.2016.40,ok,selected
7,4,jouppi2017indatacenter,10.1145/3079856.3080246,ok,selected
7,5,guo2019survey,10.1145/3289185,ok,selected
7,6,venieris2018toolflows,10.1145/3186332,ok,
7,7,chen2017eyeriss,10.1109/JSSC.2016.2616357,ok,
7,8,abdelouahab2018accelerating,10.48550/arXiv.1806.01683,ok,
