s_no,category,category_name,key,title,authors,venue,volume,issue,pages,year,doi,url,pub_type,peer_reviewed,work_done,advantages,disadvantages,relevance,basis,read_locator,read_source_url,metadata_source,check_title_sim,check_first_author,selection_note
1,1,FPGA CNN accelerators on Zynq UltraScale+ (KV260 / ZCU102 / ZCU104),bosio2025nn2fpga,NN2FPGA: Optimizing CNN Inference on FPGAs With Binary Integer Programming,"Roberto Bosio, Filippo Minnella, Teodoro Urso, Mario R. Casu, Luciano Lavagno, Mihai T. Lazarescu, Paolo Pasini",IEEE Transactions on Computer-Aided Design of Integrated Circuits and Systems,44,5,1807–1818,2025,10.1109/TCAD.2024.3507570,https://doi.org/10.1109/TCAD.2024.3507570,journal-article,yes,"HLS compiler (nn2fpga) that maps skip-connection CNNs (ResNet8, ResNet20, MobileNetV2) to static layer-pipelined dataflow accelerators, with reduced skip-buffering and a binary-integer-programming DSE that assigns FPGA resources per layer.","Reports 3x-7x throughput over prior HLS work on CIFAR-10 and ImageNet; MobileNetV2 on ZCU102 reaches 2115 FPS, about 10% above a hand-optimized RTL design.",Throughput-oriented static dataflow design; the abstract reports throughput only and makes no latency-predictability or cycle-exactness claim.,Closest prior work: custom INT8 ResNet-20/CIFAR-10 on the same KV260 board (per the earlier t5 full-text pass); the performance bar V3 is compared against.,abstract,abstract (OpenAlex record of the TCAD version),https://api.openalex.org/works/https://doi.org/10.1109/TCAD.2024.3507570,Crossref (published-print year),1.0,True,selected
2,1,FPGA CNN accelerators on Zynq UltraScale+ (KV260 / ZCU102 / ZCU104),hamanaka2023exploration,An Exploration of State-of-the-Art Automation Frameworks for FPGA-Based DNN Acceleration,"Fumio Hamanaka, Takashi Odan, Kenji Kise, Thiem Van Chu",IEEE Access,11,n/a,5701–5713,2023,10.1109/ACCESS.2023.3236974,https://doi.org/10.1109/ACCESS.2023.3236974,journal-article,yes,"Compares FINN (dataflow) and Vitis AI DPU (overlay) on the same FPGA hardware and DNN by extending the FINN flow, plus Jetson Nano and Core i7 reference platforms.","Same-hardware, same-model comparison of the two Xilinx frameworks; FINN accelerator beats the Vitis AI one by 8.4x latency, 3.0x throughput and 3.3x power efficiency.",Covers only the two Xilinx frameworks; the abstract notes dataflow designs scale poorly with DNN size.,"Direct baseline context: DPU vs custom dataflow on a K26-based board, the same DPU baseline V3 uses.",abstract,abstract (OpenAlex record),https://api.openalex.org/works/https://doi.org/10.1109/ACCESS.2023.3236974,Crossref (published-print year),1.0,True,selected
3,1,FPGA CNN accelerators on Zynq UltraScale+ (KV260 / ZCU102 / ZCU104),wu2019mobilenets,A High-Performance CNN Processor Based on FPGA for MobileNets,"Di Wu, Yu Zhang, Xijie Jia, Lu Tian, Tianping Li, Lingzhi Sui, Dongliang Xie, Yi Shan",2019 29th International Conference on Field Programmable Logic and Applications (FPL),n/a,n/a,136–143,2019,10.1109/FPL.2019.00030,https://doi.org/10.1109/FPL.2019.00030,proceedings-article,yes,"DPU-lineage MobileNet processor with separate Conv (pointwise) and Dwcv (depthwise) engines in a layer pipeline and Channel Augmentation for the first layer; 8-bit, on ZU2 (430 MHz) and ZU9 (333 MHz).","MobileNetV2 ImageNet at 205.3 fps on ZU2 and 809.8 fps on ZU9 at 68.1% top-1 (Table V); configurable core sizes (DPU S 212 DSP, DPU L 2070 DSP, Table III).",No power numbers in the tables read; top-1 68.1% is below the 72% float reference; MobileNetV2+SSD deployment stated as still in progress.,AMD/Xilinx DPU lineage on ZU+ with a dedicated depthwise engine: prior art for V3's depthwise mode and the DPU baseline.,full text,"full text: abstract, Sec. III-D, Sec. IV, Tables III-VI, Sec. V",https://www.cse.wustl.edu/~roger/565M.s23/A_High-Performance_CNN_Processor_Based_on_FPGA_for_MobileNets.pdf,Crossref (published-print year),1.0,True,selected
4,1,FPGA CNN accelerators on Zynq UltraScale+ (KV260 / ZCU102 / ZCU104),xing2020dnnvm,DNNVM: End-to-End Compiler Leveraging Heterogeneous Optimizations on FPGA-Based CNN Accelerators,"Yu Xing, Shuang Liang, Lingzhi Sui, Xijie Jia, Jiantao Qiu, Xin Liu, Yushun Wang, Yi Shan, Yu Wang",IEEE Transactions on Computer-Aided Design of Integrated Circuits and Systems,39,10,2668–2681,2020,10.1109/TCAD.2019.2930577,https://doi.org/10.1109/TCAD.2019.2930577,journal-article,yes,"Full-stack compiler for an ISA-driven FPGA CNN accelerator (Xilinx/DeePhi DPU style): XGraph IR, heuristic subgraph-isomorphism fusion, pipeline/data-layout search, assembler and runtime; evaluated on ZU2 and ZU9 at 330 MHz.",Up to 1.26x throughput from the heterogeneous optimizations; ResNet50 at 1.38 TOPs/s and VGG at 2.82 TOPs/s / 123.7 GOPs/s/W on ZU9.,Throughput-oriented (TOPs/s) results; ImageNet-scale networks only; compiler for one custom ISA accelerator.,"Compiler side of the DPU baseline: per-layer scheduling/fusion for an instruction-driven ZU+ accelerator, contrast to V3's exact per-layer cycle model.",abstract,"arXiv v2: abstract, Secs. 1 and 3 (grep-level); TCAD version abstract (OpenAlex)",https://arxiv.org/abs/1902.07463,Crossref (published-print year),1.0,True,selected
5,1,FPGA CNN accelerators on Zynq UltraScale+ (KV260 / ZCU102 / ZCU104),jiang2023fulldataflow,A High-Throughput Full-Dataflow MobileNetv2 Accelerator on Edge FPGA,"Weixiong Jiang, Heng Yu, Yajun Ha",IEEE Transactions on Computer-Aided Design of Integrated Circuits and Systems,42,5,1532–1545,2023,10.1109/TCAD.2022.3198246,https://doi.org/10.1109/TCAD.2022.3198246,journal-article,yes,"Full-dataflow INT8 MobileNetV2 accelerator: improved full-integer quantization, tunable activation-weight imbalance transfer, parallelism-adjustable components, deeper-FIFO residual connections, and per-layer compute/memory allocation.","1910 FPS on ZCU102 (1.8x over prior work) with 72.98% top-1 at 8-bit, the highest among the MobileNetV2 accelerators it compares.",Single network (MobileNetV2) design point on a large ZU9 device; full-dataflow mapping is network-specific.,"State of the art for MobileNet-style INT8 on ZU+; contrast to V3's single-array, layer-sequential approach.",abstract,abstract (OpenAlex record),https://api.openalex.org/works/https://doi.org/10.1109/TCAD.2022.3198246,Crossref (published-print year),1.0,True,selected
6,1,FPGA CNN accelerators on Zynq UltraScale+ (KV260 / ZCU102 / ZCU104),blott2018finnr,FINN- R: An End-to-End Deep-Learning Framework for Fast Exploration of Quantized Neural Networks,"Michaela Blott, Thomas B. Preußer, Nicholas J. Fraser, Giulio Gambardella, Kenneth O’brien, Yaman Umuroglu, Miriam Leeser, Kees Vissers",ACM Transactions on Reconfigurable Technology and Systems,11,3,1–23,2018,10.1145/3242897,https://doi.org/10.1145/3242897,journal-article,yes,"Second-generation FINN: end-to-end tool that generates customized quantized inference engines (dataflow or multi-layer offload) with resource-cost and performance models; evaluated on PYNQ-Z1, Ultra96 (XCZU3EG) and AWS F1.",Up to 50 TOp/s on AWS F1 and 5 TOp/s on embedded devices; on Ultra96 CNV-6 runs at 300 MHz (results table).,"Targets reduced-precision (binary/few-bit) networks, not INT8; the CIFAR-10 CNV and YOLO models differ from ResNet/MobileNet.",FINN dataflow framework on ZU+ (Ultra96): the main open-source custom-accelerator alternative to the DPU.,abstract,"arXiv: abstract, Sec. 5 platform table and results table (grep-level)",https://arxiv.org/abs/1809.04570,Crossref (published-print year),1.0,True,selected
7,1,FPGA CNN accelerators on Zynq UltraScale+ (KV260 / ZCU102 / ZCU104),li2021dynamic,Dynamic Dataflow Scheduling and Computation Mapping Techniques for Efficient Depthwise Separable Convolution Acceleration,"Baoting Li, Hang Wang, Xuchong Zhang, Jie Ren, Longjun Liu, Hongbin Sun, Nanning Zheng",IEEE Transactions on Circuits and Systems I: Regular Papers,68,8,3279–3292,2021,10.1109/TCSI.2021.3078541,https://doi.org/10.1109/TCSI.2021.3078541,journal-article,yes,"Adaptive row-based dataflow scheduling and adaptive computation mapping for depthwise separable convolution accelerators, evaluated on six DSC-based lightweight CNNs and implemented for MobileNetV2 on ZCU102.","At least 50.4% smaller on-chip buffer and 1.18x convolution performance in simulation; 381.7 fps MobileNetV2 on ZCU102, 1.43x the reference design.",Buffer/performance gains are simulation results; board result is for MobileNetV2 only.,Per-layer adaptive scheduling for depthwise layers on ZU+: prior art for V3's depthwise mode and per-layer mode choice.,abstract,abstract (OpenAlex record),https://api.openalex.org/works/https://doi.org/10.1109/TCSI.2021.3078541,Crossref (published-print year),1.0,True,selected
8,1,FPGA CNN accelerators on Zynq UltraScale+ (KV260 / ZCU102 / ZCU104),park2025radar,RADAR: An Efficient FPGA-based ResNet Accelerator with Data-aware Reordering of Processing Sequences,"Juntae Park, Dahun Choi, Hyun Kim",JOURNAL OF SEMICONDUCTOR TECHNOLOGY AND SCIENCE,25,4,451–458,2025,10.5573/jsts.2025.25.4.451,https://doi.org/10.5573/jsts.2025.25.4.451,journal-article,yes,"ResNet-18 accelerator IP that reorders each layer's computation sequence to maximize on-chip-memory reuse and uses a shared buffer for skip-connection layers, implemented on ZCU102.",446.9 GOPS and 64.9 GOPS/W with less DRAM access and higher OCM and processor utilization.,Single network (ResNet-18) on a large ZU9 device; abstract gives no frame rate or latency.,"ZU+ ResNet accelerator handling skip connections with limited on-chip memory, comparable to V3's residual handling.",abstract,abstract (OpenAlex record),https://api.openalex.org/works/https://doi.org/10.5573/jsts.2025.25.4.451,Crossref (published-print year),1.0,True,selected
9,1,FPGA CNN accelerators on Zynq UltraScale+ (KV260 / ZCU102 / ZCU104),baharani2021deepdive,DeepDive: An Integrative Algorithm/Architecture Co-Design for Deep Separable Convolutional Neural Networks,"Mohammadreza Baharani, Ushma Sunil, Kaustubh Manohar, Steven Furgurson, Hamed Tabkhi",Proceedings of the 2021 Great Lakes Symposium on VLSI,n/a,n/a,247–252,2021,10.1145/3453688.3461485,https://doi.org/10.1145/3453688.3461485,proceedings-article,yes,"Co-design framework for depthwise separable CNNs on edge FPGAs: heterogeneous compute units in synthesizable C++, FPGA-aware training and online channel-wise low-bit quantization, run on ZCU102.",47.4 FPS/W (MobileNet-V2) and 233.3 FPS/W (compact EfficientNet); 2.2x/1.51x over Jetson Nano modes and 2.27x/37.25x over two FPGA designs.,Uses low-bit (about 3-6 bit) quantization rather than INT8; results given as FPS/W.,MobileNet-style accelerator on ZU+ with heterogeneous units for depthwise layers; contrast point for V3's MobileNet workload.,abstract,abstract (OpenAlex record); arXiv text checked for board/bit-width only,https://arxiv.org/abs/2007.09490,Crossref (published-print year),1.0,True,selected
10,1,FPGA CNN accelerators on Zynq UltraScale+ (KV260 / ZCU102 / ZCU104),yang2019synetgy,Synetgy: Algorithm-hardware Co-design for ConvNet Accelerators on Embedded FPGAs,"Yifan Yang, Qijing Huang, Bichen Wu, Tianjun Zhang, Liang Ma, Giulio Gambardella, Michaela Blott, Luciano Lavagno, Kees Vissers, John Wawrzynek, Kurt Keutzer",Proceedings of the 2019 ACM/SIGDA International Symposium on Field-Programmable Gate Arrays,n/a,n/a,23–32,2019,10.1145/3289602.3293902,https://doi.org/10.1145/3289602.3293902,proceedings-article,yes,"Co-designs DiracDeltaNet (1x1 convs plus shift operations, 1-bit weights / 4-bit activations) and an HLS accelerator on Ultra96 at 250 MHz.","88.2% top-5 ImageNet at 96.5 FPS; power measured with a power monitor (5.3 W idle PL, 5.5 W max).","Network is custom (not ResNet/MobileNet) and ultra-low precision, so it is not directly comparable to INT8 designs.",Early ZU+ (Ultra96) embedded CNN accelerator with board power; context for board-level power reporting.,abstract,"arXiv: abstract, Sec. 5 implementation text (grep-level)",https://arxiv.org/abs/1811.08634,Crossref (published-print year),1.0,True,selected
11,2,Reconfigurable and flexible dataflow accelerators,ghodrati2020planaria,Planaria: Dynamic Architecture Fission for Spatial Multi-Tenant Acceleration of Deep Neural Networks,"Soroush Ghodrati, Byung Hoon Ahn, Joon Kyung Kim, Sean Kinzer, Brahmendra Reddy Yatham, Navateja Alla, Hardik Sharma, Mohammad Alian, Eiman Ebrahimi, Nam Sung Kim, Cliff Young, Hadi Esmaeilzadeh",2020 53rd Annual IEEE/ACM International Symposium on Microarchitecture (MICRO),n/a,n/a,681–697,2020,10.1109/micro50266.2020.00062,https://doi.org/10.1109/micro50266.2020.00062,proceedings-article,yes,Proposes a 128x128 systolic accelerator built from omni-directional 32x32 subarrays that can be fissioned at run time into up to 16 logical accelerators to co-locate several DNN inference tasks; the compiler precompiles every fission configuration.,"Fission plus a task scheduler gives 7.4x/7.2x/12.2x higher throughput than time-multiplexed PREMA at equal compute, memory and frequency for soft/medium/hard QoS; cycle counts from its simulator are checked against Verilog.","Targets multi-tenant datacenter inference; evaluated with a cycle-accurate simulator and 45 nm (FreePDK) synthesis of added logic, no silicon or FPGA; no number given for simulator-vs-Verilog agreement in the sections read.","Closest prior work for sub-array fission of a systolic array with compile-time-known per-configuration tiles/cycles; contrast: V3 splits one array per layer for latency, exact model = board.",full text,"full text: abstract, Sec. III-IV (fission, compilation), Sec. VI-A methodology, area/power overhead paragraph",https://cseweb.ucsd.edu/~hadi/doc/paper/2020-micro-planaria.pdf,Crossref (published-print year),1.0,True,selected
12,2,Reconfigurable and flexible dataflow accelerators,tong2024feather,FEATHER: A Reconfigurable Accelerator with Data Reordering Support for Low-Cost On-Chip Dataflow Switching,"Jianming Tong, Anirudh Itagi, Prasanth Chatarasi, Tushar Krishna",2024 ACM/IEEE 51st Annual International Symposium on Computer Architecture (ISCA),n/a,n/a,198–214,2024,10.1109/isca59077.2024.00024,https://doi.org/10.1109/isca59077.2024.00024,proceedings-article,yes,"Presents FEATHER, a spatial array (NEST) with a multi-stage reduction network (BIRRD) that reorders data layout during reduction so dataflow and layout can switch per layer; adds layout modelling to Timeloop (Layoutloop) and deploys the design end to end on a ZCU104 FPGA.","Reports 1.27-2.89x latency speedup and 1.3-6.43x energy-efficiency gain over NVDLA, SIGMA and Eyeriss in Layoutloop, 2.65x/3.91x higher normalized throughput than Xilinx DPU/Gemmini on FPGA, at 6% area over a fixed-dataflow Eyeriss-like design.","Per-layer choice comes from a Layoutloop (Timeloop-based) EDP search, not validated against the board in the sections read; FPGA deployment of ResNet-50 uses only two layouts; DPU is faster on deep high-C/M layers (controller not optimized).",Closest flexible-dataflow FPGA design on a Zynq UltraScale+ board with a DPU baseline and DW layout; contrast for per-layer mode selection and latency reporting.,full text,"full text: abstract, Sec. V (Layoutloop), Sec. VI-A setup, Sec. VI-B real-device latency (Fig. 12)",https://arxiv.org/abs/2405.13170,Crossref (published-print year),1.0,True,selected
13,2,Reconfigurable and flexible dataflow accelerators,chen2019eyerissv2,Eyeriss v2: A Flexible Accelerator for Emerging Deep Neural Networks on Mobile Devices,"Yu-Hsin Chen, Tien-Ju Yang, Joel S. Emer, Vivienne Sze",IEEE Journal on Emerging and Selected Topics in Circuits and Systems,9,2,292–308,2019,10.1109/jetcas.2019.2910232,https://doi.org/10.1109/jetcas.2019.2910232,journal-article,yes,"Presents Eyeriss v2, a 192-PE row-stationary accelerator for compact and sparse DNNs with a hierarchical mesh NoC that adapts bandwidth and reuse per data type; a per-layer configuration command reconfigures the chip between layers, and PEs process compressed (CSC) sparse data.","With sparse MobileNet in 65 nm it reaches 1470.6 inferences/s and 2560.3 inferences/J at batch 1, 12.6x faster and 2.5x more energy efficient than Eyeriss v1 running MobileNet; the NoC handles depthwise and pointwise layers with low reuse.","Results are post-layout cycle-accurate gate-level simulations in 65 nm, not measured silicon; only one layer is processed at a time; the large MobileNet model was not benchmarked because post-layout simulation was too slow.",Key prior work on flexible on-chip networks for layer-shape variation (DW/PW) with per-layer reconfiguration; contrast to V3's fixed systolic links with per-layer modes.,full text,"full text: abstract, Sec. I-III, Sec. V implementation results (Table IV)",https://arxiv.org/abs/1807.07928,Crossref (published-print year),1.0,True,selected
14,2,Reconfigurable and flexible dataflow accelerators,kwon2018maeri,MAERI: Enabling Flexible Dataflow Mapping over DNN Accelerators via Reconfigurable Interconnects,"Hyoukjun Kwon, Ananda Samajdar, Tushar Krishna",Proceedings of the Twenty-Third International Conference on Architectural Support for Programming Languages and Operating Systems,n/a,n/a,461–475,2018,10.1145/3173162.3173176,https://doi.org/10.1145/3173162.3173176,proceedings-article,yes,"Proposes MAERI, a DNN accelerator built from multiplier and adder switches connected by a configurable distribution tree and an augmented reduction tree, so arbitrary dataflows and layer partitions map by configuring small switches; implemented in Bluespec and synthesized in 28 nm at 200 MHz.",Reports 8-459% better utilization across dataflow mappings than rigid-NoC baselines and a 72.4% average speedup with about 95% multiplier utilization over a systolic array and an Eyeriss-like design with 64 MACs on AlexNet/VGG conv layers.,"Synthesis tools report higher power than Eyeriss at equal compute; large filters (AlexNet 11x11, 5x5) lead to underutilization; ASIC synthesis plus simulation only.",Classic flexible-interconnect accelerator (reconfigurable reduction tree); contrast to V3's systolic array where flexibility is limited to per-layer modes.,full text,"full text: abstract, Sec. 5 implementation, Sec. 6.1 evaluation",https://synergy.ece.gatech.edu/wp-content/uploads/sites/332/2018/01/maeri_asplos2018.pdf,Crossref (published-print year),1.0,True,selected
15,2,Reconfigurable and flexible dataflow accelerators,qin2020sigma,SIGMA: A Sparse and Irregular GEMM Accelerator with Flexible Interconnects for DNN Training,"Eric Qin, Ananda Samajdar, Hyoukjun Kwon, Vineet Nadella, Sudarshan Srinivasan, Dipankar Das, Bharat Kaul, Tushar Krishna",2020 IEEE International Symposium on High Performance Computer Architecture (HPCA),n/a,n/a,58–70,2020,10.1109/hpca47549.2020.00015,https://doi.org/10.1109/hpca47549.2020.00015,proceedings-article,yes,"Proposes SIGMA, a GEMM accelerator with flexible distribution and a Forwarding Adder Network (FAN) reduction tree that keeps PEs utilized for irregular GEMM shapes and arbitrary sparsity, targeting DNN training.",Reports 5.7x better performance than systolic arrays on irregular sparse matrices and about 3x over sparse accelerators; an instance reaches 10.8 TFLOPS efficiency at 65.10 mm^2 and 22.33 W in 28 nm.,Targets training-scale GEMMs in an ASIC (28 nm); flexibility comes from large distribution/reduction networks rather than a plain systolic array.,"Motivates handling irregular (small/skinny) GEMM shapes that underuse systolic arrays, the case V3 addresses with split-K; contrast in hardware cost.",abstract,abstract (Semantic Scholar API),https://api.semanticscholar.org/graph/v1/paper/DOI:10.1109/HPCA47549.2020.00015,Crossref (published-print year),1.0,True,selected
16,2,Reconfigurable and flexible dataflow accelerators,lu2017flexflow,FlexFlow: A Flexible Dataflow Accelerator Architecture for Convolutional Neural Networks,"Wenyan Lu, Guihai Yan, Jiajun Li, Shijun Gong, Yinhe Han, Xiaowei Li",2017 IEEE International Symposium on High Performance Computer Architecture (HPCA),n/a,n/a,553–564,2017,10.1109/hpca.2017.29,https://doi.org/10.1109/hpca.2017.29,proceedings-article,yes,"Proposes FlexFlow, a CNN accelerator whose dataflow combines feature-map, neuron and synapse parallelism to reduce the mismatch between the parallelism a compute engine supports and the parallelism each CNN workload offers.","On six workloads it reports 2-10x speedup and 2.5-10x power-efficiency improvement over three accelerator architectures, and scales well with compute-engine size.","Only the abstract was read; evaluation scope (technology, simulation vs silicon) not checked.","Early flexible-dataflow CNN accelerator addressing per-layer parallelism mismatch, the same utilization problem V3 tackles with per-layer modes.",abstract,abstract (OpenAlex record),https://api.openalex.org/works/doi:10.1109/hpca.2017.29,Crossref (published-print year),1.0,True,selected
17,2,Reconfigurable and flexible dataflow accelerators,samajdar2022sara,Self adaptive reconfigurable arrays (SARA): learning flexible GEMM accelerator configuration and mapping-space using ML,"Ananda Samajdar, Eric Qin, Michael Pellauer, Tushar Krishna",Proceedings of the 59th ACM/IEEE Design Automation Conference,n/a,n/a,583–588,2022,10.1145/3489517.3530506,https://doi.org/10.1145/3489517.3530506,proceedings-article,yes,"Proposes a reconfigurable systolic array (RSA) that can act as one monolithic array or many smaller arrays of various aspect ratios with OS/WS/IS modes, and ADAPTNET, an ML recommender (with a hardware core, ADAPTNETX) that picks configuration and mapping per GEMM without search; SAGAR is a 32.768 TOPS instance.",ADAPTNET reaches 95% test accuracy against exhaustive search; SAGAR gives distributed-system mapping flexibility with 3.5x better power efficiency and 3.2x higher compute density.,"Recommender labels come from SCALE-Sim runs; evaluated by architectural and post-layout simulation (28 nm), no board/silicon; a learned recommender can mispredict (95%).",Per-layer sub-array shape plus OS/WS/IS selection on a systolic array; contrast: V3 chooses modes with an exact cycle model at compile time.,full text,"full text: abstract, Sec. III-IV (RSA, dataflow modes), SCALE-Sim labelling",https://arxiv.org/abs/2101.04799,Crossref (published-print year),0.932,True,selected
18,2,Reconfigurable and flexible dataflow accelerators,kwon2021herald,Heterogeneous Dataflow Accelerators for Multi-DNN Workloads,"Hyoukjun Kwon, Liangzhen Lai, Michael Pellauer, Tushar Krishna, Yu-Hsin Chen, Vikas Chandra",2021 IEEE International Symposium on High-Performance Computer Architecture (HPCA),n/a,n/a,71–83,2021,10.1109/hpca51647.2021.00016,https://doi.org/10.1109/hpca51647.2021.00016,proceedings-article,yes,"Proposes heterogeneous dataflow accelerators (HDAs) that place several fixed-dataflow sub-accelerators on one chip, and Herald, a framework that co-optimizes hardware partitioning and layer scheduling using a MAESTRO-based cost model.","The identified HDA (Maelstrom) gives 65.3% lower latency and 5.0% lower energy than the best fixed-dataflow accelerator, and 22.0% lower energy at 20.7% higher latency than a reconfigurable accelerator.","Results come from the MAESTRO analytical cost model, not RTL or hardware measurement; targets multi-DNN AR/VR and MLPerf workloads.",Alternative to per-layer reconfiguration (layer-to-dataflow assignment at compile time); contrast for V3's single array with per-layer modes.,full text,"full text: abstract, Sec. IV cost model (MAESTRO)",https://arxiv.org/abs/1909.07437,Crossref (published-print year),1.0,True,selected
19,3,Sparsity-skipping accelerators (structured weight and activation sparsity),liu2022s2ta,S2TA: Exploiting Structured Sparsity for Energy-Efficient Mobile CNN Acceleration,"Zhi-Gang Liu, Paul N. Whatmough, Yuhao Zhu, Matthew Mattina",2022 IEEE International Symposium on High-Performance Computer Architecture (HPCA),n/a,n/a,573–586,2022,10.1109/hpca53966.2022.00049,https://doi.org/10.1109/hpca53966.2022.00049,proceedings-article,yes,"Proposes Density Bound Block (DBB) sparsity for static weights and dynamically pruned activations, and S2TA, an INT8 systolic-array accelerator with time-unrolled tensor PEs exploiting joint weight/activation DBB.","DBB bounds non-zeros per block so the maximum workload is known at design time, enabling lean hardware; reports >2x speedup and energy reduction vs a zero-value-clock-gated systolic array in 16nm.","Activation DBB uses Dynamic Activation Pruning (Top-NNZ), which is lossy (MobileNetV1 4/8 DAP on point-wise layers: 71% to 56.1% before retraining); evaluated by RTL simulation and ASIC flow (16nm/65nm), not on an FPGA.",Closest prior work: structured weight sparsity plus activation sparsity on an INT8 systolic array with a design-time workload bound; contrast with V3's lossless activation skipping bounded by the dense schedule.,full text,"full text: abstract, Sec. 3.1, Sec. 4, Sec. 5.1 (DAP), Sec. 7 (methodology)",https://arxiv.org/pdf/2107.07983,Crossref (published-print year),1.0,True,selected
20,3,Sparsity-skipping accelerators (structured weight and activation sparsity),zhu2020structured,An Efficient Hardware Accelerator for Structured Sparse Convolutional Neural Networks on FPGAs,"Chaoyang Zhu, Kejie Huang, Shuyuan Yang, Ziqi Zhu, Hejia Zhang, Haibin Shen",IEEE Transactions on Very Large Scale Integration (VLSI) Systems,28,9,1953–1965,2020,10.1109/tvlsi.2020.3002779,https://doi.org/10.1109/tvlsi.2020.3002779,journal-article,yes,"Uses shape-wise structured pruning and a sparse-wise dataflow that skips MAC cycles with zero weights, with a Vector Generator Module matching sparse weight indices to activations; implemented on a Xilinx ZCU102.",Shape-wise pruning shares indices across kernels so PU load is balanced; reports 987 img/s (AlexNet) and 48 img/s (VGG-16) and 1.5x-6.7x speedup over prior FPGA CNN accelerators.,Zero activations are clock/zero-gated to save energy rather than skipped for speedup; evaluated on AlexNet and VGG-16 (ImageNet) on a ZCU102 with 16-bit and 8-bit variants.,Closest FPGA prior work for static structured weight skipping on a Zynq UltraScale+ device; V3's structured weight skip is positioned against it.,full text,"full text (arXiv preprint): abstract, Sec. I, Sec. on computation efficiency (DAI/DMI), resource tables",https://arxiv.org/pdf/2001.01955,Crossref (published-print year),1.0,True,selected
21,3,Sparsity-skipping accelerators (structured weight and activation sparsity),xie2023spec,Efficient Layer-Wise N:M Sparse CNN Accelerator with Flexible SPEC: Sparse Processing Element Clusters,"Xiaoru Xie, Mingyu Zhu, Siyuan Lu, Zhongfeng Wang",Micromachines,14,3,528,2023,10.3390/mi14030528,https://doi.org/10.3390/mi14030528,journal-article,yes,"Designs sparse PE clusters (SPEC) for layer-wise N:M weight sparsity (N:16 channel-wise) and builds input-, output- and input-output-channel-sparse accelerators in Verilog on Xilinx ZCU102 and VCU118.","Supports variable N per layer and variable sparse dimensions; reports Top-1 accuracy with N:16 50% sparsity close to dense for AlexNet, VGG-16, ResNet-18/50 and the best power efficiency among compared sparse accelerators.","Exploits weight sparsity only (one-sided for the ISA/OSA variants); evaluated on ImageNet-scale CNNs at 200 MHz on ZCU102/VCU118, not on smaller edge devices.",N:M structured weight sparsity on a Xilinx FPGA; a direct reference point for V3's static structured weight skip and per-layer sparsity choice.,full text,"full text: abstract, Sec. 1, Sec. 5 (Table 3 accuracy, implementation, comparison table)",https://www.ebi.ac.uk/europepmc/webservices/rest/PMC10057003/fullTextXML,Crossref (issued year),1.0,True,selected
22,3,Sparsity-skipping accelerators (structured weight and activation sparsity),albericio2016cnvlutin,Cnvlutin: Ineffectual-Neuron-Free Deep Neural Network Computing,"Jorge Albericio, Patrick Judd, Tayler Hetherington, Tor Aamodt, Natalie Enright Jerger, Andreas Moshovos",2016 ACM/IEEE 43rd Annual International Symposium on Computer Architecture (ISCA),n/a,n/a,1–13,2016,10.1109/isca.2016.11,https://doi.org/10.1109/isca.2016.11,proceedings-article,yes,"Proposes CNV, a value-based accelerator that eliminates multiplications with zero-valued activations using hierarchical data-parallel units whose lane groups proceed independently and a co-designed storage format.","No accuracy loss; improves performance 1.24x-1.55x (1.37x average) over a state-of-the-art accelerator with 4.49% area overhead, and 1.52x with a broader ineffectual-value policy.",Gains are data-dependent on activation zeros; evaluated against a DaDianNao-style baseline for image-classification DNNs (abstract does not report an FPGA or silicon implementation).,"Classic activation zero-skipping reference; V3's all-zero K-step skipping is a coarse-grained, bounded variant of this idea.",abstract,abstract (OpenAlex record of the IEEE ISCA paper),https://api.openalex.org/works/doi:10.1109/isca.2016.11,Crossref (published-print year),1.0,True,selected
23,3,Sparsity-skipping accelerators (structured weight and activation sparsity),zhang2016cambriconx,Cambricon-X: An accelerator for sparse neural networks,"Shijin Zhang, Zidong Du, Lei Zhang, Huiying Lan, Shaoli Liu, Ling Li, Qi Guo, Tianshi Chen, Yunji Chen",2016 49th Annual IEEE/ACM International Symposium on Microarchitecture (MICRO),n/a,n/a,1–12,2016,10.1109/micro.2016.7783723,https://doi.org/10.1109/micro.2016.7783723,proceedings-article,yes,"PE-based accelerator for sparse NNs in which an Indexing Module selects and transfers the neurons matching each PE's compressed, irregular synapses, with PEs computing asynchronously.",16 PEs reach up to 544 GOP/s in 6.38 mm2 and 954 mW at 65 nm; on average 7.23x speedup and 6.43x energy saving over a state-of-the-art NN accelerator on sparse networks.,"Exploits weight sparsity (activations via indexing, not zero-skipping); ASIC (65 nm) evaluation only.","Classic weight-sparsity accelerator; contrast with V3's structured, statically scheduled weight skipping without a runtime indexing module.",abstract,abstract (OpenAlex record of the IEEE MICRO paper),https://api.openalex.org/works/doi:10.1109/micro.2016.7783723,Crossref (published-print year),1.0,True,selected
24,3,Sparsity-skipping accelerators (structured weight and activation sparsity),parashar2017scnn,SCNN: An Accelerator for Compressed-sparse Convolutional Neural Networks,"Angshuman Parashar, Minsoo Rhu, Anurag Mukkara, Antonio Puglielli, Rangharajan Venkatesan, Brucek Khailany, Joel Emer, Stephen W. Keckler, William J. Dally",Proceedings of the 44th Annual International Symposium on Computer Architecture,n/a,n/a,27–40,2017,10.1145/3079856.3080254,https://doi.org/10.1145/3079856.3080254,proceedings-article,yes,Accelerator that keeps both zero-pruned weights and ReLU-zero activations compressed and computes their Cartesian product in a multiplier array with a scatter accumulator array.,"Exploits two-sided sparsity; reports 2.7x performance and 2.3x energy over a comparably provisioned dense accelerator across AlexNet, GoogLeNet and VGGNet.","Evaluated with a cycle-level simulator and 16nm synthesis; intra-PE fragmentation and inter-PE barrier load imbalance limit speedup (under 20% multiplier utilization in late GoogLeNet modules), and it is less efficient than dense above about 83% density.","Two-sided sparsity reference whose load imbalance and data-dependent runtime motivate V3's bounded, statically scheduled approach.",full text,"full text: abstract, Sec. IV-V, Sec. VI-B (performance, Fig. 8-9 discussion)",https://arxiv.org/pdf/1708.04485,Crossref (published-print year),1.0,True,selected
25,3,Sparsity-skipping accelerators (structured weight and activation sparsity),delmaslascorz2019bittactical,Bit-Tactical: A Software/Hardware Approach to Exploiting Value and Bit Sparsity in Neural Networks,"Alberto Delmas Lascorz, Patrick Judd, Dylan Malone Stuart, Zissis Poulos, Mostafa Mahmoud, Sayeh Sharify, Milos Nikolic, Kevin Siu, Andreas Moshovos",Proceedings of the Twenty-Fourth International Conference on Architectural Support for Programming Languages and Operating Systems,n/a,n/a,749–763,2019,10.1145/3297858.3304041,https://doi.org/10.1145/3297858.3304041,proceedings-article,yes,"Accelerator where weight sparsity is exploited by a static scheduling middleware plus a lightweight sparse shuffling network (two small multiplexers per activation input), with back-ends that target bit-sparsity in activations.",Static weight scheduling avoids dynamic runtime routing/matching of values; targeting activation bit-sparsity avoids handling the dynamic whole-value sparse stream and uncovers more ineffectual work.,The abstract reports only qualitative comparisons (outperforms other sparse accelerators); hardware-only evaluation scope (no FPGA mentioned in the abstract).,Static (compile-time) weight-skip scheduling and zero-bit activation skipping; prior art for V3's static skip schedule.,abstract,abstract (Semantic Scholar record of the ASPLOS paper),https://api.semanticscholar.org/graph/v1/paper/DOI:10.1145/3297858.3304041,Crossref (published-print year),1.0,True,selected
26,3,Sparsity-skipping accelerators (structured weight and activation sparsity),gondimalla2019sparten,SparTen: A Sparse Tensor Accelerator for Convolutional Neural Networks,"Ashish Gondimalla, Noah Chesnut, Mithuna Thottethodi, T. N. Vijaykumar",Proceedings of the 52nd Annual IEEE/ACM International Symposium on Microarchitecture,n/a,n/a,151–165,2019,10.1145/3352460.3358291,https://doi.org/10.1145/3352460.3358291,proceedings-article,yes,Two-sided sparse CNN accelerator with native sparse inner-join support and greedy balancing (software or hybrid) that groups filters by density to address systematic load imbalance.,"Addresses SCNN's overheads and supports non-unit-stride convolutions; simulations show 4.7x, 1.8x and 3x over dense, one-sided sparse and SCNN, and an FPGA implementation shows 4.3x and 1.9x over dense and one-sided.","Runtime depends on data sparsity and needs balancing to limit imbalance; main results are simulation, with an FPGA implementation reported for a subset of comparisons.",Shows load imbalance is inherent to two-sided sparsity; contrast for V3's dense-bounded activation skip.,abstract,abstract (Semantic Scholar record of the MICRO paper),https://api.semanticscholar.org/graph/v1/paper/DOI:10.1145/3352460.3358291,Crossref (published-print year),1.0,True,selected
27,4,"Timing-predictable, real-time and WCET-aware DNN inference",aromolo2026timepredictable,Time-Predictable Acceleration of Deep Neural Networks on FPGA SoCs with Multi-Core DPUs,"Federico Aromolo, Niko Salamini, Jacopo Del Granchio, Alessandro Biondi, Mauro Marinoni, Giorgio Buttazzo",2026 IEEE 32nd Real-Time and Embedded Technology and Applications Symposium (RTAS),n/a,n/a,275–288,2026,10.1109/RTAS68450.2026.00033,https://doi.org/10.1109/RTAS68450.2026.00033,proceedings-article,yes,"Scheduling and analysis framework for multi-core AMD DPU configurations on FPGA SoCs: AXI bus budgeting units regulate per-core memory traffic, DNNs are split into chunks, and limited-preemptive fixed-priority scheduling gets a response-time analysis.","Gives response-time guarantees for concurrent DNN tasks on a commercial Zynq UltraScale+ platform, and reports large schedulability gains over the standard Vitis AI setup across all evaluated scenarios.","Chunk WCETs come from profiling (10,000 inferences under memory interference), not from an analytical model. The DPU is a closed black box; evaluated on ZCU102 with DPUs at 90 MHz; CPU pre/post-processing is left to future work.",Closest prior on time-predictable DNN inference on Zynq US+; contrast: measured-WCET bound on a black-box DPU vs V3's exact compile-time cycle count on custom RTL.,full text,"full text: abstract, Sec. I-II, V, VII-A (setup, profiling), VIII related work, IX conclusions",https://retis.santannapisa.it/~a.biondi/papers/RTAS26.pdf,Crossref (published-print year),1.0,True,selected
28,4,"Timing-predictable, real-time and WCET-aware DNN inference",restuccia2021timepredictable,Time-Predictable Acceleration of Deep Neural Networks on FPGA SoC Platforms,"Francesco Restuccia, Alessandro Biondi",2021 IEEE Real-Time Systems Symposium (RTSS),n/a,n/a,441–454,2021,10.1109/RTSS52674.2021.00047,https://doi.org/10.1109/RTSS52674.2021.00047,proceedings-article,yes,"Profiles the Xilinx DPU on Zynq UltraScale+ (ZCU102) with a custom AXI bus profiler, derives a series-parallel execution model and response-time analysis, and adds DICTAT, an FPGA module that fetches DPU instructions from on-chip memory.","Safe analytical upper bounds for DPU inference of ADAS DNNs, validated against on-board measurements; DICTAT reduces bound pessimism by at least 12% overall (25% for pedestrian detection).","Bounds, not exact predictions: measured latency still varies (e.g. Lane Detect 7.09-7.12 ms over 1000 runs, attributed to DRAM). Single black-box DPU, model built from profiling.",Baseline line of work for time-predictable DNN acceleration on the same SoC family as the KV260; V3 contrasts exact cycle equality with RTA bounds.,full text,"full text: abstract, Sec. I-III (profiling, Tables I-II), VII (Table III), conclusions",https://retis.santannapisa.it/~a.biondi/papers/RTSS21.pdf,Crossref (published-print year),1.0,True,selected
29,4,"Timing-predictable, real-time and WCET-aware DNN inference",ji2025derca,DERCA: DetERministic Cycle-Level Accelerator on Reconfigurable Platforms in DNN-Enabled Real-Time Safety-Critical Systems,"Shixin Ji, Zhuoping Yang, Xingzhen Chen, Wei Zhang, Jinming Zhuang, Alex K. Jones, Zheng Dong, Peipei Zhou",2025 IEEE Real-Time Systems Symposium (RTSS),n/a,n/a,392–405,2025,10.1109/RTSS66672.2025.00039,https://doi.org/10.1109/RTSS66672.2025.00039,proceedings-article,yes,"Accelerator architecture with fine-grained intra-layer preemption and cycle-level determinism, an on-chip EDF scheduler and a dataflow with intra-layer preemption points; predictability analysis under the limited-preemptive task model enables schedulability analysis and preemption-point placement.",Reduces priority inversion versus non-preemptive and layer-wise preemptive dataflows with under 5% WCET overhead and 6% extra resources on AMD VCK190; open-sourced.,"Evaluated on Versal ACAP (VCK190), not Zynq UltraScale+. Full text not yet public (NSF PAR embargo to 2026-12-02), so how WCET is derived and whether model and board cycles are compared was not checked.",Closest custom-accelerator prior claiming cycle-level determinism; V3 must position its exact model=RTL=board equality against it. Read full text when available.,abstract,abstract (NSF PAR page; same text via OpenAlex),https://par.nsf.gov/biblio/10657467,Crossref (published-print year),1.0,True,selected
30,4,"Timing-predictable, real-time and WCET-aware DNN inference",bebawy2025superscalar,Superscalar Time-Triggered Versatile-Tensor Accelerator,"Yosab Bebawy, Aniebiet Micheal Ezekiel, Roman Obermaisser",IEEE Transactions on Computer-Aided Design of Integrated Circuits and Systems,44,7,2503–2515,2025,10.1109/TCAD.2025.3528355,https://doi.org/10.1109/TCAD.2025.3528355,journal-article,yes,"Proposes STT-VTA, a superscalar extension of the time-triggered VTA: pattern-based timing schedules from an extended simulator plus a configuration manager decide how many extra VTA modules a model needs.","Keeps deterministic temporal use of shared memories and buses (time-triggered) while cutting inference time by 20-41% versus a single (TT-)VTA, with identical classification accuracy.",Evaluation as described in the abstract uses a software simulator (DRAMSim2 for memory instructions plus a cycle-accurate simulator); no board measurement is mentioned there. The earlier TT-VTA was slower on average (53 vs 51 ms).,Closest time-triggered custom DNN accelerator line; contrast with V3's on-board cycle-exact verification.,abstract,abstract (OpenAlex record of the IEEE abstract),https://api.openalex.org/works/doi:10.1109/TCAD.2025.3528355,Crossref (published-print year),1.0,True,selected
31,4,"Timing-predictable, real-time and WCET-aware DNN inference",ji2025art,ART: Customizing Accelerators for DNN-Enabled Real-Time Safety-Critical Systems,"Shixin Ji, Xingzhen Chen, Jinming Zhuang, Wei Zhang, Zhuoping Yang, Sarah Schultz, Yukai Song, Jingtong Hu, Alex Jones, Zheng Dong, Peipei Zhou",Proceedings of the Great Lakes Symposium on VLSI 2025,n/a,n/a,442–449,2025,10.1145/3716368.3735215,https://doi.org/10.1145/3716368.3735215,proceedings-article,yes,"HW/SW co-design framework that turns HLS-based FPGA DNN accelerators into real-time ones: schedulability analysis and preemption-point placement in software, and hardware GEDF scheduling with save/resume preemption via source-code transformation.",Meets schedulability where baseline accelerators miss deadlines on AMD VCK190; scheduler hardware takes a fixed small number of cycles and uses <0.5% resources; about 100 lines of user input generate about 2.5k lines of code.,Task WCETs are inputs to the analysis; we found no statement on how they are derived in the sections read. Evaluated on Versal VCK190 with two baseline accelerator models; one accelerator shared by all tasks (heterogeneous/partial reconfiguration future work).,Real-time scheduling of FPGA DNN accelerators; V3 provides the exact per-layer WCETs such frameworks assume.,full text,"full text (accepted manuscript): abstract, Sec. 2-4.2, 6.3-6.4, 7-8",https://par.nsf.gov/servlets/purl/10612758,Crossref (published-print year),1.0,True,selected
32,4,"Timing-predictable, real-time and WCET-aware DNN inference",platzer2021vicuna,Vicuna: A Timing-Predictable RISC-V Vector Coprocessor for Scalable Parallel Computation,"Michael Platzer, Peter Puschner","LIPIcs, Volume 196, ECRTS 2021",196,n/a,1:1–1:18,2021,10.4230/LIPIcs.ECRTS.2021.1,https://doi.org/10.4230/LIPIcs.ECRTS.2021.1,ConferencePaper,yes,"Timing-anomaly-free RISC-V vector coprocessor integrated with Ibex (128 8-bit MACs/cycle, 80 MHz on Xilinx 7-series), evaluated on data-parallel benchmarks including 3x3 convolution and matrix multiplication.","Each benchmark always runs in exactly the same number of cycles, and repeated runs with varying inputs give identical times; over 90% efficiency on compute-bound tasks while enabling compositional WCET analysis.","Performance figures come from measurement, not timing analysis (Sec. 5). It is a programmable processor, not a CNN accelerator, and is evaluated on kernels rather than full networks.",Prior evidence of run-to-run cycle constancy on FPGA; V3 adds analytical prediction equal to the measurement for full CNNs.,full text,"full text: abstract, Sec. 1 contributions, Sec. 5 evaluation and discussion, Sec. 6",https://drops.dagstuhl.de/storage/00lipics/lipics-vol196-ecrts2021/LIPIcs.ECRTS.2021.1/LIPIcs.ECRTS.2021.1.pdf,DataCite,1.0,True,selected
33,4,"Timing-predictable, real-time and WCET-aware DNN inference",kirschner2024wip,Work-in-Progress: Real-Time Neural Network Inference on a Custom RISC-V Multicore Vector Processor,"Maximilian Kirschner, Konstantin Dudzikk, Jürgen Becker",2024 IEEE Real-Time Systems Symposium (RTSS),n/a,n/a,427–430,2024,10.1109/RTSS62706.2024.00043,https://doi.org/10.1109/RTSS62706.2024.00043,proceedings-article,yes,Multicore architecture of predictable Ibex+Vicuna vector cores with local scratchpads and a management core; an MLIR compiler splits int8 NNs into subtasks and computes a static compile-time schedule for shared-memory transfers from subtask WCET estimates.,"Removes memory-subsystem interference by construction through a precomputed transfer schedule, giving a composable WCET for NN inference; SystemVerilog design targeting UltraScale+ FPGAs.",Work-in-progress: FPGA evaluation is future work and the compiler-based scheduling and deployment are stated as ongoing work; no measured results.,Compile-time static scheduling for predictable NN inference; processor-based contrast to V3's fixed-function array.,full text,"full text (4 pages, arXiv v1)",https://arxiv.org/abs/2410.10340,Crossref (published-print year),1.0,True,selected
34,5,Analytical performance models and DSE validated against hardware,parashar2019timeloop,Timeloop: A Systematic Approach to DNN Accelerator Evaluation,"Angshuman Parashar, Priyanka Raina, Yakun Sophia Shao, Yu-Hsin Chen, Victor A. Ying, Anurag Mukkara, Rangharajan Venkatesan, Brucek Khailany, Stephen W. Keckler, Joel Emer",2019 IEEE International Symposium on Performance Analysis of Systems and Software (ISPASS),n/a,n/a,304–315,2019,10.1109/ISPASS.2019.00042,https://doi.org/10.1109/ISPASS.2019.00042,proceedings-article,yes,Infrastructure that describes accelerator topologies and uses a mapper plus an analytical model to project performance and energy for DNN workloads. Validated against an in-house NVDLA-derived RTL design (detailed simulator) and Eyeriss 65 nm results on 107 DeepBench workloads.,"Covers a broad architecture and mapping space with one representation. Energy within 8% of the NVDLA-derived baseline for all 107 workloads; cycle accuracy 78-99%, mean 95%.","Throughput-based model assumes minimal fill/drain disruption; six outlier workloads at 78-88% due to stalls from hardware data layout. Reference is a detailed simulator of an RTL design, not FPGA/board counters.","Main ASIC-oriented analytical model to contrast with V3's exact (0-cycle) model = RTL = board agreement; its error sources (fill/drain, stalls) are what V3 models explicitly.",full text,"full text: abstract, Sec. VII A-C (validation), Figs. 8-10",https://accelergy.mit.edu/timeloop.pdf,Crossref (published-print year),1.0,True,selected
35,5,Analytical performance models and DSE validated against hardware,kwon2019understanding,"Understanding Reuse, Performance, and Hardware Cost of DNN Dataflow: A Data-Centric Approach","Hyoukjun Kwon, Prasanth Chatarasi, Michael Pellauer, Angshuman Parashar, Vivek Sarkar, Tushar Krishna",Proceedings of the 52nd Annual IEEE/ACM International Symposium on Microarchitecture,n/a,n/a,754–768,2019,10.1145/3352460.3358252,https://doi.org/10.1145/3352460.3358252,proceedings-article,yes,"Defines data-centric directives for DNN dataflows and an analytical cost model (MAESTRO) for runtime, energy and reuse; drives a DSE over 480M designs. Runtime validated against MAERI RTL simulation (VGG16, 64 PEs) and Eyeriss reported AlexNet runtime.",Runtime within 3.9% absolute error on average vs cycle-accurate RTL and reported delay; 1029-4116x faster than the equivalent RTL simulation; compiler-friendly dataflow notation.,"Error is nonzero and averaged over CONV layers of two designs; Eyeriss comparison uses paper-reported runtime, not measured hardware. Sparsity modelled only as uniform distribution.",Per-layer dataflow cost model of the kind a V3 compiler could use for mode selection; contrast with V3's exact per-layer cycle model.,full text,"full text: abstract, Sec. 1, Sec. 4.4-4.5 (Model Validation), Fig. 9",https://arxiv.org/abs/1805.02566,Crossref (published-print year),0.922,True,selected
36,5,Analytical performance models and DSE validated against hardware,samajdar2020systematic,A Systematic Methodology for Characterizing Scalability of DNN Accelerators using SCALE-Sim,"Ananda Samajdar, Jan Moritz Joseph, Yuhao Zhu, Paul Whatmough, Matthew Mattina, Tushar Krishna",2020 IEEE International Symposium on Performance Analysis of Systems and Software (ISPASS),n/a,n/a,58–68,2020,10.1109/ISPASS48437.2020.00016,https://doi.org/10.1109/ISPASS48437.2020.00016,proceedings-article,yes,"Presents SCALE-Sim, a cycle-accurate systolic-array DNN simulator (SRAM/DRAM traces, runtime, bandwidth), plus an analytical runtime model used to study scale-up vs scale-out. Validated against an RTL systolic array (OS dataflow) for matmuls at varying array sizes.",Directly models systolic OS/WS/IS arrays with cycle-level traces; RTL and simulator cycle counts shown 'in good agreement' (Fig. 4); analytical model prunes search space quickly.,"Validation uses only matrix multiplications under full utilization, shown graphically with no error figure; analytical model ignores memory-limited bandwidth effects; no FPGA or silicon measurement.",Closest modelled architecture to V3 (systolic OS array); V3 extends model-RTL agreement to whole CNN layers and the board.,full text,"full text: abstract, Sec. II-D (Validation of the tool), Fig. 4, Sec. III intro",https://horizon-lab.org/pubs/ispass20.pdf,Crossref (published-print year),1.0,True,selected
37,5,Analytical performance models and DSE validated against hardware,ma2020performance,Performance Modeling for CNN Inference Accelerators on FPGA,"Yufei Ma, Yu Cao, Sarma Vrudhula, Jae-Sun Seo",IEEE Transactions on Computer-Aided Design of Integrated Circuits and Systems,39,4,843–856,2020,10.1109/TCAD.2019.2897634,https://doi.org/10.1109/TCAD.2019.2897634,journal-article,yes,"Analytical performance and resource model for a loop-unrolled/tiled FPGA CNN accelerator, used for early DSE. Throughput and latency validated against on-board tests on Arria 10 and Stratix 10 with different MAC counts, 16-bit fixed point.",Board-validated: estimate vs on-board results within 3%; replaces 6-8 h Quartus compilations in DSE; models external and on-chip memory accesses.,"Residual error attributed to DRAM transfer latency mismatch, minor layers (e.g., average pooling) and pipeline stages; validated for one design strategy on Intel FPGAs, power not modelled.",FPGA analytical model validated on boards with few-% error; V3 claims exact agreement and removes the cited error sources.,full text,"full text: abstract, Sec. I contributions, Sec. VIII-C (Performance Model Validation), Fig. 14",https://par.nsf.gov/servlets/purl/10165009,Crossref (published-print year),1.0,True,selected
38,5,Analytical performance models and DSE validated against hardware,zhang2020dnnexplorer,DNNExplorer: a framework for modeling and exploring a novel paradigm of FPGA-based DNN accelerator,"Xiaofan Zhang, Hanchen Ye, Junsong Wang, Yonghua Lin, Jinjun Xiong, Wen-mei Hwu, Deming Chen",Proceedings of the 39th International Conference on Computer-Aided Design,n/a,n/a,1–9,2020,10.1145/3400302.3415609,https://doi.org/10.1145/3400302.3415609,proceedings-article,yes,"FPGA accelerator paradigm mixing a layer-wise pipeline and a generic reusable structure, with analytical performance/resource models and a DSE engine. Pipeline model checked against board results on ZC706 and KU115; generic-structure model against 36 CONV cases on VU9P.","Board-level validation: 1.15% average error (pipeline model, 6 and 8 DNNs) and 2.17% average error (generic structure, 36 CONV layers); up to 4.2x over DNNBuilder for a 38-layer VGG-like net.","Errors are averages, not per-cycle exact; generic-structure validation uses single CONV layers; evaluation on Xilinx devices other than Zynq UltraScale+ MPSoC KV260.",FPGA DSE model with board-validated error and DPU comparison; V3 contrasts its 0-cycle model and also uses the DPU as baseline.,full text,"full text: abstract, Sec. 6.1-6.2 (Accelerator Modeling), Figs. 7-8",https://arxiv.org/abs/2008.12745,Crossref (published-print year),1.0,True,selected
39,5,Analytical performance models and DSE validated against hardware,zhang2015optimizing,Optimizing FPGA-based Accelerator Design for Deep Convolutional Neural Networks,"Chen Zhang, Peng Li, Guangyu Sun, Yijin Guan, Bingjun Xiao, Jason Cong",Proceedings of the 2015 ACM/SIGDA International Symposium on Field-Programmable Gate Arrays,n/a,n/a,161–170,2015,10.1145/2684746.2689060,https://doi.org/10.1145/2684746.2689060,proceedings-article,yes,"Roofline-based analytical DSE of loop tiling/unrolling for an HLS CNN accelerator, computing compute roof and computation-to-communication ratio per design; implemented on a VC707 (Virtex-7 485T) at 100 MHz, 61.62 GFLOPS peak.",Classic method linking tile/unroll choices to compute and bandwidth bounds; per-layer execution-cycle estimates (Table 4) drive a cross-layer uniform unroll choice; board timing reported per layer (Table 7).,32-bit float AlexNet CONV layers only; in the sections read no explicit model-vs-board error figure is reported; HLS pre-synthesis reports used for estimation.,Key classic for analytical FPGA CNN DSE; V3 uses a cycle model rather than a roofline bound.,full text,"full text: abstract, Sec. 3.4-3.5 (DSE, Table 4), Sec. 5 (Tables 5-8)",https://www.cl.cam.ac.uk/research/srg/han/ACS-P35/readinglist/fpga2015_chen.pdf,Crossref (published-print year),1.0,True,selected
40,6,"INT8 quantization, DSP packing, depthwise/MobileNet and ResNet hardware support",jacob2018quantization,Quantization and Training of Neural Networks for Efficient Integer-Arithmetic-Only Inference,"Benoit Jacob, Skirmantas Kligys, Bo Chen, Menglong Zhu, Matthew Tang, Andrew Howard, Hartwig Adam, Dmitry Kalenichenko",2018 IEEE/CVF Conference on Computer Vision and Pattern Recognition,n/a,n/a,2704–2713,2018,10.1109/cvpr.2018.00286,https://doi.org/10.1109/cvpr.2018.00286,proceedings-article,yes,"Defines the affine scheme r = S(q - Z) with integer-only inference: uint8 operands, int32 accumulation, int32 bias with S_bias = S1*S2, and requantization by a fixed-point multiplier M0 in [0.5,1) plus a rounding shift, followed by a saturating cast; adds quantization-aware training.","Whole layer (MAC, bias, requant, ReLU6 clamp) runs in integer arithmetic, so a bit-exact integer reference is possible; small loss (ResNet-50 ImageNet 74.9% vs 76.4% float).","Evaluated on ARM CPUs (Snapdragon 835 cores) rather than accelerator hardware; scheme uses uint8 with zero-points, which adds zero-point correction terms.","Method we reuse: standard integer-only requantization (int32 accumulator, fixed-point multiplier and shift) behind V3's bit-exact INT8 path.",full text,"full text: Sec. 2.1-2.4, Sec. 3, Table 4.1, Fig. 4.1 (arXiv v1)",https://arxiv.org/pdf/1712.05877,Crossref (published-print year),1.0,True,selected
41,6,"INT8 quantization, DSP packing, depthwise/MobileNet and ResNet hardware support",sommer2022dsppacking,DSP-Packing: Squeezing Low-precision Arithmetic into FPGA DSP Blocks,"Jan Sommer, M. Akif Ozkan, Oliver Keszocze, Jurgen Teich",2022 32nd International Conference on Field-Programmable Logic and Applications (FPL),n/a,n/a,160–166,2022,10.1109/fpl57034.2022.00035,https://doi.org/10.1109/fpl57034.2022.00035,proceedings-article,yes,"Generalizes Xilinx's INT8/INT4 multiplication packing on the DSP48E2 to arbitrary bit widths and counts, analyses its rounding error, proposes full and approximate corrections, and introduces approximate 'Overpacking' (six 4-bit multiplies per DSP).",Shows the vendor INT4 packing has an error bounded by -1 (MAE 0.37) and gives a full correction costing 27 LUTs and 32 FFs that reaches zero error; packing density analysed per method.,"Circuit-level study on one Zynq UltraScale+ device (XCZU7EV), no full CNN accelerator; Overpacking is approximate and therefore not bit-exact.",Method source: exactness conditions and correction for packed INT8 MACs in V3's DSP48E2 PEs; Overpacking is a contrast (inexact).,full text,"full text: Sec. II-VII, Table I, Fig. 9 (arXiv v1)",https://arxiv.org/pdf/2203.11028,Crossref (published-print year),1.0,True,selected
42,6,"INT8 quantization, DSP packing, depthwise/MobileNet and ResNet hardware support",cho2021risa,RiSA: A Reinforced Systolic Array for Depthwise Convolutions and Embedded Tensor Reshaping,Hyungmin Cho,ACM Transactions on Embedded Computing Systems,20,5s,1–20,2021,10.1145/3476984,https://doi.org/10.1145/3476984,journal-article,yes,"Presents RiSA, a systolic-array DNN accelerator with a mechanism that raises PE utilization for depthwise convolutions and performs tensor reshaping inside the PE array instead of in a separate module.",Minimal-overhead depthwise support on a systolic array; supports CNNs and NLP models; 1.91x area and 1.31x energy efficiency over Eyeriss v2 on MobileNet-V1.,Comparison is against Eyeriss v2 for MobileNet-V1; abstract gives no FPGA implementation or latency-bound details.,Closest prior work for V3's depthwise mode on an output-stationary systolic array.,abstract,abstract (Crossref),https://api.crossref.org/works/10.1145/3476984,Crossref (published-print year),1.0,True,selected
43,6,"INT8 quantization, DSP packing, depthwise/MobileNet and ResNet hardware support",nguyen2022shortcutfusion,ShortcutFusion: From Tensorflow to FPGA-Based Accelerator With a Reuse-Aware Memory Allocation for Shortcut Data,"Duy Thanh Nguyen, Hyeonseung Je, Tuan Nghia Nguyen, Soojung Ryu, Kyujoong Lee, Hyuk-Jae Lee",IEEE Transactions on Circuits and Systems I: Regular Papers,69,6,2477–2489,2022,10.1109/tcsi.2022.3153288,https://doi.org/10.1109/tcsi.2022.3153288,journal-article,yes,"Compiler plus FPGA accelerator that statically allocates on-chip buffers for residual shortcut data and fuses the element-wise addition with the convolution, choosing row- or frame-based weight reuse per block; INT8 on a KCU1500 at 200 MHz.","Fused CONV+shortcut needs one write and two reads instead of two writes and three reads off-chip, no extra element-wise latency; DRAM access reduced 47.8-84.8% for RetinaNet, YOLOv3, ResNet152, EfficientNet.","Targets large networks and a data-center card (KCU1500), not an embedded Zynq; evaluation focuses on throughput and DRAM traffic, not latency predictability.","Residual-add hardware: fused element-wise add and on-chip shortcut buffering, compared with V3's residual handling for ResNet-20.",full text,"full text: Sec. III-IV (element-wise chain, shortcut reuse), result tables (arXiv v4 of the TCSI paper)",https://arxiv.org/pdf/2106.08167,Crossref (published-print year),1.0,True,selected
44,6,"INT8 quantization, DSP packing, depthwise/MobileNet and ResNet hardware support",lee2019doublemac,Double MAC on a DSP: Boosting the Performance of Convolutional Neural Networks on FPGAs,"Sugil Lee, Daewoo Kim, Dong Nguyen, Jongeun Lee",IEEE Transactions on Computer-Aided Design of Integrated Circuits and Systems,38,5,888–897,2019,10.1109/tcad.2018.2824280,https://doi.org/10.1109/tcad.2018.2824280,journal-article,yes,"Proposes double MAC, packing two multiply-and-accumulate operations into one FPGA DSP block, exploiting the CNN accelerator's mode of operation; validated by synthesis and Verilog simulation in a state-of-the-art CNN accelerator.",Can double the computation throughput of a CNN layer; network-level gain of 14% to more than 80% depending on network and FPGA size.,"Relies on tolerance to small numerical errors ('without sacrificing the output quality significantly'), so not presented as bit-exact; validated by synthesis and simulation, not board measurement.",DSP-packing prior work; contrast with V3's exact packing requirement.,abstract,abstract (Semantic Scholar API record of the TCAD paper),https://api.semanticscholar.org/graph/v1/paper/DOI:10.1109/TCAD.2018.2824280,Crossref (published-print year),1.0,True,selected
45,6,"INT8 quantization, DSP packing, depthwise/MobileNet and ResNet hardware support",li2024revealing,Revealing Untapped DSP Optimization Potentials for FPGA-Based Systolic Matrix Engines,"Jindong Li, Tenglong Li, Guobin Shen, Dongcheng Zhao, Qian Zhang, Yi Zeng",2024 34th International Conference on Field-Programmable Logic and Applications (FPL),n/a,n/a,197–203,2024,10.1109/fpl64840.2024.00035,https://doi.org/10.1109/fpl64840.2024.00035,proceedings-article,yes,"Analyses DSP48E2 features for systolic engines: in-DSP operand prefetching for weight-stationary arrays (TPUv1-like) and, for the output-stationary Vitis AI DPUCZDX8G engine (INT8 packing plus DSP double-pumping), in-DSP multiplexing and a ring accumulator.","Against a replica of the DPU B1024 array: 85% fewer LUTs, 20% fewer FFs, half the DSP accumulators and 20% less power at the same clock.","Reduces bias and accumulator precision to INT24 (stated minor precision loss); results are out-of-context Vivado implementations of the array only, not full accelerators on a board.",Explains the DPU baseline's INT8 packing and double-pumping; DSP techniques applicable to V3's OS array.,full text,"full text: Sec. III-VII, Table II (arXiv v1)",https://arxiv.org/pdf/2409.03508,Crossref (published-print year),1.0,True,selected
46,7,Surveys and foundational works,sze2017efficient,Efficient Processing of Deep Neural Networks: A Tutorial and Survey,"Vivienne Sze, Yu-Hsin Chen, Tien-Ju Yang, Joel S. Emer",Proceedings of the IEEE,105,12,2295–2329,2017,10.1109/JPROC.2017.2761740,https://doi.org/10.1109/JPROC.2017.2761740,journal-article,yes,"Tutorial and survey of DNN processing: DNN basics, hardware platforms, dataflow taxonomy for spatial arrays (weight stationary, output stationary, no local reuse, row stationary), joint HW/algorithm techniques, benchmarking metrics.","Gives a common vocabulary for dataflows (WS/OS/NLR/RS) with examples such as ShiDianNao for OS, and lists metrics and design considerations for comparing DNN hardware.","Tutorial/survey only, no new hardware evaluated; covers literature up to 2017 and focuses mainly on ASIC/spatial architectures rather than FPGA-specific design.",Standard reference for the output-stationary dataflow term and the metrics V3 reports; used to frame the OS array choice.,full text,"full text: abstract, Sec. V (dataflow taxonomy: WS, OS, NLR, RS)",https://arxiv.org/pdf/1703.09039,Crossref (published-print year),1.0,True,selected
47,7,Surveys and foundational works,kung1982why,Why systolic architectures?,Kung,Computer,15,1,37–46,1982,10.1109/MC.1982.1653825,https://doi.org/10.1109/MC.1982.1653825,journal-article,yes,Introduces the systolic architecture concept: data pulse rhythmically through a regular array of simple PEs so each memory access feeds many operations; discusses balancing computation with I/O and gives a family of systolic designs for convolution.,"Shows how a systolic array raises throughput of compute-bound problems without raising memory bandwidth, using simple, regular, modular cells and local communication.","1982 VLSI-era design-principle paper predating DNNs; the examples in the pages read are generic (convolution, FFT, matrix multiplication) rather than CNN layers.",Foundational origin of the systolic array that V3's R x C output-stationary array builds on.,full text,"full text: pp. 37-39 (intro, key architectural issues, I/O balancing, Fig. 1, basic principle, start of convolution designs); scanned PDF, pages read as images",http://www.eecs.harvard.edu/~htk/publication/1982-kung-why-systolic-architecture.pdf,Crossref (published-print year),1.0,True,selected
48,7,Surveys and foundational works,chen2016eyeriss,Eyeriss: A Spatial Architecture for Energy-Efficient Dataflow for Convolutional Neural Networks,"Yu-Hsin Chen, Joel Emer, Vivienne Sze",2016 ACM/IEEE 43rd Annual International Symposium on Computer Architecture (ISCA),n/a,n/a,367–379,2016,10.1109/ISCA.2016.40,https://doi.org/10.1109/ISCA.2016.40,proceedings-article,yes,Proposes the row-stationary (RS) dataflow for spatial CNN accelerators and an analysis framework comparing it with existing dataflows under the same hardware area and processing parallelism; validated on a fabricated chip.,Reports RS as 1.4x to 2.5x more energy efficient than existing dataflows in CONV layers and at least 1.3x for FC layers at batch size above 16 (AlexNet).,"Comparison is energy-focused and uses AlexNet configurations; targets an ASIC spatial architecture, not FPGAs; fully connected gains require batching.",Defines the dataflow comparison (incl. output stationary) against which V3's OS choice is positioned; contrast (RS vs OS).,abstract,abstract (MIT DSpace record page),https://dspace.mit.edu/handle/1721.1/102369,Crossref (published-print year),1.0,True,selected
49,7,Surveys and foundational works,jouppi2017indatacenter,In-Datacenter Performance Analysis of a Tensor Processing Unit,"Norman P. Jouppi, Cliff Young, Nishant Patil, David Patterson, Gaurav Agrawal, Raminder Bajwa, Sarah Bates, Suresh Bhatia, Nan Boden, Al Borchers, Rick Boyle, Pierre-luc Cantin, Clifford Chao, Chris Clark, Jeremy Coriell, Mike Daley, Matt Dau, Jeffrey Dean, Ben Gelb, Tara Vazir Ghaemmaghami, Rajendra Gottipati, William Gulland, Robert Hagmann, C. Richard Ho, Doug Hogberg, John Hu, Robert Hundt, Dan Hurt, Julian Ibarz, Aaron Jaffey, Alek Jaworski, Alexander Kaplan, Harshit Khaitan, Daniel Killebrew, Andy Koch, Naveen Kumar, Steve Lacy, James Laudon, James Law, Diemthu Le, Chris Leary, Zhuyuan Liu, Kyle Lucke, Alan Lundin, Gordon MacKean, Adriana Maggiore, Maire Mahony, Kieran Miller, Rahul Nagarajan, Ravi Narayanaswami, Ray Ni, Kathy Nix, Thomas Norrie, Mark Omernick, Narayana Penukonda, Andy Phelps, Jonathan Ross, Matt Ross, Amir Salek, Emad Samadiani, Chris Severn, Gregory Sizikov, Matthew Snelham, Jed Souter, Dan Steinberg, Andy Swing, Mercedes Tan, Gregory Thorson, Bo Tian, Horia Toma, Erick Tuttle, Vijay Vasudevan, Richard Walter, Walter Wang, Eric Wilcox, Doe Hyun Yoon",Proceedings of the 44th Annual International Symposium on Computer Architecture,n/a,n/a,1–12,2017,10.1145/3079856.3080246,https://doi.org/10.1145/3079856.3080246,proceedings-article,yes,"Evaluates Google's TPU, an inference ASIC with a 65,536 8-bit MAC systolic matrix multiply unit and 28 MiB software-managed on-chip memory, against Haswell CPU and K80 GPU on production MLP, CNN and LSTM workloads.",Deterministic execution suits 99th-percentile response-time limits (7 ms for MLP0); reports on average about 15X-30X speed and 30X-80X TOPS/Watt over the contemporary GPU/CPU.,"Datacenter ASIC; utilization is low for some applications, several workloads are memory-bandwidth bound; results are for Google's production workloads only.",Closest large-scale precedent for an INT8 systolic array with a deterministic execution model; motivates V3's predictable-latency argument.,full text,"full text: abstract, Sec. 2 (TPU architecture, systolic data flow, Fig. 4), Sec. 4-5 (roofline, response time, Table 4), fallacies",https://arxiv.org/pdf/1704.04760,Crossref (published-print year),1.0,True,selected
50,7,Surveys and foundational works,guo2019survey,[DL] A Survey of FPGA-based Neural Network Inference Accelerators,"Kaiyuan Guo, Shulin Zeng, Jincheng Yu, Yu Wang, Huazhong Yang",ACM Transactions on Reconfigurable Technology and Systems,12,1,1–26,2019,10.1145/3289185,https://doi.org/10.1145/3289185,journal-article,yes,"Surveys FPGA-based neural network inference accelerators from software to hardware and circuit to system level: design methodology and criteria, hardware-oriented model compression (quantization, pruning, low rank), hardware design and design automation.",Summarises main techniques and compares published designs; concludes that with software-hardware co-design FPGAs can reach more than 10x better speed and energy efficiency than a state-of-the-art GPU.,"Survey of designs up to 2018; authors note a gap between designs and estimates, accuracy limits of very narrow bit-widths, and difficulty of scaling up designs.","Main FPGA-specific survey to place V3 among FPGA CNN accelerators (quantization, on-chip memory, automation).",full text,"full text: abstract, Sec. 1-4 headings, Conclusion",https://arxiv.org/pdf/1712.08934,Crossref (published-print year),1.0,True,selected
