key,title,authors,year,venue,doi,url,verified,verify_method,topic,closeness_1to5,what_it_does,not_found_in_sections_read,sections_read,notes
aromolo2026timepredictable,Time-Predictable Acceleration of Deep Neural Networks on FPGA SoCs with Multi-Core DPUs,Aromolo; Salamini; Del Granchio; Biondi; Marinoni; Buttazzo,2026,IEEE RTAS 2026 (Outstanding Paper),10.1109/RTAS68450.2026.00033,https://retis.santannapisa.it/~a.biondi/papers/RTAS26.pdf,yes,crossref title+author+year match; full-text PDF from author page,t1,4,"Scheduling + analysis framework for multi-core DPU (3 cores, 90 MHz, ZCU102): AXI budgeting unit (ABU) bandwidth regulation per DPU core, DNN splitting into chunks, fixed-priority limited-preemptive scheduling; WCETs of chunks obtained by profiling 10,000 inferences under memory-killer interference (Sec. VII-A, Table I).",analytical cycle-level latency model of the accelerator; custom accelerator; sparsity; exact-equality check,"full text: abstract, I-II, V (ABU text), VII-A, Table I-II text, VIII related work, refs","WCET is measurement-based (profiled worst case under stress), then used in schedulability analysis. Related-work section is a good map of the RT-FPGA-DNN field."
elbtity2024flextpu,Flex-TPU: A Flexible TPU with Runtime Reconfigurable Dataflow Architecture,Elbtity; Chandarana; Zand,2024,arXiv,,https://arxiv.org/abs/2407.08700,yes,arXiv API + PDF fetched,t2,4,TPU-like systolic array whose PEs switch among IS/OS/WS per layer at runtime via a Configuration Management Unit; per-layer dataflow chosen offline by running each layer in all three dataflows and taking minimum cycles,Model-vs-RTL or board validation; latency guarantee; split-K; depthwise mode,abstract; Sec III (p.3); Sec IV (Table I),Cycles from SCALE-Sim v2 (p.3-4); synthesis with Design Compiler for area/power only; closest concept match for per-layer OS/WS/IS switching but no predictability claim
ji2025derca,DERCA: DetERministic Cycle-Level Accelerator on Reconfigurable Platforms in DNN-Enabled Real-Time Safety-Critical Systems,Ji; Yang; Chen; Zhang; Zhuang; Jones; Dong; Zhou,2025,RTSS 2025,10.1109/rtss66672.2025.00039,https://github.com/arc-research-lab/DERCA,yes,crossref title+author+year match; NSF PAR abstract,t2,4,"Accelerator on VCK190 with cycle-level determinism, intra-layer preemption points, on-chip EDF scheduler, predictability/schedulability analysis; <5% WCET overhead",Flexible dataflow modes (split-K/DW); sparsity; cycle-exact model=board claim -- full text not available (NSF PAR embargo to 2026-12-02),abstract only,"STRONG counter-evidence for the 'timing-predictable FPGA DNN accelerator' framing; reconfigurable here = FPGA platform, not dataflow"
liu2022s2ta,S2TA: Exploiting Structured Sparsity for Energy-Efficient Mobile CNN Acceleration,"Liu, Zhi-Gang and Whatmough, Paul N. and Zhu, Yuhao and Mattina, Matthew",2022,2022 IEEE International Symposium on High-Performance Computer Architecture (HPCA),10.1109/hpca53966.2022.00049,https://arxiv.org/abs/2107.07983,yes,crossref title+author+year match; arXiv full text fetched,t3,4,"Density Bound Block (DBB) structured sparsity for static weights AND dynamic activations on a systolic array; DBB bounds max NNZ per block ""such that the maximum workload is known at design time"" (Sec. 3.1, p.4); activation DBB enforced by lossy Dynamic Activation Pruning (top-NNZ per block); time-unrolled TPE takes NNZ cycles per block, NNZ set per layer (Sec. 5, p.6)",No real-time/WCET framing; no cycle-model-vs-RTL or vs-silicon latency validation error reported; no FPGA/board measurement (16nm/65nm ASIC flow with RTL simulation),"abstract; Sec. 1-3; Sec. 5 (DAP, time-unrolled); Sec. 7 methodology (grep)","Closest for ""activation sparsity with design-time bounded workload"", but the bound is achieved by lossy activation pruning, not exact skipping with a dense bound"
restuccia2021timepredictable,Time-Predictable Acceleration of Deep Neural Networks on FPGA SoC Platforms,Restuccia; Biondi,2021,IEEE RTSS 2021,10.1109/RTSS52674.2021.00047,https://retis.santannapisa.it/~a.biondi/papers/RTSS21.pdf,yes,crossref title+author+year match; full-text PDF from author page,t1;t3;t4,4,"Profiles closed-source Xilinx DPU on ZCU102 (DPU 330 MHz) with a custom AXI bus profiler; builds series-parallel execution model and response-time analysis (safe upper bound) for DPU inference; DICTAT module fetches DPU instructions from OCM to reduce pessimism (>=12% tighter total bound; 25% for pedestrian detection). Measured per-job total inference time varies, e.g. Lane Detect min 7.09 / avg 7.1 / max 7.12 ms over 1000 runs (Table II).","custom accelerator RTL; cycle-exact equality between model and board (they bound, not predict exactly); sparsity; dataflow reconfiguration; bit-exactness check","full text: abstract, I-III (profiling, Table I-II, observations), IV-V headings, VII (Fig. 5 text, Table III), VIII-X","Closest prior on 'time-predictable DNN accelerator on Zynq US+'. Bound-based (WCET/RTA), DPU treated as black box; fluctuations attributed to DRAM controller. | Real-time angle for FPGA DNN, no sparsity | Real-time angle; belongs to WCET topic; content unverified here."
tong2024feather,FEATHER: A Reconfigurable Accelerator with Data Reordering Support for Low-Cost On-Chip Dataflow Switching,Tong; Itagi; Chatarasi; Krishna,2024,ISCA 2024,10.1109/isca59077.2024.00024,https://arxiv.org/abs/2405.13170,yes,crossref title+author+year match; arXiv PDF fetched,t2;t5,4,"Per-layer dataflow+layout switching (NEST array, BIRRD reduction network); per-layer dataflow/layout co-search in Layoutloop (Timeloop extension) with EDP objective; deployed end-to-end on ZCU104 FPGA (Verilog+HLS), switching between two layouts per layer for ResNet-50",Comparison of Layoutloop-predicted latency vs ZCU104 measured latency; exact/cycle-level latency guarantee,abstract; Sec I; Sec V (Layoutloop); Sec VI-A methodology; Fig 12; Table IV; artifact appendix,"FPGA latency is averaged over 100 runs per layer (Fig 12 caption, p.11); Layoutloop used for ASIC-style comparisons, not reported as validated against the board in sections read | Direct prior art for per-layer dataflow selection on a ZU+ board (relevant to the reconfigurable-dataflow part of the thesis; t2 overlap)."
tsoi2025sparsepixels,SparsePixels: Efficient Convolution for Sparse Data on FPGAs,"Tsoi, Ho Fung and Rankin, Dylan and Loncar, Vladimir and Harris, Philip",2025,arXiv:2512.06208,,https://arxiv.org/abs/2512.06208,yes,arXiv PDF fetched (v4),t3,4,"Sparse convolution on FPGA (hls4ml-based) on a fixed active-pixel budget N_active frozen at synthesis: ""inference latency is data-independent and constant at runtime"" (abstract p.1); claims ""first implementation of fixed-latency sparse convolution in the sub-microsecond domain"" (p.2); 133 vs 9733 clock cycles, 0.665 vs 48.665 us (p.13)","Latency taken from HLS C-synthesis / logic-synthesis reports, no board measurement found; pixels beyond budget are discarded (lossy); no data-dependent speedup (constant time, not a bound)",abstract; Sec. 1-3; Sec. 4 scaling/results (grep),Particle-physics trigger context; strongest prior statement that input-dependent sparse runtime is unacceptable for strict latency bounds
ye2020hybriddnn,HybridDNN: A Framework for High-Performance Hybrid DNN Accelerator Design and Implementation,Ye; Zhang; Huang; Chen; Chen,2020,DAC 2020,10.1109/dac18072.2020.9218684,https://arxiv.org/abs/2004.03804,yes,crossref title+author+year match; arXiv PDF fetched,t2,4,"FPGA accelerator with per-layer Spatial vs Winograd CONV mode, selected by DSE using analytical performance model; runs on VU9P and PYNQ-Z1",Cycle-exact agreement; latency guarantee,abstract; Sec 4.2; Sec 6 results (p.6),p.6: estimated vs implementation 'only 4.27% and 4.03% errors' on VU9P and PYNQ-Z1
zhao2021dualopu,Heterogeneous Dual-Core Overlay Processor for Light-Weight CNNs,Zhao; Yu; Wang; He,2021,FCCM 2021,10.1109/fccm51124.2021.00051,https://arxiv.org/abs/2110.01103,yes,crossref title+author+year match; arXiv PDF fetched,t2;t5,4,FPGA overlay with a regular-conv core and a depthwise-friendly core; compile-time layer-to-core scheduling; cycle-accurate instruction-level latency simulator,Cycle-exact agreement (error is non-zero); latency guarantee,abstract; Sec II; Sec V-A evaluation; Table IV,"Table IV: board 755,857 vs simulator 757,149 cycles for MobileNet v1 (-0.2%); text: '<1% error on cycle count compared with that on board-level FPGA'. Closest FPGA precedent for model~board on a DW-capable overlay | Counter-evidence of degree: cycle-accurate simulators validated on board exist, but within 1%, not exact. Their comparison row cites Xilinx DPU on ZCU102 MobileNet v2 1048 fps at 333 MHz (secondary)."
abts2020think,Think Fast: A Tensor Streaming Processor (TSP) for Accelerating Deep Learning Workloads,Abts; Ross; Sparling; Wong-VanHaren; et al.,2020,ACM/IEEE ISCA 2020,10.1109/ISCA45697.2020.00023,https://dl.acm.org/doi/10.1109/ISCA45697.2020.00023,yes,crossref title+author+year match (pages 145-158); full text not obtained,t1,3,"Groq TSP ASIC: functionally sliced, compiler-scheduled, no arbiters/reactive elements; claims deterministic, run-to-run predictable performance; ResNet-50 <43 us (secondary).",FPGA; published model-vs-measured cycle equality (not checked: full text not read),secondary only: HackMD summary (hackmd.io/@nctu-cas-lab/rJfwSx1ju) and search snippets,Determinism claim verified only via secondary source; numbers verified=no.
abts2022software,A software-defined tensor streaming multiprocessor for large-scale machine learning,Abts; Kimmell; Ling; Kim; Boyd; et al.,2022,ISCA 2022,10.1145/3470496.3527405,https://cdn.sanity.io/files/chol0sk5/production/81d0c45ed70a10f1804bbd82f2d0076af1186ff0.pdf,yes,crossref title+author+year match; full-text PDF fetched,t1,3,"Extends single-TSP determinism to multi-chip via software-scheduled networking; 'Execution latency of all instructions is known statically (at compile time)'. Sec 5.4/Fig 17: BERT-Large on 4 TSPs, 24,240 runs, 99% under 1225 us, all by 1300 us; compiler-estimated latency within 2% of measured in the majority of cases (deviation attributed to PCIe).",FPGA; CNN; exact (0-cycle) model=hardware equality; sparsity,full text keyword search + Sec. 4 (SSN) and 5.4,"Strongest 'deterministic, compile-time-known latency' architecture claim; but reported validation is within 2%, end-to-end incl. PCIe, not cycle-exact equality."
ahmad2026sparsebycommand,Sparse by Command: Task-Conditional Compute Skipping for Multi-Task Inference Accelerators,"Ahmad, Afzal and Mao, Gaoyu and Hu, Shoubo and Zhen, Hui-Ling and Yuan, Mingxuan and Chen, Xinyu and Zhang, Wei",2026,MICRO 2026 (accepted; arXiv:2607.22038),,https://arxiv.org/abs/2607.22038,yes,arXiv PDF fetched,t3,3,"Task-conditional per-tile (16 output channels) binary masks in instructions; hardware skips masked tiles with zero overhead; SystemVerilog INT8 accelerator on Alveo U50 at 287 MHz with cycle-accurate HW performance counters; dense 9.12 ms -> 3.74-4.44 ms (Table 2, p.8)",No analytical latency prediction per mask validated against counters; HBM stall cycles 0.57-0.77 M per inference (Table 2) not modelled; no WCET/upper-bound claim,abstract; Sec. 1-2; Sec. 3 accelerator (grep); Table 2; Sec. 4.4 (grep),"MICRO 2026 (accepted version on arXiv); mask is fixed per command so the work per command is static, closest to ""static structured skipping known before inference"" on FPGA hardware"
aimar2019nullhop,NullHop: A Flexible Convolutional Neural Network Accelerator Based on Sparse Representations of Feature Maps,"Aimar, Alessandro and Mostafa, Hesham and Calabrese, Enrico and Rios-Navarro, Antonio and Tapiador-Morales, Ricardo and Lungu, Iulia-Alexandra and Milde, Moritz B. and Corradi, Federico and Linares-Barranco, Alejandro and Liu, Shih-Chii and Delbruck, Tobi",2019,IEEE Transactions on Neural Networks and Learning Systems,10.1109/tnnls.2018.2852335,https://arxiv.org/abs/1706.01406,yes,crossref title+author+year match; arXiv full text fetched,t3,3,"Activation zero-skipping CNN accelerator with sparse feature-map encoding, implemented on Zynq 7100 at 60 MHz; pipeline ""though data-dependent"" keeps MAC utilization high (Sec. V, p.10); RTL sim and FPGA tables (Tables VII-VIII)",No worst-case or dense upper-bound statement found; no model-vs-board cycle comparison found,abstract; Sec. IV-V (grep),Classic Zynq activation-skipping FPGA; latency data-dependent
basalama2023flexcnn,FlexCNN: An End-to-end Framework for Composing CNN Accelerators on FPGA,Basalama; Sohrabizadeh; Wang; Guo; Cong,2023,ACM TRETS,10.1145/3570928,https://par.nsf.gov/servlets/purl/10399755,yes,crossref title+author+year match; NSF PAR PDF fetched,t2,3,"FPGA systolic CNN accelerator with per-layer dynamic tiling (reconfigured on the fly), DSE with latency_est() greedy per layer",Reported accuracy of latency_est vs board; latency guarantee,Sec 1; Sec 4.4; Sec 6.2 (DSE); Sec 8 results (grep),Not found: any model-error number in sections read
bebawy2025superscalar,Superscalar Time-Triggered Versatile-Tensor Accelerator,Bebawy; Ezekiel; Obermaisser,2025,IEEE TCAD 44(7),10.1109/TCAD.2025.3528355,https://ieeexplore.ieee.org/document/10836726/,yes,crossref title+author+year match,t1,3,STT-VTA: time-triggered VTA for safety-critical real-time systems; secondary snippet: TT-VTA avg inference 53 ms vs 51 ms conventional VTA; STT-VTA reduces inference time 20-41% with identical accuracy.,whether exact cycle-level equality or WCET bound is reported (not read),metadata + search snippet (secondary),Closest 'deterministic custom FPGA DNN accelerator' line; reports averages per secondary source. Full text should be read before submission.
bosio2025nn2fpga,NN2FPGA: Optimizing CNN Inference on FPGAs With Binary Integer Programming,Roberto Bosio; Filippo Minnella; Teodoro Urso; Mario R. Casu; Luciano Lavagno; Mihai T. Lazarescu; Paolo Pasini,2025,IEEE TCAD 44(5):1807-1818,10.1109/TCAD.2024.3507570,https://ieeexplore.ieee.org/document/10769518/,yes,crossref title+authors+year match; OA PDF fetched and read,t5,3,"HLS layer-pipelined dataflow compiler (Brevitas/QONNX -> Vitis HLS) with BIP-based per-layer parallelism allocation; INT8/INT4 ResNet8/ResNet20 CIFAR-10 on KV260 and Ultra96, MobileNetV2 ImageNet on ZCU102; skip-connection buffering optimizations; whole-board power from rail sensors.",cycle-exact model-vs-board agreement; latency guarantees/WCET; sparsity skipping; bit-exact RTL-vs-golden claim; the analytic latency model (Eq. 14) explicitly ignores pipeline depth and is used only for DSE,"Abstract, Sec. III-F (DSE/latency model), Sec. IV (results), Tables V-VII, Conclusion","The single most relevant prior custom KV260 ResNet-20 INT8 design: 7601 FPS, 0.318 ms, 6.10 W, 91.3%. Throughput-oriented (batch 1000)."
cao2019bankbalanced,Efficient and Effective Sparse LSTM on FPGA with Bank-Balanced Sparsity,"Cao, Shijie and Zhang, Chen and Yao, Zhuliang and Xiao, Wencong and Nie, Lanshun and Zhan, Dechen and Liu, Yunxin and Wu, Ming and Zhang, Lintao",2019,Proceedings of the 2019 ACM/SIGDA International Symposium on Field-Programmable Gate Arrays,10.1145/3289602.3293898,https://www.microsoft.com/en-us/research/uploads/prod/2019/05/FPGA2019_final.pdf,yes,crossref title+author+year match,t3,3,Bank-balanced sparsity: identical NNZ per bank -> balanced PE workload on FPGA (secondary: search summary),Full text not read,metadata + search summary,Balanced static sparsity makes per-PE cycles equal and known
chen2026filco,FILCO: Flexible Composing Architecture with Real-Time Reconfigurability for DNN Acceleration,Chen; Zhuang; Yang; Ji; Schultz; Dong; Shi; Zhou,2026,arXiv (DAC 2026 per arXiv HTML),,https://arxiv.org/abs/2604.07523,yes,arXiv API + HTML fetched (summarised by fetch tool),t2,3,Per-layer runtime reconfiguration of tile sizes and on-chip memory views on VCK190 without bitstream reload; MILP DSE picks per-layer configuration at compile time,Deterministic-latency claim; model-vs-board error table,HTML v2 via fetch summary (not read line by line),Venue from arXiv HTML header; treat details as secondary until read in full
cho2021risa,RiSA: A Reinforced Systolic Array for Depthwise Convolutions and Embedded Tensor Reshaping,Cho,2021,ACM TECS,10.1145/3476984,,yes,crossref title+author+year match; S2 abstract,t2,3,Systolic array mechanism that boosts PE utilization for depthwise conv plus in-array tensor reshaping,Cost model / validation (abstract only),abstract only,Directly relevant to DW mode in a systolic array
delmaslascorz2019bittactical,Bit-Tactical: A Software/Hardware Approach to Exploiting Value and Bit Sparsity in Neural Networks,"Delmas Lascorz, Alberto and Judd, Patrick and Stuart, Dylan Malone and Poulos, Zissis and Mahmoud, Mostafa and Sharify, Sayeh and Nikolic, Milos and Siu, Kevin and Moshovos, Andreas",2019,Proceedings of the Twenty-Fourth International Conference on Architectural Support for Programming Languages and Operating Systems,10.1145/3297858.3304041,https://arxiv.org/abs/1803.03688,yes,crossref title+author+year match; arXiv precursor full text grepped,t3,3,"Zero-weight skipping orchestrated statically: software scheduler rearranges weights (lookahead/lookaside) ""in advance of the CNN execution"" (arXiv Sec. 1, p.2); activation bit-sparsity exploited dynamically","No worst-case/real-time framing found; read arXiv precursor (Which, Why, and How), not the ASPLOS text","arXiv 1803.03688 Sec. 1, Sec. 4 (grep)",Static weight schedule known at compile time; dynamic activation part not bounded in text read
duarte2018fast,Fast inference of deep neural networks in FPGAs for particle physics,Duarte; Han; Harris; Jindariani; Kreinar; Kreis; Ngadiuba; Pierini; Rivera; Tran; Wu,2018,JINST 13 P07027,10.1088/1748-0221/13/07/P07027,https://arxiv.org/abs/1804.06913,yes,crossref title+author+year match; arXiv PDF fetched,t1;t3,3,hls4ml: fully pipelined/unrolled NN in HLS for the LHC L1 trigger (fixed O(1 us) latency system); latency and initiation interval in clock cycles taken from HLS reports.,on-board latency measurement compared to HLS estimate (full-text keyword search for measur/board/co-sim found resource comparisons only),full-text keyword search; Sec. 2-3.3 skimmed,"Latency fixed by construction (static pipeline), but claim is from tool reports; no model=board latency check found. | Static weight sparsity -> compile-time latency, fully unrolled style"
ezekiel2023optimization,Optimization of the Versatile Tensor Accelerator (VTA) Load Module in a Time-Triggered Memory Access,Ezekiel; Onwuchekwa; Obermaisser,2023,Euromicro DSD 2023,10.1109/DSD60849.2023.00030,https://ieeexplore.ieee.org/document/10456805/,yes,crossref title+author+year match,t1,3,Time-triggered pre-fetching of DDR data for the VTA load module to obtain temporal predictability; reported 8% performance improvement (secondary: search snippet).,all specifics (abstract not read directly),metadata + search snippet (secondary),Time-triggered VTA line (Univ. Siegen).
faure2025standalone,Open-source Stand-Alone Versatile Tensor Accelerator,"Faure-Gignoux A., Delmas K., Gauffriau A., Pagetti C.",2025,DASC 2025 (arXiv 2509.19790),,https://arxiv.org/abs/2509.19790,yes,arXiv abs metadata (export API) + full-text PDF fetched,t4,3,"Airbus/ONERA certification-oriented VTA compiler; LeNet-5 on VTA functional sim (bit-accurate) and Chisel cycle-accurate sim: 2972 cycles TensorGemm, 6358 cycles total w/o load/store (Sec. 5).",board measurement; model-vs-RTL comparison; timing guarantees,Abstract; Intro; Sec. 5,Safety-critical motivation (DO-254/DO-178C) close to our real-time angle; no board cycles.
genc2021gemmini,Gemmini: Enabling Systematic Deep-Learning Architecture Evaluation via Full-Stack Integration,Genc; Kim; Amid; Haj-Ali; Iyer; et al.,2021,DAC 2021,10.1109/dac18074.2021.9586216,https://arxiv.org/abs/1911.09925,yes,crossref title+author+year match; arXiv PDF fetched,t2;t4,3,Systolic generator whose PEs support weight- or output-stationary; dataflows configurable at design time and run time; tile sizes computed at runtime by heuristics; evaluated in FireSim (cycle-exact FPGA-accelerated simulation of the RTL),Analytical latency model of its own; per-layer dataflow choice by a cost model,"Sec I-III (pp.1-2), FireSim methodology mention","Third-party model accuracy on Gemmini: Luebeck et al. Tables 2-4 report Timeloop MAPE 28.93%/48.25%/14.02% and their AIDG 3.67%/9.78%/7.51% vs Verilator RTL | Cycle-exact here means FPGA-hosted RTL simulation (FireSim), so RTL=simulation by construction."
ghodrati2020planaria,Planaria: Dynamic Architecture Fission for Spatial Multi-Tenant Acceleration of Deep Neural Networks,Ghodrati; Ahn; Kim; Kinzer; et al.,2020,MICRO 2020,10.1109/micro50266.2020.00062,https://cseweb.ucsd.edu/~hadi/doc/paper/2020-micro-planaria.pdf,yes,crossref title+author+year match; author PDF fetched,t2,3,Omnidirectional systolic array that fissions into up to 16 sub-arrays; compiler precompiles each DNN for all fission configurations (tiles and cycles per tile known at compile time); runtime scheduler allocates subarrays,Reported numeric model-vs-RTL error; silicon or FPGA board measurement; worst-case latency guarantee,Sec IV compiler (p.7); Sec V-A methodology (p.9),"p.9: 'develop a cycle-accurate simulator ... We verify the cycle counts with our Verilog implementations' (no error number given); ASIC, FreePDK-45"
hall2020hpipe,HPIPE: Heterogeneous Layer-Pipelined and Sparse-Aware CNN Inference for FPGAs,"Hall, Mathew and Betz, Vaughn",2020,Proceedings of the 2020 ACM/SIGDA International Symposium on Field-Programmable Gate Arrays,10.1145/3373087.3375380,https://arxiv.org/abs/2007.10451,yes,crossref title+author+year match; arXiv full text fetched,t3,3,"Layer-pipelined sparse-aware CNN on Stratix 10; zero-weight skipping compiled per layer; analytic throughput model refined with actual weight partitioning ""improved our estimates to within 1% of the actual throughput"" (Sec. IV, p.5)","No worst-case/real-time framing; activations dense; how ""actual throughput"" was obtained (sim vs board) not determined in sections read",abstract; Sec. I-IV (grep and partial read),Static weight sparsity -> per-layer cycle count known at compile time; 1% model error
ham2024onnxim,"ONNXim: A Fast, Cycle-level Multi-core NPU Simulator",Ham H. et al.,2024,arXiv 2406.08051,,https://arxiv.org/abs/2406.08051,yes,arXiv abs metadata (export API) + full-text PDF fetched,t4,3,"Core model cycle count vs Gemmini RTL: MAE 0.23%, correlation 0.99 for GEMMs and convolutions (Sec. V-C, Fig. 3b); memory/NoC excluded.",board measurement; exact 0-cycle agreement,Abstract; Sec. V-C,"Closest numeric RTL agreement found for a systolic core, but nonzero and core-only."
han2017ese,ESE: Efficient Speech Recognition Engine with Sparse LSTM on FPGA,"Han, Song and Kang, Junlong and Mao, Huizi and Hu, Yiming and Li, Xin and Li, Yubin and Xie, Dongliang and Luo, Hong and Yao, Song and Wang, Yu and Yang, Huazhong and Dally, William (Bill) J.",2017,Proceedings of the 2017 ACM/SIGDA International Symposium on Field-Programmable Gate Arrays,10.1145/3020078.3021745,https://arxiv.org/abs/1612.00694,yes,crossref title+author+year match,t3,3,Load-balance-aware pruning: same sparsity per sub-matrix/PE on FPGA (secondary: search summary),Full text not read,metadata + search summary,
ji2025art,ART: Customizing Accelerators for DNN-Enabled Real-Time Safety-Critical Systems,Ji; Chen; Zhuang; Zhang; Yang; Schultz; Song; Hu; Jones; Dong; Zhou,2025,GLSVLSI 2025,10.1145/3716368.3735215,https://par.nsf.gov/biblio/10612758,yes,crossref title+author+year match; NSF PAR abstract page fetched,t1;t2,3,"HW/SW co-design turning FPGA accelerators into 'real-time guaranteed' ones: schedulability analysis, preemption point placement, G-EDF in hardware, task suspend/resume; AMD Versal VCK190; <0.5% resources.",cycle-exact latency model; sparsity; dataflow reconfiguration (not checked: abstract only),abstract only,Schedulability-oriented; relies on per-task WCETs. Worth a full read if positioning against 'real-time FPGA accelerator' claims.
kalagi2026fpga,FPGA validated RISC V system on chip with a custom systolic array accelerator for edge AI inference,"Kalagi S. S., Kumar K. R. V., Dharamshetty S., Ramavenkateswaran N., Kiran V.",2026,Discover Artificial Intelligence 6,10.1007/s44163-026-02003-7,,yes,crossref title+author+year match (abstract in Crossref record),t4,3,4x4 OS systolic array + RV32IM on Basys 3; 'Both Vivado XSim simulation and on-board runs confirm' a 4x4 matmul in 320 ns at 100 MHz; compute phase 3N-1=11 cycles (abstract).,full text (PDF behind redirect); CNN end-to-end; per-layer,abstract only,Model=sim=board for one 4x4 tile only (per abstract).
kirschner2024wip,Work-in-Progress: Real-Time Neural Network Inference on a Custom RISC-V Multicore Vector Processor,Kirschner; Dudzik; Becker,2024,IEEE RTSS 2024 (WiP),10.1109/RTSS62706.2024.00043,https://arxiv.org/abs/2410.10340,yes,crossref title+author+year match; arXiv PDF fetched,t1,3,"Multicore Ibex+Vicuna vector processor with local scratchpads; compiler splits int8 NN into subtasks, uses subtask WCET estimates to compute a static compile-time schedule for shared-memory DMA; total WCET composed from subtask WCETs.",on-board measurement vs estimate (FPGA evaluation stated as future work in Sec. IV); CNN accelerator; sparsity,full text (4 pages),Compile-time static schedule + WCET for NN; processor-based.
kirschner2026multivic,MultiVic: A Time-Predictable RISC-V Multi-core Processor Optimized for Neural Network Inference,Kirschner; Dudzik; Krusekamp; Becker,2026,"ECML PKDD workshops, CCIS (Springer)",10.1007/978-3-032-19099-4_14,https://arxiv.org/abs/2511.05321,yes,crossref title+author+year match; arXiv PDF fetched,t1,3,"FPGA (VCU128) evaluation of the multicore vector design with static memory schedule; matmul benchmark; reports median cycles and standard deviation, e.g. Octa 728,548,804 cycles @168 MHz; 'execution time fluctuation remains very low' (non-zero, from DRAM access times).",exact equality model=board; full CNN networks (benchmark is matmul); sparsity,full text keyword search; abstract; evaluation text (Fig. 4),Shows residual fluctuation even with static schedule because of DRAM.
krithivasan2020sparsity,Sparsity Turns Adversarial: Energy and Latency Attacks on Deep Neural Networks,"Krithivasan, Sarada and Sen, Sanchari and Raghunathan, Anand",2020,IEEE Transactions on Computer-Aided Design of Integrated Circuits and Systems,10.1109/tcad.2020.3013077,https://arxiv.org/abs/2006.08020,yes,crossref title+author+year match; arXiv full text fetched,t3,3,"Adversarial inputs reduce activation sparsity 1.16x-1.82x, slowing a Cnvlutin cycle-accurate simulator 1.12x-1.43x; ""even if designers account for the worst case sparsity present in the clean inputs, the attack ... causing inference time and energy to exceed the limits of even a conservative design"" (Sec. VI, p.9); real-time frame-loss example (Sec. I, p.2)",No hardware defense via dense upper bound; no board,abstract; Sec. I; Sec. V-VI (partial),Strong motivation: data-dependent activation skipping breaks latency budgets derived from typical inputs; the dense bound is the safe WCET
kwon2021herald,Heterogeneous Dataflow Accelerators for Multi-DNN Workloads,Kwon; Lai; Pellauer; Krishna; Chen; Chandra,2021,HPCA 2021,10.1109/hpca51647.2021.00016,https://arxiv.org/abs/1909.07437,yes,crossref title+author+year match; arXiv PDF fetched,t2,3,Herald: heterogeneous sub-accelerators with different dataflows; compile-time layer assignment and scheduling driven by MAESTRO-based cost model,New validation of the Herald cost model against RTL or silicon,abstract; Sec IV (p.6) cost model; Fig 8 algorithm,"Relies on MAESTRO validation ('96.1% accuracy against RTL simulation', p.6)"
lubeck2025automatic,Automatic Generation of Fast and Accurate Performance Models for Deep Neural Network Accelerators,Lübeck; Jung; Wedlich; Müller; Peccia; Thömmes; Steinmetz; Biermaier; Frischknecht; Palomero Bernardo; Bringmann,2025,ACM TECS,10.1145/3715122,https://arxiv.org/abs/2409.08595,yes,crossref title+author+year match; arXiv PDF fetched,t1;t2,3,"ACADL-based performance models; reproduces UltraTrail TC-ResNet8 end-to-end latency 'almost exactly to 22484 clock cycles', overestimating by three cycles (instruction fetch not in original model); Gemmini estimates vs Verilator RTL.",board measurement; exact equality,related work; Sec. 4 examples,"Near-cycle-exact analytical model vs RTL for an ASIC accelerator; still off by 3 cycles. | UltraTrail: AIDG 22,484 vs Xcelium 22,481 cycles (PE 0.013%, Table 1); Gemmini 16x16 vs Verilator: AIDG MAPE 3.67/9.78/7.51%, Timeloop 28.93/48.25/14.02% (Tables 2-4). Best evidence that generic cost models are NOT cycle-exact on real RTL"
lym2020flexsa,FlexSA: Flexible Systolic Array Architecture for Efficient Pruned DNN Model Training,Lym; Erez,2020,arXiv,,https://arxiv.org/abs/2004.13027,yes,arXiv API + PDF fetched,t2,3,Systolic array that reconfigures into sub-systolic modes; compile-time GEMM tiling heuristic chooses modes; partitions weight-gradient GEMMs across the accumulation (K) dimension per core group,Model-vs-RTL validation; inference latency guarantee,abstract; Sec I (p.2); evaluation methodology (p.9),Instruction-level simulator only (p.9); K-dimension partitioning stated on p.9 (split-K analogue); venue not resolved via arXiv API
ma2020performance,Performance Modeling for CNN Inference Accelerators on FPGA,"Ma Y., Cao Y., Vrudhula S., Seo J.-s.",2020,IEEE TCAD 39(4),10.1109/TCAD.2019.2897634,,yes,crossref title+author+year match (abstract via Semantic Scholar),t4,3,Performance/resource model validated 'with on-board test results on two different FPGAs' (abstract).,full text not obtained,abstract only,"'estimation error within 3%' is secondary (web-search snippet of PKU page); unverified number. Closest FPGA board-validated analytical CNN model found, but not claimed exact."
minnella2023resnet,Design and Optimization of Residual Neural Network Accelerators for Low-Power FPGAs Using High-Level Synthesis,Filippo Minnella; Teodoro Urso; Mihai T. Lazarescu; Luciano Lavagno,2023,arXiv preprint,,https://arxiv.org/abs/2309.15631,yes,arXiv PDF fetched (v2),t5,3,Preprint of nn2fpga (bosio2025nn2fpga): same ResNet8/20 KV260/Ultra96 designs.,timing guarantees; cycle-exact validation,"Full text (all sections, Tables 2-4)",Numbers differ from the TCAD version (274 MHz/3.61 W vs 250 MHz/6.10 W for ResNet20 KV260); cite TCAD.
munozmartinez2023flexagon,Flexagon: A Multi-dataflow Sparse-Sparse Matrix Multiplication Accelerator for Efficient DNN Processing,Munoz-Martinez; Garg; Pellauer; Abellan; Acacio; Krishna,2023,ASPLOS 2023,10.1145/3582016.3582069,https://arxiv.org/abs/2301.10852,yes,crossref title+author+year match; arXiv PDF fetched,t2,3,Inner/outer/Gustavson SpMSpM dataflows selected per layer offline by mapper/compiler,Model-vs-RTL latency validation,abstract; Sec 3 offline phase (p.4); evaluation methodology,Cycle-level STONNE-based simulator; RTL only for merger area/power
platzer2021vicuna,Vicuna: A Timing-Predictable RISC-V Vector Coprocessor for Scalable Parallel Computation,Platzer; Puschner,2021,ECRTS 2021 (LIPIcs 196),10.4230/LIPIcs.ECRTS.2021.1,https://drops.dagstuhl.de/entities/document/10.4230/LIPIcs.ECRTS.2021.1,yes,DataCite title+author+year match; full-text PDF fetched,t1,3,"Timing-anomaly-free vector coprocessor (Ibex + Vicuna), 128 8-bit MACs/cycle, 80 MHz on Xilinx 7-series; benchmarks incl. 3x3 convolution and matmul; 'each benchmark program always executes in the exact same number of CPU cycles'; measured times equal WCET since no data-dependent control flow (Sec. 5).","comparison of measured cycles against an analytical/compile-time cycle prediction (performance figures obtained via measurement, not timing analysis, per Sec. 5); CNN accelerator; full networks","full text: abstract, contributions, Sec. 5 evaluation text, discussion","Closest on 'same cycles every run' measured on FPGA, but a processor, not a CNN accelerator; no model=board equality claim."
rahman2026edge,At the Edge of the Heart: ULP FPGA-Based CNN for On-Device Cardiac Feature Extraction in Smart Health Sensors for Astronauts,Rahman K. M. A. et al.,2026,arXiv 2604.25799,,https://arxiv.org/abs/2604.25799,yes,arXiv abs metadata (export API) + full-text PDF fetched,t4,3,"1D systolic INT8 CNN on iCE40UP5K; closed-form per-layer cycle model T=TPrime+TCompute+TRequant (Eq. 1-2), Table III per-layer breakdown, ~2.26M cycles/inference at 24 MHz.",stated comparison of the equations against RTL sim or board counters,Sec. VI performance model; Sec. VII latency paragraphs,"Closed-form deterministic cycle model like ours, but no reported model-vs-board check found."
raj2025scalesimv3,SCALE-Sim V3: a Modular Cycle-Accurate Systolic Accelerator Simulator for End-To-End System Analysis,"Raj, Ritik and Banerjee, Sarbartha and Chandra, Nikhil and Wan, Zishen and Tong, Jianming and Samajdhar, Ananda and Krishna, Tushar",2025,2025 IEEE International Symposium on Performance Analysis of Systems and Software (ISPASS),10.1109/ispass64960.2025.00026,https://arxiv.org/abs/2504.15377,yes,crossref title+author+year match; arXiv full text fetched,t3;t4,3,"Cycle-accurate systolic simulator with N:M sparsity; 2:4 ""100% accuracy"" vs Sparse Tensor Core report; ""validated 2:4 and 1:4 against Vegeta RTL with <= 5% error""; notes ""While Sparseloop claims compute cycles are deterministic, memory stalls are not"" (Sec. VIII, p.10)",No board validation; no activation skipping bound,abstract; Sec. VIII validation (grep),"Supports thesis premise: structured weight sparsity compute is deterministic; memory stalls are the residual risk | Notes Sparseloop 'claims compute cycles are deterministic, memory stalls are not'."
samajdar2018scalesim,SCALE-Sim: Systolic CNN Accelerator Simulator,"Samajdar A., Zhu Y., Whatmough P., Mattina M., Krishna T.",2018,arXiv 1811.02883,,https://arxiv.org/abs/1811.02883,yes,arXiv abs metadata (export API) + full-text PDF fetched,t4,3,Cycle-accurate systolic simulator; validated vs in-house OS systolic RTL for Mat-Mat multiplication 'of matrices with same size as the array' (4x4 to 90x90); Fig. 4 (p.6) bars visually coincide; no error number given.,error number; multi-tile layers; CNN layers; board measurement,Sec. III 'Validation' paragraph; Fig. 4 (page image inspected),"Closest in spirit for an OS systolic array but only single-tile matmuls, RTL only."
samajdar2022sara,Self adaptive reconfigurable arrays (SARA): learning flexible GEMM accelerator configuration and mapping-space using ML,Samajdar; Qin; Pellauer; Krishna,2022,DAC 2022,10.1145/3489517.3530506,https://arxiv.org/abs/2101.04799,yes,crossref title+author+year match; arXiv PDF fetched,t2,3,Reconfigurable systolic array (SAGAR) whose sub-arrays and OS/WS/IS dataflow are set per layer at runtime by an on-chip ML recommender (ADAPTNET) trained on SCALE-Sim labels,Validation of SCALE-Sim labels vs RTL; latency guarantee,abstract; Sec III-IV (pp.2-6),"ADAPTNET 95% recommendation accuracy (Sec IV, p.6); arXiv v-latest title differs ('Learning Flexible GEMM Accelerator Configuration...')"
toupas2023harflow3d,HARFLOW3D: A Latency-Oriented 3D-CNN Accelerator Toolflow for HAR on FPGA Devices,Toupas; Montgomerie-Corcoran; Bouganis; Tzovaras,2023,IEEE FCCM 2023,10.1109/FCCM57271.2023.00024,https://arxiv.org/abs/2303.17218,yes,crossref title+author+year match; arXiv PDF fetched,t1;t2;t4,3,Latency model vs ZCU106 measurement: MAPE 6.64% over C3D conv layers.,exact equality,model-validation section,Typical toolflow-level accuracy. | Fig 6: per-layer absolute percentage error predicted vs measured on ZCU106; divergence attributed to DMA delays between bursts (p.8) | fpgaConvNet-family toolflow.
wu2022sparseloop,Sparseloop: An Analytical Approach To Sparse Tensor Accelerator Modeling,"Wu, Yannan Nellie and Tsai, Po-An and Parashar, Angshuman and Sze, Vivienne and Emer, Joel S.",2022,2022 55th IEEE/ACM International Symposium on Microarchitecture (MICRO),10.1109/micro56248.2022.00096,https://arxiv.org/abs/2205.05826,yes,crossref title+author+year match; arXiv full text fetched,t3;t4,3,"Analytical sparse accelerator model with statistical density models; validation Table 6 (p.16): SCNN 99.9%, Eyeriss V2 PE >98%, Eyeriss >95%, DSTC 92.4% (7.6% avg error, Fig.13), STC 100% with note ""structured sparsity introduces deterministic behaviors"" (Sec. 6.3.5, p.18); uniform model up to 7% error on a MobileNet layer (Sec. 6.3.2, p.17)","No validation against own RTL or board; errors are vs simulators/paper numbers; no worst-case bound for data-dependent skipping (format analyzer mentions average and worst-case overhead, Sec. 5.3.3)",abstract; Sec. 1; Sec. 5.3; Sec. 6.2-6.3; Sec. 7.1 start,"TeAAL reports Sparseloop average error 187% on ExTensor (nayak2023teaal Fig. 10a, p.12) | Statistical sparsity model; supports the claim that structured weight sparsity is deterministic, but validated only as a ratio against vendor-reported speedup."
zarei2026sparhixcel,A Flexible Sparsity-Aware FPGA Accelerator with Column-Wise Compression for Efficient CNN Inference,"Zarei, Amirhossein and Vakili, Shervin",2026,arXiv:2607.19248,,https://arxiv.org/abs/2607.19248,yes,arXiv PDF fetched,t3,3,"SparHiXcel-v2: weight-sparse (unstructured and structured) FPGA CNN accelerator; Python scheduler ""statically determines all PE assignments, V-Line mappings, and data movement schedules"" (Sec. III, p.6) and computes speedup ""with cycle-accurate modeling"" (Sec. IV-A, p.6); XCKU19P implementation",No comparison of scheduler cycle predictions against RTL simulation or board counters found; activations treated dense; no real-time framing,abstract; Sec. I-II; Sec. III end; Sec. IV-A; Sec. IX (grep),Static compile-time schedule of weight sparsity is done here; performance evidence appears to be scheduler-model based
zeng2024automatic,Automatic Generation of Cycle-Accurate Timing Models from RTL for Hardware Accelerators,"Zeng Y., Gupta A., Malik S.",2024,ICCAD 2024,10.1145/3676536.3676657,,yes,crossref title+author+year match (abstract via Semantic Scholar),t4,3,Derives cycle-accurate timing models automatically from accelerator RTL; 1.5x-6.9x faster than RTL simulation on six designs (abstract).,board comparison; which designs (text 403),abstract only,Cycle-accurate-to-RTL by construction; relevant as a method that could produce model=RTL; no board.
zhang2020dnnexplorer,DNNExplorer: a framework for modeling and exploring a novel paradigm of FPGA-based DNN accelerator,Zhang; Ye; Wang; Lin; Xiong; Hwu; Chen,2020,ICCAD 2020,10.1145/3400302.3415609,https://arxiv.org/abs/2008.12745,yes,crossref title+author+year match; arXiv PDF fetched,t2,3,Hybrid pipeline + generic-structure FPGA accelerator with analytical models for DSE,Cycle-exact agreement,"Sec 6.1-6.2, Fig 7-8 (pp.5-6)","Pipeline model avg error 1.15% vs board (p.5, Fig 7); generic structure 2.17% avg error over 36 CONV cases on VU9P (p.6, Fig 8)"
abarajithan2026firebridge,FireBridge: Cycle-Accurate Hardware + Firmware Co-Verification for Modern Accelerators,"Abarajithan G., Ma Z., Restuccia F., Kastner R.",2026,arXiv 2603.25969,,https://arxiv.org/abs/2603.25969,yes,arXiv abs metadata (export API) + full-text PDF fetched,t4,2,"Firmware compiled for x86 linked to RTL/gate-level sim (xsim, VCS, Xcelium) with memory congestion emulation; systolic array + CGRA; up to 50x faster debug than FPGA flow; ZCU102.",model vs board cycle-exact comparison,Abstract; Sec. I; grep for board/cycle,"Co-verification methodology, not a predictive model."
amd2022vitisaimodelzoo,Vitis AI 2.5 Model Zoo README (performance tables),AMD/Xilinx,2022,GitHub Xilinx/Vitis-AI v2.5,,https://github.com/Xilinx/Vitis-AI/blob/v2.5/model_zoo/README.md,yes,reused from v3 literature review (README fetched there),t5,2,"Vendor DPU throughput tables for KV260 (B4096F @300 MHz), ZCU102, ZCU104 incl. ResNet-50, MobileNet v1/v2.",power; latency; resources,reused,Reused rows.
bernardo2020ultratrail,UltraTrail: A Configurable Ultralow-Power TC-ResNet AI Accelerator for Efficient Keyword Spotting,Bernardo; Gerum; Frischknecht; Lübeck; Bringmann,2020,IEEE TCAD 39(11),10.1109/TCAD.2020.3012320,https://doi.org/10.1109/TCAD.2020.3012320,yes,crossref title+author+year match,t1,2,ASIC TC-ResNet accelerator with an analytical performance model (secondary: lubeck2025automatic).,all (not read),metadata only; claim via lubeck2025automatic (secondary),
cerioli2025timepredictable,Time-Predictable Deep Noise Suppression on an Edge Device,Cerioli; Strom; Laroche; Piechowiak; Pezzarossa; Schoeberl,2025,IEEE ISORC 2025,10.1109/ISORC65339.2025.00062,https://www.jopdesign.com/doc/rt_neuralcasting.pdf,yes,crossref title+author+year match,t1,2,"NeuralCasting C code generation for NSNet2, run on time-predictable Patmos processor, WCET via Platin.",hardware accelerator; FPGA CNN,abstract/search summary only,
cilardo2024systematic,An Approach to the Systematic Characterization of Multitask Accelerated CNN Inference in Edge MPSoCs,Cilardo; Maisto; Mazzocca; Rocco Di Torrepadula,2024,ACM TECS,10.1145/3611015,https://dl.acm.org/doi/full/10.1145/3611015,yes,crossref title+author+year match,t1,2,Characterizes multitask DPU CNN inference on edge MPSoCs (metadata only).,everything (not read),metadata only,
costa2026throughput,Throughput impact of software multithreading for deep-learning inference on the AMD Kria KV260,Claudino Costa; Jose Henrique Brito,2026,Journal of Real-Time Image Processing 23,10.1007/s11554-026-01889-x,,yes,crossref match; full text NOT read (Springer login redirect),t5,2,KV260 DPU multithreading study (title/venue).,everything (not read),none,Secondary summaries (emergentmind) attribute 5.66-7.15 W and ResNet-50 26.4->83.9 img/s; NOT used.
dave2019dmazerunner,dMazeRunner: Executing Perfectly Nested Loops on Dataflow Accelerators,Dave; Kim; Avancha; Lee; Shrivastava,2019,ACM TECS,10.1145/3358198,https://doi.org/10.1145/3358198,yes,crossref title+author+year match; S2 abstract,t2,2,Per-layer execution-method (dataflow/tiling) search with analytical energy/performance models,Any validation number (abstract only),abstract only,
deng2021gospa,GoSPA: An Energy-efficient High-performance Globally Optimized SParse Convolutional Neural Network Accelerator,"Deng, Chunhua and Sui, Yang and Liao, Siyu and Qian, Xuehai and Yuan, Bo",2021,2021 ACM/IEEE 48th Annual International Symposium on Computer Architecture (ISCA),10.1109/isca52012.2021.00090,,yes,crossref title+author+year match,t3,2,Globally optimized sparse CNN accelerator; on-the-fly intersection of static (weight) and dynamic (activation) streams; speedups vs Gemmini/Eyeriss/Sparse-PE (secondary: publisher summary),Full text not read,metadata + search summary,Data-dependent
dong2021hao,HAO: Hardware-aware Neural Architecture Optimization for Efficient Inference,Zhen Dong; Yizhao Gao; Qijing Huang; John Wawrzynek; Hayden K.H. So; Kurt Keutzer,2021,"FCCM 2021, pp.50-59",10.1109/FCCM51124.2021.00014,https://arxiv.org/abs/2104.12766,yes,crossref match; arXiv full text read,t5,2,"Joint NAS + mixed-precision quantization + hardware template search using a subgraph-based analytic FPGA latency model and integer programming; MobileNetV2-like nets on Ultra96 (ZU3EG): 72.5% top-1 at 50 fps, 5.5 W.",claim that the latency model is cycle-exact (it is calibrated); clock frequency; latency guarantees,"arXiv: Abstract, Secs. III-IV, Tables II-III","Shows analytic FPGA latency models are standard for DSE, but used as estimates."
faure2025opensource,Open-Source Stand-Alone Versatile Tensor Accelerator,Faure-Gignoux; Delmas; Gauffriau; Pagetti,2025,IEEE/AIAA DASC 2025,10.1109/DASC66011.2025.11257146,https://arxiv.org/abs/2509.19790,yes,crossref title+author+year match; arXiv abs fetched,t1,2,"Certification-minded stand-alone Python compiler for VTA (avionics, DO-178C/DO-254 context); LeNet-5 run on VTA simulators.",board measurements; timing guarantees (abstract),abstract only,"Follow-up arXiv 2604.24455 compiles YOLO-NAS, simulated execution only (abstract)."
finndocs2026analysis,finn.analysis.fpgadataflow (FINN documentation),FINN project (AMD Research),2026,online documentation,,https://finn.readthedocs.io/en/latest/source_code/finn.analysis.fpgadataflow.html,yes,project documentation page fetched,t1,2,"FINN exp_cycles_per_layer analytical cycle estimate; doc states 'the latency (critical path) analysis is very pessimistic, it assumes no overlap ... simply sums the expected cycles'.",statement comparing estimate to rtlsim or hardware,the fetched doc page only,FINN dataflow latency is an estimate; rtlsim measures separately. Original FINN paper is umuroglu2017finn in refs.bib.
garofalo2025reliable,"A Reliable, Time-Predictable Heterogeneous SoC for AI-Enhanced Mixed-Criticality Edge Applications",Garofalo; Ottaviano; Perotti; Benz; Tortorella; Balas; et al.,2025,IEEE TCAS-II 72,10.1109/TCSII.2025.3591225,https://arxiv.org/abs/2502.18953,yes,crossref title+author+year match; arXiv abstract fetched,t1,2,16 nm SoC with predictable interconnect/memory IPs giving tight upper bounds on critical tasks; reliable multi-core AI accelerator 304.9 GOPS.,FPGA; exact latency,abstract only,ASIC; bounds via interference control.
gondimalla2019sparten,SparTen: A Sparse Tensor Accelerator for Convolutional Neural Networks,"Gondimalla, Ashish and Chesnut, Noah and Thottethodi, Mithuna and Vijaykumar, T. N.",2019,Proceedings of the 52nd Annual IEEE/ACM International Symposium on Microarchitecture,10.1145/3352460.3358291,,yes,crossref title+author+year match,t3,2,Two-sided sparse CNN accelerator; offline greedy balancing of filters by density to counter load imbalance (secondary: search summaries),Full text not read,metadata + search summary,Load-imbalance analysis for unstructured sparsity
guo2020tilewise,Accelerating Sparse DNN Models without Hardware-Support via Tile-Wise Sparsity,"Guo, Cong and Hsueh, Bo Yang and Leng, Jingwen and Qiu, Yuxian and Guan, Yue and Wang, Zehuan and Jia, Xiaoying and Li, Xipeng and Guo, Minyi and Zhu, Yuhao",2020,"SC20: International Conference for High Performance Computing, Networking, Storage and Analysis",10.1109/sc41405.2020.00020,,yes,crossref title+author+year match,t3,2,Tile-wise sparsity on dense tensor-core hardware,Not read,metadata only,
hamanaka2023exploration,An Exploration of State-of-the-Art Automation Frameworks for FPGA-Based DNN Acceleration,Fumio Hamanaka; Takashi Odan; Kenji Kise; Thiem Van Chu,2023,IEEE Access 11:5701-5713,10.1109/ACCESS.2023.3236974,https://ieeexplore.ieee.org/document/10017269/,yes,crossref match; OA PDF fetched and read (tables read from rendered pages),t5,2,"Same-board, same-model comparison of FINN (dataflow, INT4) vs Vitis AI DPU (overlay, INT8, B512..B4096, 1-4 cores) for ResNet-8/CIFAR-10 on a Kria K26 SoM board, with CT-3 meter board power, plus Jetson Nano and i7 baselines.","timing predictability; cycle-exact board validation (FINN latency is computed from Verilog-simulation cycles, not measured on board); sparsity","Abstract, Secs. I-V, Tables 1-9",Useful as the KV260/K26 DPU-vs-custom baseline with measured board power: DPU B4096 0.955 ms / 5.65 W; FINN 0.154 ms (simulated) / 5.89 W.
hanson2023dynnamic,"DyNNamic: Dynamically Reshaping, High Data-Reuse Accelerator for Compact DNNs",Hanson; Li; Qian; Li; Chen,2023,IEEE TC,10.1109/tc.2022.3184272,,yes,crossref title+author+year match; S2 abstract,t2,2,PE array reshapes between two decomposed convolution stages (SKC and WA),Cost model / validation (abstract only),abstract only,
hegde2018morph,Morph: Flexible Acceleration for 3D CNN-Based Video Understanding,Hegde; Agrawal; Yao; Fletcher,2018,MICRO 2018,10.1109/micro.2018.00080,https://arxiv.org/abs/1810.06807,yes,crossref title+author+year match; S2 abstract,t2,2,Flexible accelerator adapting spatial/temporal tiling per layer for 3D CNNs,Validation (abstract only),abstract only,
heo2022sparseperiodic,Sparse Periodic Systolic Dataflow for Lowering Latency and Power Dissipation of Convolutional Neural Network Accelerators,"Heo, Jung Hwan and Fayyazi, Arash and Esmaili, Amirhossein and Pedram, Massoud",2022,Proceedings of the ACM/IEEE International Symposium on Low Power Electronics and Design,10.1145/3531437.3539715,https://arxiv.org/abs/2207.00068,yes,crossref title+author+year match; arXiv full text grepped,t3,2,"Periodic pattern-based weight sparsity with systolic dataflow on Virtex UltraScale+ VU9P (AWS F1), Vivado HLS",No predictability/WCET discussion found,abstract; Sec. 2-4 (grep),Pattern pruning on FPGA
huang2021cosa,CoSA: Scheduling by Constrained Optimization for Spatial Accelerators,Huang; Kang; Dinh; Norell; et al.,2021,ISCA 2021,10.1109/isca52012.2021.00050,https://arxiv.org/abs/2105.01898,yes,crossref title+author+year match; arXiv PDF fetched,t2,2,"MIP-based one-shot per-layer scheduling (tiling, permutation, spatial mapping) for spatial accelerators",Validation of objective vs RTL or silicon,abstract; Sec IV-A methodology (p.8),"Evaluated with Timeloop model, a cycle-exact NoC simulator, and GPU"
hussein2026fpga,FPGA-Based Reconfigurable SoCs for Safety-Critical AI Inference: A Systematic Literature Review,Hussein; Hassan; Chisab,2026,Electronics 15(12),10.3390/electronics15122695,https://www.mdpi.com/2079-9292/15/12/2695,yes,crossref title+author+year match + abstract from Crossref,t1,2,"SLR of 36 studies: 'none of the surveyed FPGA-based AI accelerator studies provide WCET bounds, although recent analytical models for multi-DPU architectures demonstrate the feasibility'.",(survey),abstract only (MDPI full text blocked 403),Useful third-party statement of the gap; scope limited to its 36 studies.
jeong2023vegeta,VEGETA: Vertically-Integrated Extensions for Sparse/Dense GEMM Tile Acceleration on CPUs,"Jeong, Geonhwa and Damani, Sana and Bambhaniya, Abhimanyu Rajeshkumar and Qin, Eric and Hughes, Christopher J. and Subramoney, Sreenivas and Kim, Hyesoon and Krishna, Tushar",2023,2023 IEEE International Symposium on High-Performance Computer Architecture (HPCA),10.1109/hpca56546.2023.10071058,,yes,crossref title+author+year match,t3,2,CPU tile extensions for flexible N:M structured sparse GEMM (SCALE-Sim v3 validated against its RTL),Full text not read,metadata only,
jiang2019superlinear,Achieving Super-Linear Speedup across Multi-FPGA for Real-Time DNN Inference,Jiang; Sha; Zhang; Yang; Zhuge; Shi,2019,ACM TECS 18 (EMSOFT/CODES+ISSS),10.1145/3358192,https://arxiv.org/abs/1907.08985,yes,crossref title+author+year match; arXiv PDF fetched,t1,2,Claims FPGAs give 'deterministic timing characteristics' for real-time DNN; latency model vs on-board latency in clock cycles: average deviation 2.53% (Fig. 14).,exact equality,intro; Sec. on-board validation (Fig. 14 text),Example of 'deterministic' claim with approximate (not exact) validation.
kao2022magma,MAGMA: An Optimization Framework for Mapping Multiple DNNs on Multiple Accelerator Cores,Kao; Krishna,2022,HPCA 2022,10.1109/hpca53966.2022.00065,,yes,crossref title+author+year match,t2,2,GA-based mapping of multi-DNN jobs onto heterogeneous (multi-dataflow) cores using MAESTRO-like cost model,Anything beyond metadata,metadata only,
kim2025realprobe,RealProbe: An Automated and Lightweight Performance Profiler for In-FPGA Execution of High-Level Synthesis Designs,Kim; Hao,2025,IEEE FCCM 2025,10.1109/FCCM62733.2025.00025,https://arxiv.org/abs/2504.03879,yes,crossref title+author+year match; arXiv PDF fetched,t1;t4,2,In-FPGA cycle profiler for HLS; Fig. 1 shows up to 103.8% error of C/RTL co-sim cycle counts vs in-FPGA execution.,-,abstract; intro (Fig. 1 text),Evidence that sim-vs-board cycle equality is NOT the norm for HLS designs. | Counter-evidence that sim=board is not automatic on FPGA with DDR/AXI.
kwon2019understanding,"Understanding Reuse, Performance, and Hardware Cost of DNN Dataflow: A Data-Centric Approach (MAESTRO)",Kwon; Chatarasi; Pellauer; Parashar; Sarkar; Krishna,2019,MICRO 2019,10.1145/3352460.3358252,https://arxiv.org/abs/1805.02566,yes,crossref title+author+year match; arXiv PDF fetched,t2;t4,2,Data-centric analytical cost model for arbitrary dataflows,Cycle-exact agreement,Sec 4.5 Model Validation; Fig 9 (arXiv p.10),"'within 3.9% absolute error of the cycle-accurate RTL simulation [MAERI, 64 PEs] and reported processing delay [Eyeriss]' on average (arXiv version; already in LITERATURE.md as metadata-only) | Per-layer (CONV layers). Eyeriss comparison is against published runtime, not RTL."
li2021dynamic,Dynamic Dataflow Scheduling and Computation Mapping Techniques for Efficient Depthwise Separable Convolution Acceleration,Baoting Li; Hang Wang; Xuchong Zhang; Jie Ren; Longjun Liu; Hongbin Sun; Nanning Zheng,2021,IEEE TCAS-I 68(8):3279-3292,10.1109/TCSI.2021.3078541,,yes,crossref match; full text NOT read (IEEE login wall),t5,2,Adaptive row-based dataflow scheduling + adaptive computation mapping per layer for depthwise separable CNNs; MobileNetV2 381.7 fps on ZCU102 (abstract).,everything beyond abstract (not read),abstract only,"Per-layer dataflow adaptation on ZU+: relevant to the reconfigurable part, but content unverified."
lu2019efficient,An Efficient Hardware Accelerator for Sparse Convolutional Neural Networks on FPGAs,"Lu, Liqiang and Xie, Jiaming and Huang, Ruirui and Zhang, Jiansong and Lin, Wei and Liang, Yun",2019,2019 IEEE 27th Annual International Symposium on Field-Programmable Custom Computing Machines (FCCM),10.1109/fccm.2019.00013,,yes,crossref title+author+year match,t3,2,Sparse CNN accelerator on FPGAs (FCCM 2019),Not read,metadata only,
ma2020pconv,PCONV: The Missing but Desirable Sparsity in DNN Weight Pruning for Real-Time Execution on Mobile Devices,"Ma, Xiaolong and Guo, Fu-Ming and Niu, Wei and Lin, Xue and Tang, Jian and Ma, Kaisheng and Ren, Bin and Wang, Yanzhi",2020,Proceedings of the AAAI Conference on Artificial Intelligence,10.1609/aaai.v34i04.5954,,yes,crossref title+author+year match,t3,2,Pattern + connectivity sparsity for mobile real-time execution,Not read,metadata only,
mattheeuws2021analyzing,Analyzing Memory Interference of FPGA Accelerators on Multicore Hosts in Heterogeneous Reconfigurable SoCs,Mattheeuws; Forsberg; Kurth; Benini,2021,DATE 2021,10.23919/DATE51398.2021.9473925,https://ieeexplore.ieee.org/document/9473925/,yes,crossref title+author+year match,t1,2,Memory interference from PL accelerators slows CPU tasks up to 16x on commercial FPGA SoCs; controlled memory request injection (secondary: search summary).,-,search-summary of abstract only,Relevant if V3 uses DRAM: board-level exactness then depends on DRAM/interconnect.
mei2021zigzag,ZigZag: Enlarging Joint Architecture-Mapping Design Space Exploration for DNN Accelerators,Mei; Houshmand; Jain; Giraldo; Verhelst,2021,IEEE TC,10.1109/tc.2021.3059962,https://arxiv.org/abs/2007.11360,yes,crossref title+author+year match; arXiv PDF fetched,t2;t4,2,Joint architecture-mapping DSE with uneven mappings,Latency validation numbers (sections read report energy/utilization),"validation section (p.11), Fig 15-16",Energy within 5%/7.5% of Eyeriss/ENVISION; vs in-house post-synthesis max 6% energy and 9% PE-array utilization error (p.11) | Per-layer.
mei2022uniform,A Uniform Latency Model for DNN Accelerators with Diverse Architectures and Dataflows,Mei; Liu; Wu; Sumbul; Verhelst; Beigne,2022,DATE 2022,10.23919/date54114.2022.9774728,https://lirias.kuleuven.be/retrieve/661303,yes,crossref title+year match; KU Leuven PDF fetched,t2,2,Analytical latency model (ZigZag) covering stalls from memory sharing/bandwidth for diverse dataflows,Cycle-exact agreement,abstract; Sec I-III,Abstract p.1: 'Validation against an in-house taped-out accelerator across various DNN layers has shown an average latency model accuracy of 94.3%'
mei2023defines,DeFiNES: Enabling Fast Exploration of the Depth-first Scheduling Space for DNN Accelerators through Analytical Modeling,"Mei L., Goetschalckx K., Symons A., Verhelst M.",2023,HPCA 2023,10.1109/HPCA56546.2023.10071098,https://arxiv.org/abs/2212.05344,yes,crossref title+author+year match; arXiv abs metadata (export API) + full-text PDF fetched,t4,2,"End-to-end latency vs DepFiN chip measurements: within 3% for MC-CNN and a reference net, 10% for FSRCNN (controller stalls not modelled) (Sec. IV, Fig. 11a).",cycle-exact; RTL comparison; per-layer,Abstract; Sec. IV,Whole-network vs silicon.
mousouliotis2019software,Software-Defined FPGA Accelerator Design for Mobile Deep Learning Applications,Mousouliotis; Petrou,2019,ARC 2019 (LNCS),10.1007/978-3-030-17227-5_6,https://arxiv.org/abs/1902.03192,yes,crossref title+author+year match; arXiv PDF fetched,t1,2,"SqueezeJet-2 on xc7z020: analytical latency model max error 8.3%, avg 4.45% vs on-board trace; HLS co-sim up to 33.4% error, HLS estimate up to 46.1% (Fig. 1).",exact equality,Sec. results (Fig. 1 text),Shows HLS co-sim and HLS estimates deviate from board.
munozmartinez2020stonnearxiv,STONNE: A Detailed Architectural Simulator for Flexible Neural Network Accelerators,"Munoz-Martinez F., Abellan J. L., Acacio M. E., Krishna T.",2020,arXiv 2006.07137 (later IISWC 2021),,https://arxiv.org/abs/2006.07137,yes,arXiv abs metadata (export API) + full-text PDF fetched,t4,2,"Cycle-level simulator; validated vs BSV MAERI RTL (32 MSs) on three layer types: avg 15% difference in total cycles (11%-19%) (Sec. IV-A, Fig. 5); functional: identical outputs for every layer and identical scores/labels for 50 ImageNet images on 5 DNNs vs Caffe.",FPGA/silicon comparison; cycle-exact agreement,Abstract; Sec. IV-A,"Bit-exact functional end-to-end but timing only within 15%. Published version: munozmartinez2021stonne (IISWC, 10.1109/IISWC53511.2021.00028), its text not read."
munozmartinez2021stonne,STONNE: Enabling Cycle-Level Microarchitectural Simulation for DNN Inference Accelerators,"Munoz-Martinez, Francisco and Abellan, Jose L. and Acacio, Manuel E. and Krishna, Tushar",2021,2021 IEEE International Symposium on Workload Characterization (IISWC),10.1109/iiswc53511.2021.00028,,yes,crossref title+author+year match,t3;t4,2,"Cycle-level simulator for flexible/sparse DNN accelerators; MAERI difference ~15% cycles (secondary: search summary, not verified)",Not read,metadata only,"15% figure secondary, verified=no for that number | Numbers taken from arXiv version."
nayak2023teaal,TeAAL: A Declarative Framework for Modeling Sparse Tensor Accelerators,"Nayak, Nandeeka and Odemuyiwa, Toluwanimi O. and Ugare, Shubham and Fletcher, Christopher and Pellauer, Michael and Emer, Joel",2023,56th Annual IEEE/ACM International Symposium on Microarchitecture,10.1145/3613424.3623791,https://arxiv.org/abs/2304.07931,yes,crossref title+author+year match; arXiv full text fetched,t3,2,"Declarative sparse-accelerator modeling; validation vs published simulators: 9.0% and 6.6% avg error (OuterSPACE-type), 2.5% for SIGMA (Sec. 7, p.12); reports Sparseloop average error 187% on ExTensor",No RTL/board validation; no worst-case latency,abstract; Sec. 7 validation (grep),Shows statistical sparse models can be badly off for data-dependent sparsity
niu2020patdnn,PatDNN: Achieving Real-Time DNN Execution on Mobile Devices with Pattern-based Weight Pruning,"Niu, Wei and Ma, Xiaolong and Lin, Sheng and Wang, Shihao and Qian, Xuehai and Lin, Xue and Wang, Yanzhi and Ren, Bin",2020,Proceedings of the Twenty-Fifth International Conference on Architectural Support for Programming Languages and Operating Systems,10.1145/3373376.3378534,https://arxiv.org/abs/2001.00138,yes,crossref title+author+year match; arXiv full text grepped,t3,2,"Pattern-based weight pruning + compiler for mobile CPU/GPU; ""real-time"" = fast frame rate",No WCET/bound found in grep,abstract; grep,"""Real-time"" here is throughput, not guarantee"
parashar2019timeloop,Timeloop: A Systematic Approach to DNN Accelerator Evaluation,Parashar; Raina; Shao; et al.,2019,ISPASS 2019,10.1109/ispass.2019.00042,https://accelergy.mit.edu/timeloop.pdf,yes,crossref title+author+year match; author PDF fetched,t2;t4,2,Mapping search + analytical perf/energy model,Cycle-exact agreement,Sec VI-D; Sec VII validation; Fig 9 (p.8),"Fig 9: performance accuracy 78%-99%, mean 95% vs in-house NVDLA-derived simulator; energy within 8% for all 107 workloads; throughput model assumes negligible pipeline stalls (Sec VI-D) | Model explicitly 'assumes minimal pipeline disruptions from fills and drains' (Sec. VII-C). Per-workload (layer/kernel) granularity."
pearce2021designing,Designing Neural Networks for Real-Time Systems,Pearce; Yang; Roop; Katzef; Strom,2021,IEEE Embedded Systems Letters 13(3),10.1109/LES.2020.3009910,https://arxiv.org/abs/2008.11830,yes,crossref title+author+year match; arXiv abstract fetched,t1,2,Keras -> analysable C code; static timing analysis of NN code (Patmos/T-CREST style).,hardware accelerator,abstract only,
peltekis2023arrayflex,ArrayFlex: A Systolic Array Architecture with Configurable Transparent Pipelining,Peltekis; Filippas; Dimitrakopoulos; Nicopoulos; Pnevmatikatos,2023,DATE 2023,10.23919/date56975.2023.10136913,https://arxiv.org/abs/2211.12600,yes,crossref title+author+year match; S2 abstract,t2,2,"Systolic array with per-layer selectable pipeline depth (normal/shallow), 11% avg latency reduction",Validation (abstract only),abstract only,
qararyah2025mccm,An Analytical Cost Model for Fast Evaluation of Multiple Compute-Engine CNN Accelerators,"Qararyah F., Maleki M. A., Trancoso P.",2025,ISPASS 2025,10.1109/ISPASS64960.2025.00030,https://arxiv.org/abs/2503.07242,yes,crossref title+author+year match; arXiv abs metadata (export API) + full-text PDF fetched,t4,2,"MCCM accuracy 80.7%-100%, avg >90%, 150 experiments vs Vitis HLS synthesis results (Table IV, Eq. 10); off-chip access counts 'exact since the accesses are deterministic'.",board measurement; RTL simulation,Sec. V-B; Table IV caption; Eq. 10,"Reference is HLS synthesis report, not hardware."
qureshi2021sparsepe,Sparse-PE: A Performance-Efficient Processing Engine Core for Sparse Convolutional Neural Networks,"Qureshi, Mahmood Azhar and Munir, Arslan",2021,IEEE Access,10.1109/access.2021.3126708,https://people.cs.ksu.edu/~amunir/documents/publications/journal/Munir_Sparse-PE_CNN_Accelerator_IEEE_Access_2021.pdf,yes,crossref title+author+year match,t3,2,Multi-threaded sparse PE with binary masks to skip zeros in weights and activations (secondary: search summary),Full text not read,metadata + search summary,Data-dependent
selvam2021fuseconv,FuSeConv: Fully Separable Convolutions for Fast Inference on Systolic Arrays,Selvam; Ganesan; Kumar,2021,DATE 2021,10.23919/date51398.2021.9473985,https://arxiv.org/abs/2105.13434,yes,crossref title+author+year match; S2 abstract,t2,2,Replaces depthwise-separable conv with 1D separable convs that map efficiently to a slightly modified systolic dataflow; 3x-7x speedup on 64x64 array,Latency model validation (abstract only),abstract only,Changes the network instead of the array
shumailov2021sponge,Sponge Examples: Energy-Latency Attacks on Neural Networks,"Shumailov, Ilia and Zhao, Yiren and Bates, Daniel and Papernot, Nicolas and Mullins, Robert and Anderson, Ross",2021,2021 IEEE European Symposium on Security and Privacy (EuroS&amp;P),10.1109/eurosp51992.2021.00024,,yes,crossref title+author+year match,t3,2,Energy-latency attacks on neural networks (title and metadata only; content not read),Not read beyond Crossref metadata,metadata only,Motivation for worst-case reasoning; numbers not used
silva2022acetone,ACETONE: Predictable Programming Framework for ML Applications in Safety-Critical Systems,De Albuquerque Silva; Carle; Gauffriau; Pagetti,2022,ECRTS 2022 (LIPIcs 231),10.4230/LIPIcs.ECRTS.2022.3,https://drops.dagstuhl.de/entities/document/10.4230/LIPIcs.ECRTS.2022.3,yes,DataCite title+author+year match; full-text PDF fetched,t1,2,"Generates C code from trained feed-forward DNNs, semantics-preserving, WCET analysed with OTAWA (lpc2138 ARM target); measured times on Cortex-A15; compares with Keras2c and uTVM.",hardware accelerator; FPGA,full text keyword search; abstract; intro; evaluation method text,"Software/CPU WCET line of work (avionics, ONERA/Airbus)."
symons2025stream,Stream: Design Space Exploration of Layer-Fused DNNs on Heterogeneous Dataflow Accelerators,Symons A. et al.,2025,IEEE TC 74(1),10.1109/TC.2024.3477938,https://arxiv.org/abs/2212.10612,yes,crossref title+author+year match; arXiv abs metadata (export API) + full-text PDF fetched,t4,2,"Latency vs measured silicon for DepFiN, Jia et al., DIANA: Stream 96%/97%/97% accuracy (Table 2, units 10^4 cycles; e.g. measured 6.6 vs Stream 6.4).",cycle-exact; per-layer; RTL,"Sec. 'Validation', Table 2",Whole-workload segments on taped-out chips.
taka2025sst,Systolic Sparse Tensor Slices: FPGA Building Blocks for Sparse and Dense AI Acceleration,"Taka, Endri and Huang, Ning-Chi and Chang, Chi-Chih and Wu, Kai-Chiang and Arora, Aman and Marculescu, Diana",2025,Proceedings of the 2025 ACM/SIGDA International Symposium on Field Programmable Gate Arrays,10.1145/3706628.3708867,https://arxiv.org/abs/2502.03763,yes,crossref title+author+year match; arXiv full text grepped,t3,2,"In-fabric FPGA systolic sparse tensor slices supporting dense, 2:4, 1:4 and 1:3 structured sparsity; notes unstructured sparsity ""causes unpredictable and low hardware utilization"" (Sec. 1)",No latency bound/validation vs board (architecture study),abstract; Sec. 1 (grep),
vestias2019fast,Fast Convolutional Neural Networks in Low Density FPGAs Using Zero-Skipping and Weight Pruning,"Véstias, Mário P. and Duarte, Rui Policarpo and de Sousa, José T. and Neto, Horácio C.",2019,Electronics,10.3390/electronics8111321,,yes,crossref title+author+year match,t3,2,Zero-skipping + weight pruning CNN on low-density FPGAs (abstract),Full text blocked (HTTP 403); abstract only,abstract only,
wang2021dstc,Dual-side Sparse Tensor Core,"Wang, Yang and Zhang, Chen and Xie, Zhiqiang and Guo, Cong and Liu, Yunxin and Leng, Jingwen",2021,2021 ACM/IEEE 48th Annual International Symposium on Computer Architecture (ISCA),10.1109/isca52012.2021.00088,,yes,crossref title+author+year match,t3,2,Dual-side (weights+activations) sparse tensor core for GPUs; Sparseloop reproduces its latency at 7.6% avg error (wu2022sparseloop Fig. 13),Full text not read,metadata only,
wu2019mobilenets,A High-Performance CNN Processor Based on FPGA for MobileNets,Di Wu; Yu Zhang; Xijie Jia; Lu Tian; Tianping Li; Lingzhi Sui; Dongliang Xie; Yi Shan,2019,"FPL 2019, pp.136-143",10.1109/FPL.2019.00030,https://www.cse.wustl.edu/~roger/565M.s23/A_High-Performance_CNN_Processor_Based_on_FPGA_for_MobileNets.pdf,yes,crossref match; full text read from a course-hosted copy of the IEEE version,t5,2,"Xilinx DPU-lineage processor with separate Conv and depthwise (Dwcv) engines run in a layer pipeline, Channel Augmentation for the first layer; MobileNetV2 ImageNet 8-bit on ZU2 (430 MHz, 205.3 fps) and ZU9 (333 MHz, 809.8 fps).",power numbers; latency guarantees; sparsity,"Full text (Secs. I-V, Tables III-VI)",Upgrades the earlier secondary row to verified.
wu2023highlight,HighLight: Efficient and Flexible DNN Acceleration with Hierarchical Structured Sparsity,"Wu, Yannan Nellie and Tsai, Po-An and Muralidharan, Saurav and Parashar, Angshuman and Sze, Vivienne and Emer, Joel",2023,56th Annual IEEE/ACM International Symposium on Microarchitecture,10.1145/3613424.3623786,,yes,crossref title+author+year match,t3,2,Hierarchical structured sparsity (multi-level N:M style) accelerator (secondary: search results),Full text not read,metadata only,Structured weight sparsity; deterministic in principle
xing2020dnnvm,DNNVM: End-to-End Compiler Leveraging Heterogeneous Optimizations on FPGA-Based CNN Accelerators,Yu Xing; Shuang Liang; Lingzhi Sui; Xijie Jia; Jiantao Qiu; Xin Liu; Yushun Wang; Yi Shan,2020,IEEE TCAD 39(10):2668-2681,10.1109/TCAD.2019.2930577,https://arxiv.org/abs/1902.07463,yes,crossref match; arXiv v2 full text read (published version not read),t5,2,"Compiler (graph fusion, pipeline/tiling search, instruction generation) for the DeePhi/Xilinx DPU-style INT8 accelerator; ResNet50/VGG/GoogLeNet on ZU2 and ZU9; uses a cycle/performance evaluation step during compilation.",timing guarantees; cycle-exact model = board claim (only throughput comparisons),"arXiv v2: Abstract, Secs. 3-6, Tables 3-5",Earlier secondary row (500 MHz/2520 DSP/80.95 fps) partly mismatched; corrected rows added.
xu2020autodnnchip,AutoDNNchip: An Automated DNN Chip Predictor and Builder for Both FPGAs and ASICs,Xu; Zhang; Hao; Zhao; Zhang; Wang; et al.,2020,ACM/SIGDA FPGA 2020,10.1145/3373087.3375306,https://arxiv.org/abs/2001.03535,yes,crossref title+author+year match; arXiv PDF fetched,t1;t4,2,Chip Predictor max error 9.17% across 15 DNNs on 3 platforms (avg 5.20-6.05%).,exact equality,evaluation section,Average errors per platform from secondary search snippet (4.85/3.73/6.57%) not checked in text.
yang2020interstellar,Interstellar: Using Halide's Scheduling Language to Analyze DNN Accelerators,Yang; Gao; Liu; Setter; Pu; et al.,2020,ASPLOS 2020,10.1145/3373376.3378514,https://arxiv.org/abs/1809.04070,yes,crossref title+author+year match; arXiv PDF fetched,t2,2,Halide-schedule-based taxonomy of dataflows; HLS-generated RTL; shows many dataflows give similar energy with proper blocking,Latency validation numbers,abstract; Sec 4.2; framework validation (p.9),Energy model vs post-synthesis: errors less than 2% (p.9)
zhang2018dnnbuilder,DNNBuilder: an Automated Tool for Building High-Performance DNN Hardware Accelerators for FPGAs,Zhang X. et al.,2018,ICCAD 2018,10.1145/3240765.3240801,,yes,crossref title+author+year match (abstract via Semantic Scholar),t4,2,DSE with analytical model on ZC706/KU115.,full text (closed access),abstract only,Estimated-vs-board error 1.15% / 2.17% is from a secondary web-search snippet only (verified=no for numbers).
zhang2022wsqaddernet,WSQ-AdderNet: Efficient Weight Standardization Based Quantized AdderNet FPGA Accelerator Design with High-Density INT8 DSP-LUT Co-Packing Optimization,Yunxiang Zhang; Biao Sun; Weixiong Jiang; Yajun Ha; Miao Hu; Wenfeng Zhao,2022,"ICCAD 2022, pp.1-9",10.1145/3508352.3549439,,yes,crossref match; full text NOT read (closed access),t5,2,"INT8 AdderNet and ResNet20 CIFAR-10 accelerators on KV260 with DSP-LUT co-packing (per NN2FPGA Table VI-VII: ResNet20 200 MHz, 1.221 ms, 545 DSP).",everything (not read),none (secondary only),A second custom KV260 ResNet20 INT8 design; numbers secondary.
zhao2020dnnchip,DNN-Chip Predictor: An Analytical Performance Predictor for DNN Accelerators with Various Dataflows and Hardware Architectures,Zhao; Li; Wang; Xu; Zhang; Lin,2020,ICASSP 2020,10.1109/ICASSP40776.2020.9053977,https://arxiv.org/abs/2002.11270,yes,crossref title+author+year match; arXiv PDF fetched,t1;t4,2,Analytical predictor; vs Eyeriss throughput error <=11%; ignores stall corner cycles.,exact equality,validation section,Per-layer FPGA comparison.
baharani2021deepdive,DeepDive: An Integrative Algorithm/Architecture Co-Design for Deep Separable Convolutional Neural Networks,Mohammadreza Baharani; et al.,2021,GLSVLSI 2021,10.1145/3453688.3461485,https://arxiv.org/abs/2007.09490,yes,reused from v3 literature review,t5,1,4-bit MobileNet-V2 on ZCU102 with differential board power.,INT8,reused,Reused row.
bi2026ming,MING: An Automated CNN-to-Edge MLIR HLS framework,Jiahong Bi; Lars Schuetze; Jeronimo Castrillon,2026,arXiv preprint,,https://arxiv.org/abs/2602.11966,yes,arXiv PDF fetched,t5,1,"MLIR-based HLS generation of streaming CNN kernels targeting KV260 (1248 DSP, 288 BRAM18K constraints); kernel-level speedups only.",full-network ResNet/MobileNet results; power,"Abstract, Secs. III-IV (grep-level)",Lead only.
blott2018finnr,FINN-R: An End-to-End Deep-Learning Framework for Fast Exploration of Quantized Neural Networks,Michaela Blott; et al.,2018,ACM TRETS 11(3),10.1145/3242897,https://arxiv.org/abs/1809.04570,yes,reused from v3 literature review,t5,1,FINN-R dataflow QNNs incl. CNV CIFAR-10 on Ultra96.,INT8,reused,Reused row.
buttazzo2025toward,Toward predictable AI-based real-time systems,Buttazzo,2025,Real-Time Systems 61,10.1007/s11241-025-09446-8,https://link.springer.com/article/10.1007/s11241-025-09446-8,yes,crossref title+author+year match,t1,1,"Position paper on predictability, safety and security of AI-powered embedded systems.",-,abstract (search snippet) only,
chauffour2026finnas,FINNAS: FINN-Guided Hardware-Aware NAS and Pruning for FPGA Jet Substructure Classification,"Chauffour E., Li C., Floros G., Shanker S.",2026,ICECS 2026 (arXiv 2609.16367),,https://arxiv.org/abs/2609.16367,yes,arXiv abs metadata (export API) + full-text PDF fetched,t4,1,"FINN estimated vs RTL-sim cycle latency: Spearman rho=0.781 over 20 finalists; 'substantial absolute error', latency 'represented only crudely'.",,validation paragraph,Evidence that FINN cycle estimates are not exact.
ferianc2020improving,Improving Performance Estimation for FPGA-Based Accelerators for Convolutional Neural Networks,"Ferianc M., Fan H., Chu R. S. W., Stano J., Luk W.",2020,ARC 2020 (LNCS),10.1007/978-3-030-44534-8_1,https://arxiv.org/abs/2002.00190,yes,crossref title+author+year match; arXiv abs metadata (export API) + full-text PDF fetched,t4,1,ML (Gaussian-process) correction of analytical latency model; 30.7% MAE improvement vs standard analytic method on Arria 10 (abstract).,exact agreement,abstract; evaluation metric paragraph,Shows analytic FPGA latency models are not exact in practice.
jiang2023fulldataflow,A High-Throughput Full-Dataflow MobileNetv2 Accelerator on Edge FPGA,Weixiong Jiang; Heng Yu; Yajun Ha,2023,IEEE TCAD 42(5):1532-1545,10.1109/TCAD.2022.3198246,,yes,crossref match; full text NOT read (paywall),t5,1,"Full-dataflow INT8 MobileNetV2 on ZCU102, 1910 FPS (abstract + two secondary sources).",everything beyond abstract (not read),abstract only,Numbers secondary (NN2FPGA Table VI-VII; Zhao et al. arXiv:2407.19449).
karandikar2018firesim,FireSim: FPGA-Accelerated Cycle-Exact Scale-Out System Simulation in the Public Cloud,Karandikar S. et al.,2018,ISCA 2018,10.1109/ISCA.2018.00014,,yes,crossref title+author+year match,t4,1,Cycle-exact FPGA-accelerated simulation of RTL (FAME-1 transformed).,(text not read),metadata only,"Cited for terminology: 'cycle-exact' = simulation derived from RTL, not a model."
lee2025timing,Timing guarantees for inference of AI models in embedded systems,Lee; Kang; Bertogna; Chwa; Lee,2025,Real-Time Systems,10.1007/s11241-025-09445-9,https://link.springer.com/article/10.1007/s11241-025-09445-9,yes,crossref title+author+year match,t1,1,Roadmap-collection article on timing guarantees for AI inference (content not read).,everything (not read),metadata only,
li2025dpuv4e,DPUV4E: High-Throughput DPU Architecture Design for CNN on Versal ACAP,Guoyu Li; Pengbo Zheng; Jian Weng; Enshan Yang,2025,FPGA 2025,10.1145/3706628.3708831,https://arxiv.org/abs/2506.11441,yes,reused from v3 literature review,t5,1,Versal DPU; reports AMD DPU B4096x3 on ZCU102 ResNet50 numbers.,,reused,Reused row.
magalhaes2023benchmarking,Benchmarking edge computing devices for grape bunches and trunks detection using accelerated object detection single shot multibox deep learning models,Sandro Costa Magalhaes; Filipe Neves dos Santos; Pedro Machado; Antonio Paulo Moreira; Jorge Dias,2023,Engineering Applications of Artificial Intelligence 117:105604,10.1016/j.engappai.2022.105604,https://arxiv.org/abs/2211.11647,yes,crossref match; arXiv full text read,t5,1,"Benchmarks RetinaNet ResNet-50 (INT8, Vitis AI DPU) on KV260 and ZCU104 vs Jetson/TPU with multimeter board power: KV260 13.13 FPS.",classification CNNs; custom accelerator,"arXiv: Secs. 2-3, Figs. 5-6, power chart",KV260 DPU board-power measurement example.
moreau2019hardware,A Hardware-Software Blueprint for Flexible Deep Learning Specialization (VTA),Moreau T. et al.,2019,IEEE Micro 39(5),10.1109/MM.2019.2928962,https://arxiv.org/abs/1807.04188,yes,crossref title+author+year match; arXiv abs metadata (export API) + full-text PDF fetched,t4,1,VTA; uses 'an analytical model of peak performance' to filter hardware designs in DSE.,model-vs-board error numbers,grep of full text for model/cycle/simulat,TSIM (Verilator cycle-accurate) described only in TVM RFC/README (not peer-reviewed; not fetched).
saha2026potacc,PoTAcc: A Pipeline for End-to-End Acceleration of Power-of-Two Quantized DNNs,Rappy Saha; Jude Haris; Nicolas Bohm Agostini; David Kaeli; Jose Cano,2026,IEEE TCASAI,10.1109/TCASAI.2026.3690415,https://arxiv.org/abs/2605.06082,yes,crossref match; arXiv full text read,t5,1,"SECDA-TFLite shift-based (power-of-two weight) GEMM accelerators on PYNQ-Z2 and KV260 at 250 MHz, CPU+FPGA delegate; ResNet18/MobileNetV2/ResNet20 etc.; on-board-sensor energy (inference minus idle).",dedicated full-network accelerator; latency guarantees; CIFAR-10 latency numbers,"arXiv: Secs. IV-V, Tables III-V",On KV260 the INT8 MobileNetV2 delegate is slower than the 4-thread CPU (110.2 vs 65.6 ms).
salami2020undervolting,An Experimental Study of Reduced-Voltage Operation in Modern FPGAs for Neural Network Acceleration,Behzad Salami; Erhan Baturay Onural; Ismail Emir Yuksel; Fahrettin Koc; Oguz Ergin; Adrian Cristal Kestelman; Osman S. Unsal; Hamid Sarbazi-Azad; Onur Mutlu,2020,"DSN 2020, pp.138-149",10.1109/DSN48063.2020.00032,https://arxiv.org/abs/2005.03451,yes,crossref match; arXiv full text read,t5,1,Undervolting study of 3x DPU B4096 on ZCU102 (ResNet50 etc.) with PMBus rail power; 12.59 W on-chip average at Vnom.,custom accelerator; timing guarantees,"arXiv: Secs. 3-4, Tables 1-2",PMBus rail-power methodology on ZU+ (comparable to our INA260 approach).
sciangula2022hardware,Hardware Acceleration of Deep Neural Networks for Autonomous Driving on FPGA-based SoC,Sciangula; Restuccia; Biondi; Buttazzo,2022,Euromicro DSD 2022,10.1109/DSD57027.2022.00061,https://retis.sssup.it/~a.biondi/papers/DSD22-accel.pdf,yes,crossref title+author+year match; full-text PDF fetched,t1,1,Porting Apollo-style autonomous-driving DNNs to the DPU on Zynq US+; motivates FPGA timing predictability.,timing analysis,abstract; keyword search,
silva2023extending,Extending a predictable machine learning framework with efficient gemm-based convolution routines,De Albuquerque Silva; Carle; Gauffriau; Pagetti,2023,Real-Time Systems 59,10.1007/s11241-023-09407-z,https://link.springer.com/article/10.1007/s11241-023-09407-z,yes,crossref title+author+year match,t1,1,Journal extension of ACETONE with GEMM-based convolution routines (metadata only).,hardware accelerator (not checked),metadata only,
sun2022filmqnn,"FILM-QNN: Efficient FPGA Acceleration of Deep Neural Networks with Intra-Layer, Mixed-Precision Quantization",Mengshu Sun; et al.,2022,FPGA 2022,10.1145/3490422.3502364,,yes,reused from v3 literature review,t5,1,"Mixed W4/W8 ResNet-18/50, MobileNet-V2 on ZCU102.",INT8 uniform,reused,Reused rows.
takahashi2024efficiera,Efficiera Residual Networks: Hardware-Friendly Fully Binary Weight with 2-bit Activation Model Achieves Practical ImageNet Accuracy,Shuntaro Takahashi; Takuya Wakisaka; Hiroyuki Tokunaga,2024,arXiv preprint,,https://arxiv.org/abs/2410.11553,yes,arXiv PDF fetched,t5,1,"W1A2 ResNet-style nets on KV260 with the commercial LeapMind Efficiera IP (0 DSP, 77.6k LUT): ERNs18 3.60 ms, ERNs50 9.64 ms at 256x256, batch 1.",INT8; power; clock; timing guarantees,"Abstract, Secs. 4-5, Tables 2-7","Only other KV260 ResNet-family custom-IP latency numbers found; vendor IP, not open."
toupas2023fpgahart,fpgaHART: A Toolflow for Throughput-Oriented Acceleration of 3D CNNs for HAR onto FPGAs,"Toupas P., Bouganis C.-S., Tzovaras D.",2023,FPL 2023,10.1109/FPL60245.2023.00020,https://arxiv.org/abs/2305.19896,yes,crossref title+author+year match; arXiv full text grep,t4,1,"Relative latency error 12.89%, 5.03%, 11.92%, 17.32% on four graph types, geo-mean 10.75%.",cycle-exact,error paragraph (grep),
wu2019accelergy,Accelergy: An Architecture-Level Energy Estimation Methodology for Accelerator Designs,"Wu Y. N., Emer J. S., Sze V.",2019,ICCAD 2019,10.1109/ICCAD45719.2019.8942149,,yes,crossref title+author+year match,t4,1,Energy estimation companion to Timeloop.,text not read,metadata only,Energy only; SCALE-Sim v3 (Sec. VIII) says Eyeriss within 5% (secondary).
yang2019synetgy,Synetgy: Algorithm-hardware Co-design for ConvNet Accelerators on Embedded FPGAs,Yifan Yang; et al.,2019,FPGA 2019,10.1145/3289602.3293902,https://arxiv.org/abs/1811.08634,yes,reused from v3 literature review,t5,1,ShuffleNetV2-derived 4-bit net on Ultra96.,INT8; timing guarantees,reused,Reused row.
zhang2015optimizing,Optimizing FPGA-based Accelerator Design for Deep Convolutional Neural Networks,Zhang C. et al.,2015,FPGA 2015,10.1145/2684746.2689060,,yes,crossref title+author+year match,t4,1,Roofline-based DSE for FPGA CNN accelerator.,full text not read in this pass,metadata only,Any estimate-vs-board figure not checked.
zhang2021fracbnn,FracBNN: Accurate and FPGA-Efficient Binary Neural Networks with Fractional Activations,Yichi Zhang; et al.,2021,FPGA 2021,10.1145/3431920.3439296,https://arxiv.org/abs/2012.12206,yes,reused from v3 literature review,t5,1,Binary CIFAR-10/ImageNet nets on Ultra96 v2.,INT8,reused,Reused rows.
zhang2024addernet2,AdderNet 2.0: Optimal FPGA Acceleration of AdderNet with Activation-Oriented Quantization and Fused Bias Removal based Memory Optimization,Yunxiang Zhang; Omar Al Kailani; Wenfeng Zhao,2024,"DAC 2024, pp.1-6",10.1145/3649329.3658487,,yes,crossref match; full text NOT read (ACM PDF blocked to script),t5,1,"Follow-up AdderNet FPGA accelerator; device not confirmed (likely KV260 lineage, unverified).",everything (not read),none,Lead only.
zhang2024llmcompass,LLMCompass: Enabling Efficient Hardware Design for Large Language Model Inference,"Zhang H., Ning A., Prabhakar R., Wentzlaff D.",2024,ISCA 2024,10.1109/ISCA59077.2024.00082,https://arxiv.org/abs/2312.03134,yes,crossref title+author+year match; arXiv abs metadata (export API) + full-text PDF fetched (v1 title differs),t4,1,"vs A100, TPUv3, MI210: 10.4% avg error over operators, 4.1% for LLM inference (prefill 0.69%, decode 7.5%) (Sec. V-C, Fig. 5).",RTL; CNN; cycle-exact,Abstract; Sec. V-C,Commercial hardware with unknown microarchitecture; explicitly 'not a perfect match'.
