key,title,authors,year,venue,doi,url,verified,verify_method,topic,closeness_1to5,what_it_does,not_found_in_sections_read,sections_read,notes
liu2022s2ta,S2TA: Exploiting Structured Sparsity for Energy-Efficient Mobile CNN Acceleration,"Liu, Zhi-Gang and Whatmough, Paul N. and Zhu, Yuhao and Mattina, Matthew",2022,2022 IEEE International Symposium on High-Performance Computer Architecture (HPCA),10.1109/hpca53966.2022.00049,https://arxiv.org/abs/2107.07983,yes,crossref title+author+year match; arXiv full text fetched,t3,4,"Density Bound Block (DBB) structured sparsity for static weights AND dynamic activations on a systolic array; DBB bounds max NNZ per block ""such that the maximum workload is known at design time"" (Sec. 3.1, p.4); activation DBB enforced by lossy Dynamic Activation Pruning (top-NNZ per block); time-unrolled TPE takes NNZ cycles per block, NNZ set per layer (Sec. 5, p.6)",No real-time/WCET framing; no cycle-model-vs-RTL or vs-silicon latency validation error reported; no FPGA/board measurement (16nm/65nm ASIC flow with RTL simulation),"abstract; Sec. 1-3; Sec. 5 (DAP, time-unrolled); Sec. 7 methodology (grep)","Closest for ""activation sparsity with design-time bounded workload"", but the bound is achieved by lossy activation pruning, not exact skipping with a dense bound"
tsoi2025sparsepixels,SparsePixels: Efficient Convolution for Sparse Data on FPGAs,"Tsoi, Ho Fung and Rankin, Dylan and Loncar, Vladimir and Harris, Philip",2025,arXiv:2512.06208,,https://arxiv.org/abs/2512.06208,yes,arXiv PDF fetched (v4),t3,4,"Sparse convolution on FPGA (hls4ml-based) on a fixed active-pixel budget N_active frozen at synthesis: ""inference latency is data-independent and constant at runtime"" (abstract p.1); claims ""first implementation of fixed-latency sparse convolution in the sub-microsecond domain"" (p.2); 133 vs 9733 clock cycles, 0.665 vs 48.665 us (p.13)","Latency taken from HLS C-synthesis / logic-synthesis reports, no board measurement found; pixels beyond budget are discarded (lossy); no data-dependent speedup (constant time, not a bound)",abstract; Sec. 1-3; Sec. 4 scaling/results (grep),Particle-physics trigger context; strongest prior statement that input-dependent sparse runtime is unacceptable for strict latency bounds
ahmad2026sparsebycommand,Sparse by Command: Task-Conditional Compute Skipping for Multi-Task Inference Accelerators,"Ahmad, Afzal and Mao, Gaoyu and Hu, Shoubo and Zhen, Hui-Ling and Yuan, Mingxuan and Chen, Xinyu and Zhang, Wei",2026,MICRO 2026 (accepted; arXiv:2607.22038),,https://arxiv.org/abs/2607.22038,yes,arXiv PDF fetched,t3,3,"Task-conditional per-tile (16 output channels) binary masks in instructions; hardware skips masked tiles with zero overhead; SystemVerilog INT8 accelerator on Alveo U50 at 287 MHz with cycle-accurate HW performance counters; dense 9.12 ms -> 3.74-4.44 ms (Table 2, p.8)",No analytical latency prediction per mask validated against counters; HBM stall cycles 0.57-0.77 M per inference (Table 2) not modelled; no WCET/upper-bound claim,abstract; Sec. 1-2; Sec. 3 accelerator (grep); Table 2; Sec. 4.4 (grep),"MICRO 2026 (accepted version on arXiv); mask is fixed per command so the work per command is static, closest to ""static structured skipping known before inference"" on FPGA hardware"
zarei2026sparhixcel,A Flexible Sparsity-Aware FPGA Accelerator with Column-Wise Compression for Efficient CNN Inference,"Zarei, Amirhossein and Vakili, Shervin",2026,arXiv:2607.19248,,https://arxiv.org/abs/2607.19248,yes,arXiv PDF fetched,t3,3,"SparHiXcel-v2: weight-sparse (unstructured and structured) FPGA CNN accelerator; Python scheduler ""statically determines all PE assignments, V-Line mappings, and data movement schedules"" (Sec. III, p.6) and computes speedup ""with cycle-accurate modeling"" (Sec. IV-A, p.6); XCKU19P implementation",No comparison of scheduler cycle predictions against RTL simulation or board counters found; activations treated dense; no real-time framing,abstract; Sec. I-II; Sec. III end; Sec. IV-A; Sec. IX (grep),Static compile-time schedule of weight sparsity is done here; performance evidence appears to be scheduler-model based
hall2020hpipe,HPIPE: Heterogeneous Layer-Pipelined and Sparse-Aware CNN Inference for FPGAs,"Hall, Mathew and Betz, Vaughn",2020,Proceedings of the 2020 ACM/SIGDA International Symposium on Field-Programmable Gate Arrays,10.1145/3373087.3375380,https://arxiv.org/abs/2007.10451,yes,crossref title+author+year match; arXiv full text fetched,t3,3,"Layer-pipelined sparse-aware CNN on Stratix 10; zero-weight skipping compiled per layer; analytic throughput model refined with actual weight partitioning ""improved our estimates to within 1% of the actual throughput"" (Sec. IV, p.5)","No worst-case/real-time framing; activations dense; how ""actual throughput"" was obtained (sim vs board) not determined in sections read",abstract; Sec. I-IV (grep and partial read),Static weight sparsity -> per-layer cycle count known at compile time; 1% model error
wu2022sparseloop,Sparseloop: An Analytical Approach To Sparse Tensor Accelerator Modeling,"Wu, Yannan Nellie and Tsai, Po-An and Parashar, Angshuman and Sze, Vivienne and Emer, Joel S.",2022,2022 55th IEEE/ACM International Symposium on Microarchitecture (MICRO),10.1109/micro56248.2022.00096,https://arxiv.org/abs/2205.05826,yes,crossref title+author+year match; arXiv full text fetched,t3,3,"Analytical sparse accelerator model with statistical density models; validation Table 6 (p.16): SCNN 99.9%, Eyeriss V2 PE >98%, Eyeriss >95%, DSTC 92.4% (7.6% avg error, Fig.13), STC 100% with note ""structured sparsity introduces deterministic behaviors"" (Sec. 6.3.5, p.18); uniform model up to 7% error on a MobileNet layer (Sec. 6.3.2, p.17)","No validation against own RTL or board; errors are vs simulators/paper numbers; no worst-case bound for data-dependent skipping (format analyzer mentions average and worst-case overhead, Sec. 5.3.3)",abstract; Sec. 1; Sec. 5.3; Sec. 6.2-6.3; Sec. 7.1 start,"TeAAL reports Sparseloop average error 187% on ExTensor (nayak2023teaal Fig. 10a, p.12)"
nayak2023teaal,TeAAL: A Declarative Framework for Modeling Sparse Tensor Accelerators,"Nayak, Nandeeka and Odemuyiwa, Toluwanimi O. and Ugare, Shubham and Fletcher, Christopher and Pellauer, Michael and Emer, Joel",2023,56th Annual IEEE/ACM International Symposium on Microarchitecture,10.1145/3613424.3623791,https://arxiv.org/abs/2304.07931,yes,crossref title+author+year match; arXiv full text fetched,t3,2,"Declarative sparse-accelerator modeling; validation vs published simulators: 9.0% and 6.6% avg error (OuterSPACE-type), 2.5% for SIGMA (Sec. 7, p.12); reports Sparseloop average error 187% on ExTensor",No RTL/board validation; no worst-case latency,abstract; Sec. 7 validation (grep),Shows statistical sparse models can be badly off for data-dependent sparsity
raj2025scalesimv3,SCALE-Sim V3: a Modular Cycle-Accurate Systolic Accelerator Simulator for End-To-End System Analysis,"Raj, Ritik and Banerjee, Sarbartha and Chandra, Nikhil and Wan, Zishen and Tong, Jianming and Samajdhar, Ananda and Krishna, Tushar",2025,2025 IEEE International Symposium on Performance Analysis of Systems and Software (ISPASS),10.1109/ispass64960.2025.00026,https://arxiv.org/abs/2504.15377,yes,crossref title+author+year match; arXiv full text fetched,t3,3,"Cycle-accurate systolic simulator with N:M sparsity; 2:4 ""100% accuracy"" vs Sparse Tensor Core report; ""validated 2:4 and 1:4 against Vegeta RTL with <= 5% error""; notes ""While Sparseloop claims compute cycles are deterministic, memory stalls are not"" (Sec. VIII, p.10)",No board validation; no activation skipping bound,abstract; Sec. VIII validation (grep),Supports thesis premise: structured weight sparsity compute is deterministic; memory stalls are the residual risk
krithivasan2020sparsity,Sparsity Turns Adversarial: Energy and Latency Attacks on Deep Neural Networks,"Krithivasan, Sarada and Sen, Sanchari and Raghunathan, Anand",2020,IEEE Transactions on Computer-Aided Design of Integrated Circuits and Systems,10.1109/tcad.2020.3013077,https://arxiv.org/abs/2006.08020,yes,crossref title+author+year match; arXiv full text fetched,t3,3,"Adversarial inputs reduce activation sparsity 1.16x-1.82x, slowing a Cnvlutin cycle-accurate simulator 1.12x-1.43x; ""even if designers account for the worst case sparsity present in the clean inputs, the attack ... causing inference time and energy to exceed the limits of even a conservative design"" (Sec. VI, p.9); real-time frame-loss example (Sec. I, p.2)",No hardware defense via dense upper bound; no board,abstract; Sec. I; Sec. V-VI (partial),Strong motivation: data-dependent activation skipping breaks latency budgets derived from typical inputs; the dense bound is the safe WCET
shumailov2021sponge,Sponge Examples: Energy-Latency Attacks on Neural Networks,"Shumailov, Ilia and Zhao, Yiren and Bates, Daniel and Papernot, Nicolas and Mullins, Robert and Anderson, Ross",2021,2021 IEEE European Symposium on Security and Privacy (EuroS&amp;P),10.1109/eurosp51992.2021.00024,,yes,crossref title+author+year match,t3,2,"Energy-latency attacks on neural networks (title and metadata only; content not read)",Not read beyond Crossref metadata,metadata only,Motivation for worst-case reasoning; numbers not used
aimar2019nullhop,NullHop: A Flexible Convolutional Neural Network Accelerator Based on Sparse Representations of Feature Maps,"Aimar, Alessandro and Mostafa, Hesham and Calabrese, Enrico and Rios-Navarro, Antonio and Tapiador-Morales, Ricardo and Lungu, Iulia-Alexandra and Milde, Moritz B. and Corradi, Federico and Linares-Barranco, Alejandro and Liu, Shih-Chii and Delbruck, Tobi",2019,IEEE Transactions on Neural Networks and Learning Systems,10.1109/tnnls.2018.2852335,https://arxiv.org/abs/1706.01406,yes,crossref title+author+year match; arXiv full text fetched,t3,3,"Activation zero-skipping CNN accelerator with sparse feature-map encoding, implemented on Zynq 7100 at 60 MHz; pipeline ""though data-dependent"" keeps MAC utilization high (Sec. V, p.10); RTL sim and FPGA tables (Tables VII-VIII)",No worst-case or dense upper-bound statement found; no model-vs-board cycle comparison found,abstract; Sec. IV-V (grep),Classic Zynq activation-skipping FPGA; latency data-dependent
delmaslascorz2019bittactical,Bit-Tactical: A Software/Hardware Approach to Exploiting Value and Bit Sparsity in Neural Networks,"Delmas Lascorz, Alberto and Judd, Patrick and Stuart, Dylan Malone and Poulos, Zissis and Mahmoud, Mostafa and Sharify, Sayeh and Nikolic, Milos and Siu, Kevin and Moshovos, Andreas",2019,Proceedings of the Twenty-Fourth International Conference on Architectural Support for Programming Languages and Operating Systems,10.1145/3297858.3304041,https://arxiv.org/abs/1803.03688,yes,crossref title+author+year match; arXiv precursor full text grepped,t3,3,"Zero-weight skipping orchestrated statically: software scheduler rearranges weights (lookahead/lookaside) ""in advance of the CNN execution"" (arXiv Sec. 1, p.2); activation bit-sparsity exploited dynamically","No worst-case/real-time framing found; read arXiv precursor (Which, Why, and How), not the ASPLOS text","arXiv 1803.03688 Sec. 1, Sec. 4 (grep)",Static weight schedule known at compile time; dynamic activation part not bounded in text read
gondimalla2019sparten,SparTen: A Sparse Tensor Accelerator for Convolutional Neural Networks,"Gondimalla, Ashish and Chesnut, Noah and Thottethodi, Mithuna and Vijaykumar, T. N.",2019,Proceedings of the 52nd Annual IEEE/ACM International Symposium on Microarchitecture,10.1145/3352460.3358291,,yes,crossref title+author+year match,t3,2,Two-sided sparse CNN accelerator; offline greedy balancing of filters by density to counter load imbalance (secondary: search summaries),Full text not read,metadata + search summary,Load-imbalance analysis for unstructured sparsity
deng2021gospa,GoSPA: An Energy-efficient High-performance Globally Optimized SParse Convolutional Neural Network Accelerator,"Deng, Chunhua and Sui, Yang and Liao, Siyu and Qian, Xuehai and Yuan, Bo",2021,2021 ACM/IEEE 48th Annual International Symposium on Computer Architecture (ISCA),10.1109/isca52012.2021.00090,,yes,crossref title+author+year match,t3,2,Globally optimized sparse CNN accelerator; on-the-fly intersection of static (weight) and dynamic (activation) streams; speedups vs Gemmini/Eyeriss/Sparse-PE (secondary: publisher summary),Full text not read,metadata + search summary,Data-dependent
qureshi2021sparsepe,Sparse-PE: A Performance-Efficient Processing Engine Core for Sparse Convolutional Neural Networks,"Qureshi, Mahmood Azhar and Munir, Arslan",2021,IEEE Access,10.1109/access.2021.3126708,https://people.cs.ksu.edu/~amunir/documents/publications/journal/Munir_Sparse-PE_CNN_Accelerator_IEEE_Access_2021.pdf,yes,crossref title+author+year match,t3,2,Multi-threaded sparse PE with binary masks to skip zeros in weights and activations (secondary: search summary),Full text not read,metadata + search summary,Data-dependent
wu2023highlight,HighLight: Efficient and Flexible DNN Acceleration with Hierarchical Structured Sparsity,"Wu, Yannan Nellie and Tsai, Po-An and Muralidharan, Saurav and Parashar, Angshuman and Sze, Vivienne and Emer, Joel",2023,56th Annual IEEE/ACM International Symposium on Microarchitecture,10.1145/3613424.3623786,,yes,crossref title+author+year match,t3,2,Hierarchical structured sparsity (multi-level N:M style) accelerator (secondary: search results),Full text not read,metadata only,Structured weight sparsity; deterministic in principle
jeong2023vegeta,VEGETA: Vertically-Integrated Extensions for Sparse/Dense GEMM Tile Acceleration on CPUs,"Jeong, Geonhwa and Damani, Sana and Bambhaniya, Abhimanyu Rajeshkumar and Qin, Eric and Hughes, Christopher J. and Subramoney, Sreenivas and Kim, Hyesoon and Krishna, Tushar",2023,2023 IEEE International Symposium on High-Performance Computer Architecture (HPCA),10.1109/hpca56546.2023.10071058,,yes,crossref title+author+year match,t3,2,CPU tile extensions for flexible N:M structured sparse GEMM (SCALE-Sim v3 validated against its RTL),Full text not read,metadata only,
wang2021dstc,Dual-side Sparse Tensor Core,"Wang, Yang and Zhang, Chen and Xie, Zhiqiang and Guo, Cong and Liu, Yunxin and Leng, Jingwen",2021,2021 ACM/IEEE 48th Annual International Symposium on Computer Architecture (ISCA),10.1109/isca52012.2021.00088,,yes,crossref title+author+year match,t3,2,Dual-side (weights+activations) sparse tensor core for GPUs; Sparseloop reproduces its latency at 7.6% avg error (wu2022sparseloop Fig. 13),Full text not read,metadata only,
taka2025sst,Systolic Sparse Tensor Slices: FPGA Building Blocks for Sparse and Dense AI Acceleration,"Taka, Endri and Huang, Ning-Chi and Chang, Chi-Chih and Wu, Kai-Chiang and Arora, Aman and Marculescu, Diana",2025,Proceedings of the 2025 ACM/SIGDA International Symposium on Field Programmable Gate Arrays,10.1145/3706628.3708867,https://arxiv.org/abs/2502.03763,yes,crossref title+author+year match; arXiv full text grepped,t3,2,"In-fabric FPGA systolic sparse tensor slices supporting dense, 2:4, 1:4 and 1:3 structured sparsity; notes unstructured sparsity ""causes unpredictable and low hardware utilization"" (Sec. 1)",No latency bound/validation vs board (architecture study),abstract; Sec. 1 (grep),
heo2022sparseperiodic,Sparse Periodic Systolic Dataflow for Lowering Latency and Power Dissipation of Convolutional Neural Network Accelerators,"Heo, Jung Hwan and Fayyazi, Arash and Esmaili, Amirhossein and Pedram, Massoud",2022,Proceedings of the ACM/IEEE International Symposium on Low Power Electronics and Design,10.1145/3531437.3539715,https://arxiv.org/abs/2207.00068,yes,crossref title+author+year match; arXiv full text grepped,t3,2,"Periodic pattern-based weight sparsity with systolic dataflow on Virtex UltraScale+ VU9P (AWS F1), Vivado HLS",No predictability/WCET discussion found,abstract; Sec. 2-4 (grep),Pattern pruning on FPGA
niu2020patdnn,PatDNN: Achieving Real-Time DNN Execution on Mobile Devices with Pattern-based Weight Pruning,"Niu, Wei and Ma, Xiaolong and Lin, Sheng and Wang, Shihao and Qian, Xuehai and Lin, Xue and Wang, Yanzhi and Ren, Bin",2020,Proceedings of the Twenty-Fifth International Conference on Architectural Support for Programming Languages and Operating Systems,10.1145/3373376.3378534,https://arxiv.org/abs/2001.00138,yes,crossref title+author+year match; arXiv full text grepped,t3,2,"Pattern-based weight pruning + compiler for mobile CPU/GPU; ""real-time"" = fast frame rate",No WCET/bound found in grep,abstract; grep,"""Real-time"" here is throughput, not guarantee"
ma2020pconv,PCONV: The Missing but Desirable Sparsity in DNN Weight Pruning for Real-Time Execution on Mobile Devices,"Ma, Xiaolong and Guo, Fu-Ming and Niu, Wei and Lin, Xue and Tang, Jian and Ma, Kaisheng and Ren, Bin and Wang, Yanzhi",2020,Proceedings of the AAAI Conference on Artificial Intelligence,10.1609/aaai.v34i04.5954,,yes,crossref title+author+year match,t3,2,Pattern + connectivity sparsity for mobile real-time execution,Not read,metadata only,
cao2019bankbalanced,Efficient and Effective Sparse LSTM on FPGA with Bank-Balanced Sparsity,"Cao, Shijie and Zhang, Chen and Yao, Zhuliang and Xiao, Wencong and Nie, Lanshun and Zhan, Dechen and Liu, Yunxin and Wu, Ming and Zhang, Lintao",2019,Proceedings of the 2019 ACM/SIGDA International Symposium on Field-Programmable Gate Arrays,10.1145/3289602.3293898,https://www.microsoft.com/en-us/research/uploads/prod/2019/05/FPGA2019_final.pdf,yes,crossref title+author+year match,t3,3,Bank-balanced sparsity: identical NNZ per bank -> balanced PE workload on FPGA (secondary: search summary),Full text not read,metadata + search summary,Balanced static sparsity makes per-PE cycles equal and known
han2017ese,ESE: Efficient Speech Recognition Engine with Sparse LSTM on FPGA,"Han, Song and Kang, Junlong and Mao, Huizi and Hu, Yiming and Li, Xin and Li, Yubin and Xie, Dongliang and Luo, Hong and Yao, Song and Wang, Yu and Yang, Huazhong and Dally, William (Bill) J.",2017,Proceedings of the 2017 ACM/SIGDA International Symposium on Field-Programmable Gate Arrays,10.1145/3020078.3021745,https://arxiv.org/abs/1612.00694,yes,crossref title+author+year match,t3,3,Load-balance-aware pruning: same sparsity per sub-matrix/PE on FPGA (secondary: search summary),Full text not read,metadata + search summary,
duarte2018fast,Fast inference of deep neural networks in FPGAs for particle physics,"Duarte, J. and Han, S. and Harris, P. and Jindariani, S. and Kreinar, E. and Kreis, B. and Ngadiuba, J. and Pierini, M. and Rivera, R. and Tran, N. and Wu, Z.",2018,Journal of Instrumentation,10.1088/1748-0221/13/07/p07027,https://arxiv.org/abs/1804.06913,yes,crossref title+author+year match; arXiv full text grepped,t3,3,"hls4ml: weights in logic, ""zero-weight multiplications are optimized out of the network FPGA implementation"" (Sec. 3, p.18); latency fixed by HLS schedule (fixed-latency L1 trigger context)",Latency from HLS reports; no board-vs-model comparison in sections read,abstract; Sec. 2.3-3.1 (grep),"Static weight sparsity -> compile-time latency, fully unrolled style"
vestias2019fast,Fast Convolutional Neural Networks in Low Density FPGAs Using Zero-Skipping and Weight Pruning,"Véstias, Mário P. and Duarte, Rui Policarpo and de Sousa, José T. and Neto, Horácio C.",2019,Electronics,10.3390/electronics8111321,,yes,crossref title+author+year match,t3,2,Zero-skipping + weight pruning CNN on low-density FPGAs (abstract),Full text blocked (HTTP 403); abstract only,abstract only,
lu2019efficient,An Efficient Hardware Accelerator for Sparse Convolutional Neural Networks on FPGAs,"Lu, Liqiang and Xie, Jiaming and Huang, Ruirui and Zhang, Jiansong and Lin, Wei and Liang, Yun",2019,2019 IEEE 27th Annual International Symposium on Field-Programmable Custom Computing Machines (FCCM),10.1109/fccm.2019.00013,,yes,crossref title+author+year match,t3,2,Sparse CNN accelerator on FPGAs (FCCM 2019),Not read,metadata only,
guo2020tilewise,Accelerating Sparse DNN Models without Hardware-Support via Tile-Wise Sparsity,"Guo, Cong and Hsueh, Bo Yang and Leng, Jingwen and Qiu, Yuxian and Guan, Yue and Wang, Zehuan and Jia, Xiaoying and Li, Xipeng and Guo, Minyi and Zhu, Yuhao",2020,"SC20: International Conference for High Performance Computing, Networking, Storage and Analysis",10.1109/sc41405.2020.00020,,yes,crossref title+author+year match,t3,2,Tile-wise sparsity on dense tensor-core hardware,Not read,metadata only,
munozmartinez2021stonne,STONNE: Enabling Cycle-Level Microarchitectural Simulation for DNN Inference Accelerators,"Munoz-Martinez, Francisco and Abellan, Jose L. and Acacio, Manuel E. and Krishna, Tushar",2021,2021 IEEE International Symposium on Workload Characterization (IISWC),10.1109/iiswc53511.2021.00028,,yes,crossref title+author+year match,t3,2,"Cycle-level simulator for flexible/sparse DNN accelerators; MAERI difference ~15% cycles (secondary: search summary, not verified)",Not read,metadata only,"15% figure secondary, verified=no for that number"
restuccia2021timepredictable,Time-Predictable Acceleration of Deep Neural Networks on FPGA SoC Platforms,"Restuccia, Francesco and Biondi, Alessandro",2021,2021 IEEE Real-Time Systems Symposium (RTSS),10.1109/rtss52674.2021.00047,,yes,crossref title+author+year match,t3,2,DICTAT: time-predictable DNN acceleration (Xilinx DPU) on FPGA SoC with analytical bounds; not sparsity (search summary),Not read; sparsity not in abstract-level summary,metadata + search summary,"Real-time angle for FPGA DNN, no sparsity"
