key,doi_or_url,network,dataset,device,board,precision,clock_mhz,dsp,lut,ff,bram,uram,latency_ms,fps,gops,power_w,power_method,energy_mj_per_img,accuracy_pct,source_location,verified,notes
amd2022vitisaimodelzoo,https://github.com/Xilinx/Vitis-AI/blob/v2.5/model_zoo/README.md,"resnet_v1_50_tf (ResNet-50 v1, 6.97 GOPs)",ImageNet 224x224,XCK26,KV260 (1x DPU B4096F),,300,,,,,,,94.21,,,not reported (no power column),,,"README 'Performance on Kria KV260 SOM', row 63",yes,"reused from v3/results/literature.csv.  End-to-end throughput, single thread (fps column); multi-thread 99.01 fps. Vitis AI 2.5 / Vitis AI Library 2.5. No latency or power column in the table. Precision not stated in the README text read."
amd2022vitisaimodelzoo,https://github.com/Xilinx/Vitis-AI/blob/v2.5/model_zoo/README.md,"resnet50_pt (pruned ResNet-50, 4.1 GOPs)",ImageNet 224x224,XCK26,KV260 (1x DPU B4096F),,300,,,,,,,84.44,,,not reported (no power column),,,"README 'Performance on Kria KV260 SOM', row 70",yes,"reused from v3/results/literature.csv.  End-to-end throughput, single thread (fps column); multi-thread 87.96 fps. Vitis AI 2.5 / Vitis AI Library 2.5. No latency or power column in the table. Precision not stated in the README text read."
amd2022vitisaimodelzoo,https://github.com/Xilinx/Vitis-AI/blob/v2.5/model_zoo/README.md,"mobilenet_v2_1_0_224_tf (MobileNetV2 1.0, 602 MOPs)",ImageNet 224x224,XCK26,KV260 (1x DPU B4096F),,300,,,,,,,290.62,,,not reported (no power column),,,"README 'Performance on Kria KV260 SOM', row 39",yes,"reused from v3/results/literature.csv.  End-to-end throughput, single thread (fps column); multi-thread 336.82 fps. Vitis AI 2.5 / Vitis AI Library 2.5. No latency or power column in the table. Precision not stated in the README text read."
amd2022vitisaimodelzoo,https://github.com/Xilinx/Vitis-AI/blob/v2.5/model_zoo/README.md,"mobilenet_v1_1_0_224_tf (MobileNetV1 1.0, 1.14 GOPs)",ImageNet 224x224,XCK26,KV260 (1x DPU B4096F),,300,,,,,,,354.19,,,not reported (no power column),,,"README 'Performance on Kria KV260 SOM', row 38",yes,"reused from v3/results/literature.csv.  End-to-end throughput, single thread (fps column); multi-thread 425.57 fps. Vitis AI 2.5 / Vitis AI Library 2.5. No latency or power column in the table. Precision not stated in the README text read."
amd2022vitisaimodelzoo,https://github.com/Xilinx/Vitis-AI/blob/v2.5/model_zoo/README.md,resnet_v1_50_tf,ImageNet 224x224,XCZU9EG,ZCU102 (3x DPU B4096),,281,,,,,,,87.95,,,not reported,,,"README 'Performance on ZCU102', row 63",yes,"reused from v3/results/literature.csv.  End-to-end throughput, single thread; multi-thread 191.05 fps. Vitis AI 2.5."
amd2022vitisaimodelzoo,https://github.com/Xilinx/Vitis-AI/blob/v2.5/model_zoo/README.md,mobilenet_v2_1_0_224_tf,ImageNet 224x224,XCZU9EG,ZCU102 (3x DPU B4096),,281,,,,,,,268.07,,,not reported,,,"README 'Performance on ZCU102', row 39",yes,"reused from v3/results/literature.csv.  End-to-end throughput, single thread; multi-thread 707.03 fps. Vitis AI 2.5."
amd2022vitisaimodelzoo,https://github.com/Xilinx/Vitis-AI/blob/v2.5/model_zoo/README.md,resnet_v1_50_tf,ImageNet 224x224,XCZU7EV,ZCU104 (2x DPU B4096),,300,,,,,,,93.84,,,not reported,,,"README 'Performance on ZCU104', row 63",yes,"reused from v3/results/literature.csv.  End-to-end throughput, single thread; multi-thread 175 fps. Vitis AI 2.5."
amd2022vitisaimodelzoo,https://github.com/Xilinx/Vitis-AI/blob/v2.5/model_zoo/README.md,mobilenet_v2_1_0_224_tf,ImageNet 224x224,XCZU7EV,ZCU104 (2x DPU B4096),,300,,,,,,,284.18,,,not reported,,,"README 'Performance on ZCU104', row 39",yes,"reused from v3/results/literature.csv.  End-to-end throughput, single thread; multi-thread 609.18 fps. Vitis AI 2.5."
li2025dpuv4e,10.1145/3706628.3708831,ResNet50 (8.19 GOPs),224x224 input,XCZU9EG,"ZCU102 (AMD DPUCZDX8G B4096 x3, as reported by DPUV4E authors)",,281,1686,160K,,771,0,,190.3,,,not reported in row,,,arXiv:2506.11441 Table II and Table III,yes,"reused from v3/results/literature.csv.  Numbers for the AMD DPU as reported by the DPUV4E authors (their own designs are Versal VCK190/VCK5000, not ZU+); Table II lists 3.7 TOPS and FF 315K for this DPU config. FPGA'25 proceedings entry has pages 45-45 (abstract-length); full text read from arXiv."
yang2019synetgy,10.1145/3289602.3293902,"DiracDeltaNet (ShuffleNetV2-derived, shift ops)",ImageNet,XCZU3EG,Ultra96,4-bit W / 4-bit A,250,360,51776,,159,,,66.3,47.09,5.5,board power supply line (max during inference; 5.3 W idle),,68.30,"arXiv:1811.08634 Tables 5-7, Sec. 4 text p.8",yes,"reused from v3/results/literature.csv.  66.3 fps at batch 16, 41.4 fps at batch 1 (Table 7); 47.09 GOPs average, 418 GOPs peak; 5.5 W max on the Ultra96 power supply line (5.3 W idle); top-5 88.12%."
zhang2021fracbnn,10.1145/3431920.3439296,"FracBNN CIFAR-10 model (binary, fractional activations)",CIFAR-10,XCZU3EG,Ultra96 v2,W1 / A1.4 (effective),250,126,51444,,212,,,2806.9,,4.1,as reported in Table 8 (method not re-checked),,89.1,"arXiv:2012.12206 Table 7, Table 8",yes,reused from v3/results/literature.csv.  Batch size 1; network fully unrolled on chip. The paper's CIFAR-10 baselines are ResNet-20 BNNs (Table 1); the exact backbone of the deployed CIFAR model was not re-checked.
zhang2021fracbnn,10.1145/3431920.3439296,FracBNN ImageNet model,ImageNet,XCZU3EG,Ultra96 v2,W1 / A1.4 (effective),250,224,50656,,201,,,48.1,,6.1,as reported in Table 8 (method not re-checked),,71.8,"arXiv:2012.12206 Table 6, Table 8",yes,reused from v3/results/literature.csv.  Batch size 1; top-5 90.1%.
blott2018finnr,10.1145/3242897,CNV-6,CIFAR-10,XCZU3EG,Ultra96,W1A1,300,,41733,,283 (BRAM18),,,,2318,10.7,as reported (predicted/measured split not re-checked),,80.10,"arXiv:1809.04570 Table 5 (p.18), Table 4 (p.17)",yes,"reused from v3/results/literature.csv.  Table 5 column is 'Perf.(predicted) (GOp/s)(%)' printed as '2,318 (99%)'; efficiency 217 GOp/s/W. Binarized, so not directly comparable with INT8."
baharani2021deepdive,10.1145/3453688.3461485,"MobileNet-V2 (alpha=0.75, H=224)",ImageNet,XCZU9EG,ZCU102,4-bit datapath (BW=4),200,,,,,,88.49,11,,0.46,board power during inference minus idle board power,,,"arXiv:2007.09490 Table 3, Table 4, Table 5",yes,"reused from v3/results/literature.csv.  Power = board power during inference minus idle board power (Sec. 5). DSP 57%, LUT 75%, BRAM 96% (Table 3). Internal inconsistency: abstract claims 47.4 FPS/W for MobileNet-V2, Table 5 lists 23.91 FPS/W for this design point. Published version GLSVLSI'21 (DOI) not read; numbers from arXiv."
sun2022filmqnn,10.1145/3490422.3502364,ResNet-18,ImageNet,XCZU9EG,ZCU102,95% W4A5 + 5% W8A5 (intra-layer mixed),150,2092,180.1k,,440.5 (BRAM36),,,214.8,778.9,12.9,as reported in Table 6 (method not re-checked),,70.47,FILM-QNN (FPGA'22) Table 6,yes,"reused from v3/results/literature.csv.  One bitstream for all three nets; uses DSP packing (4 W4A5 or 2 W8A5 multiplications per DSP, Sec. 3.2.1) plus LUT MACs. Top-1 accuracy."
sun2022filmqnn,10.1145/3490422.3502364,ResNet-50,ImageNet,XCZU9EG,ZCU102,95% W4A5 + 5% W8A5 (intra-layer mixed),150,2092,180.1k,,440.5 (BRAM36),,,109.1,891.4,12.9,as reported in Table 6 (method not re-checked),,77.25,FILM-QNN (FPGA'22) Table 6,yes,"reused from v3/results/literature.csv.  One bitstream for all three nets; uses DSP packing (4 W4A5 or 2 W8A5 multiplications per DSP, Sec. 3.2.1) plus LUT MACs. Top-1 accuracy."
sun2022filmqnn,10.1145/3490422.3502364,MobileNet-V2,ImageNet,XCZU9EG,ZCU102,95% W4A5 + 5% W8A5 (intra-layer mixed),150,2092,180.1k,,440.5 (BRAM36),,,537.9,320.1,12.9,as reported in Table 6 (method not re-checked),,65.67,FILM-QNN (FPGA'22) Table 6,yes,"reused from v3/results/literature.csv.  One bitstream for all three nets; uses DSP packing (4 W4A5 or 2 W8A5 multiplications per DSP, Sec. 3.2.1) plus LUT MACs. Top-1 accuracy."
bosio2025nn2fpga,10.1109/TCAD.2024.3507570,ResNet20,CIFAR-10,XCK26,KV260,"8 (INT8 W/A, power-of-two scales)",250,636 (51.0 %),65.0 (55.5 %) [kLUT],81.7 (34.9 %) [kFF],60.5 (42.0 %),12 (18.7 %),0.318,7601,616,6.10,"on-board power-rail sensors, whole-board (Table VI caption)",,91.3,NN2FPGA TCAD 44(5) Table VI (p.1816) + Table VII,yes,"HLS dataflow (layer-pipelined) custom accelerator generated by nn2fpga (Vitis HLS/Vivado 2023.2); throughput at batch 1000; all weights on chip. Custom KV260 ResNet-20. Supersedes the arXiv version (minnella2023resnet: 274 MHz, 3.61 W)."
bosio2025nn2fpga,10.1109/TCAD.2024.3507570,ResNet8,CIFAR-10,XCK26,KV260,8,250,767 (61.5 %),55.4 (47.3 %) [kLUT],70.1 (29.9 %) [kFF],63.5 (44.1 %),0 (0 %),0.046,30153,773,6.67,"on-board power-rail sensors, whole-board (Table VI caption)",,88.7,NN2FPGA TCAD 44(5) Table VI (p.1816) + Table VII,yes,nn2fpga HLS dataflow accelerator; batch 1000 for throughput.
bosio2025nn2fpga,10.1109/TCAD.2024.3507570,ResNet8,CIFAR-10,XCK26,KV260,4,250,794 (63.6 %),40.4 (34.5 %) [kLUT],64.8 (27.7 %) [kFF],58.0 (40.3 %),0 (0 %),0.036,61035,1526,6.12,"on-board power-rail sensors, whole-board (Table VI caption)",,86.9,NN2FPGA TCAD 44(5) Table VI (p.1816) + Table VII,yes,"4-bit variant, compared against FINN ResNet8 of hamanaka2023exploration."
bosio2025nn2fpga,10.1109/TCAD.2024.3507570,ResNet20,CIFAR-10,XCZU3EG,Ultra96-v2,8,214,318 (88.3 %),54.4 (77.1 %) [kLUT],57.6 (40.8 %) [kFF],89.5 (41.4 %),0 (0 %),0.807,3254,264,1.04,"on-board power-rail sensors, whole-board (Table VI caption)",,91.3,NN2FPGA TCAD 44(5) Table VI (p.1816) + Table VII,yes,Power value printed as 1.04 W although caption says whole-board; not reconciled in sections read.
bosio2025nn2fpga,10.1109/TCAD.2024.3507570,ResNet8,CIFAR-10,XCZU3EG,Ultra96-v2,8,214,360 (100 %),46.4 (65.8 %) [kLUT],45.1 (32.0 %) [kFF],54.0 (25 %),0 (0 %),0.111,12971,317,0.56,"on-board power-rail sensors, whole-board (Table VI caption)",,88.7,NN2FPGA TCAD 44(5) Table VI (p.1816) + Table VII,yes,Power value printed as 0.56 W although caption says whole-board; not reconciled in sections read.
bosio2025nn2fpga,10.1109/TCAD.2024.3507570,MobileNetV2,ImageNet,XCZU9EG,ZCU102,8,214,1797 (71.3 %),139.4 (50.9 %) [kLUT],162.8 (29.7 %) [kFF],912 (100 %),0 (0 %),2.061,2115,1403,13.5,"on-board power-rail sensors, whole-board (Table VI caption)",,71.73,NN2FPGA TCAD 44(5) Table VI (p.1816) + Table VII,yes,"Brevitas PTQ, no fine-tuning; batch 400 for throughput."
minnella2023resnet,arXiv:2309.15631v2,ResNet20,CIFAR-10,XCK26 (paper Table 2 lists xczu5eg),KV260,8,274,626 (50.2 %),81.2 (69.4 %) [kLUT],83.5 (35.6 %) [kFF],73.5 (51 %),64 (100 %),0.318,7601,616,3.61,not described in sections read,,91.3,"arXiv:2309.15631v2 Table 3, Table 4 (p.13)",yes,"Preprint of bosio2025nn2fpga. Same FPS/latency but different clock (274 vs 250 MHz), resources and power (3.61 vs 6.10 W) from the TCAD version; cite the TCAD version."
wu2019mobilenets,10.1109/FPL.2019.00030,MobileNetV2,ImageNet,XCZU2EG,ZU2 (DPU_S),8b (w/a),430,212,31198,46809,145,,,205.3,,,not reported in sections read,,68.1,"FPL 2019 Table III, Table V, Sec. IV-B (pp.140-141)",yes,UPGRADED from secondary: primary full text read (course-hosted copy of the IEEE version). Separate Conv and Dwcv engines (Xilinx DPU lineage); part of DSPs used for accumulation. No power figure found.
wu2019mobilenets,10.1109/FPL.2019.00030,MobileNetV2,ImageNet,XCZU9EG,ZU9 (DPU_L),8b (w/a),333,2070,161944,301416,771,,,809.8,,,not reported in sections read,,68.1,"FPL 2019 Table III, Table V, Sec. IV-B (pp.140-141)",yes,UPGRADED from secondary: primary read. The earlier secondary row lacked LUT/BRAM for ZU9.
xing2020dnnvm,10.1109/TCAD.2019.2930577,ResNet50,ImageNet,XCZU9EG,ZU9 (batch 3),8bit,330,1542,117810,236970,1494 (BRAM18k),,,,1.38T (OPs/s),22.8,not described in sections read (Table 5 Power(W)),,,"arXiv:1902.07463v2 Table 4, Table 5",yes,"UPGRADED: numbers read in the arXiv v2 full text; the TCAD published version was not read and may differ. Resources/power in Table 5 are per platform, not per network. The earlier secondary row (500 MHz, 2520 DSP, 80.95 fps) mixes the batch-1 column with device capacity; see next row."
xing2020dnnvm,10.1109/TCAD.2019.2930577,ResNet50,ImageNet,XCZU9EG,ZU9 (batch 1),8bit,500,,,,,,,,0.68T (OPs/s),,not reported for this column,,,arXiv:1902.07463v2 Table 4,yes,Batch-1 column of Table 4. arXiv text says ZU9 frequency is limited to 330 MHz for batch 3 due to wiring.
xing2020dnnvm,10.1109/TCAD.2019.2930577,ResNet50,ImageNet,XCZU2EG,ZU2,8bit,330,194,21952,39597,235 (BRAM18k),,,,228.7G (OPs/s),7.5,not described in sections read,,,"arXiv:1902.07463v2 Table 3, Table 4, Table 5",yes,Optimized fusion; peak 380 GOPs/s on ZU2.
hamanaka2023exploration,10.1109/ACCESS.2023.3236974,ResNet-8 (MLPerf Tiny style),CIFAR-10,Kria K26 SoM,custom K26-SoM-based board,"INT4 (FINN, W/A/bias 4-bit)",225,,"81,391 (69.5)","87,642 (37.4)",28.5 (19.8) [36Kb],,0.154,"13,475",,5.89,"CT-3 power meter, 1,000 samples over ~10 s, averaged (board)",,85.88,"IEEE Access 11, Table 4, Table 5, Table 9, Sec. IV-D (pp.5707-5710)",yes,"FINN dataflow config C6; latency is CALCULATED from Verilog-simulation cycle counts (stream size 1), throughput at stream size 256; 2,287 FPS/W. DSP not reported."
hamanaka2023exploration,10.1109/ACCESS.2023.3236974,ResNet-8,CIFAR-10,Kria K26 SoM,"custom K26-SoM-based board, 1x DPU B4096",INT8,300,690 (55.3 %),"49,418 (42.2 %)","98,734 (42.2 %)",17 (11.8 %) [36Kb],64 (100.0 %),0.955,"1,024",,5.65,"CT-3 power meter, board, 1,000 samples ~10 s",,,"IEEE Access 11, Table 7 (p.5709)",yes,"Vitis AI 2.0 DPU, 1 core, 1 thread; 181 FPS/W. Accuracy 89.23% measured for the Vitis AI model (Sec. IV-E)."
hamanaka2023exploration,10.1109/ACCESS.2023.3236974,ResNet-8,CIFAR-10,Kria K26 SoM,"custom K26-SoM-based board, 1x DPU B512",INT8,300,110 (8.8 %),"25,551 (21.8 %)","33,725 (14.4 %)",2 (1.4 %) [36Kb],18 (28.1 %),1.114,"1,114",,4.98,"CT-3 power meter, board",,,"IEEE Access 11, Table 7 (p.5709)",yes,"1 core, 1 thread; 224 FPS/W. Larger DPU sizes do not reduce latency for this small net."
hamanaka2023exploration,10.1109/ACCESS.2023.3236974,ResNet-8,CIFAR-10,Kria K26 SoM,"custom K26-SoM-based board, 4x DPU B512",INT8,200,,,,,,1.293,"4,458",,6.42,"CT-3 power meter, board",,89.23,"IEEE Access 11, Table 8, Table 9 (pp.5709-5710)",yes,Latency at 1 thread; throughput/power at 9 threads; 695 FPS/W.
dong2021hao,10.1109/FCCM51124.2021.00014,HAO-searched MobileNetV2-like net,ImageNet (256x256),XCZU3EG,Ultra96,W-mixed (6/7-bit) A8,,360 (100%),61362 (87.0%),55136 (39.0%),431 (99.8%),,,50.0,,5.5,not described in sections read; 4.3 W with no PL workload,,72.45,"arXiv:2104.12766 Table II, Table III",yes,20 ms latency per text (50 fps). Clock not found in sections read.
dong2021hao,10.1109/FCCM51124.2021.00014,MobileNetV2 (authors baseline),ImageNet (224x224),XCZU3EG,Ultra96,W8A8,,,,,,,,43.5,,,,,71.40,arXiv:2104.12766 Table II,yes,Authors own 8-bit MobileNetV2 on their HAO hardware template.
takahashi2024efficiera,arXiv:2410.11553,"ERNs18 (ResNet-18-style, binary W / 2-bit A)",ImageNet (256x256 input on FPGA),XCK26,"KV260 (Efficiera IP, LeapMind)",W1A2,,0,"77,572","83,805",280 (18Kb),0,3.60,277.8,,,,,65.3,"arXiv:2410.11553v1 Table 2, Table 6, Table 7",yes,"Batch 1, first 1,000 ImageNet val images. Accuracy 65.3 is at 288x288 with ten-crop TTA (Table 2/4), not the 256x256 FPGA setting. No clock or power found. Preprint (venue not found)."
takahashi2024efficiera,arXiv:2410.11553,ERNs50,ImageNet (256x256 input on FPGA),XCK26,KV260 (Efficiera IP),W1A2,,0,"77,572","83,805",280 (18Kb),0,9.64,103.7,,,,,72.5,"arXiv:2410.11553v1 Table 2, Table 6, Table 7",yes,Same IP as ERNs18 row; accuracy with TTA at 288x288.
saha2026potacc,10.1109/TCASAI.2026.3690415,"ResNet18 (synthetic PoT weights, APoT)",ImageNet-size model (synthetic weights),XCK26,"Kria KV260 (CPU-4T + VSAC APoT accelerator, TFLite delegate)",A8W4 (power-of-two weights),250,,,,,,127.3,,,,on-board power sensors; P = P_inference - P_idle,,,"arXiv:2605.06082 Table III, Table V, Sec. V-A4",yes,"Energy 0.08 J/image as printed (not converted). Heterogeneous CPU+FPGA; conv/FC part 107.8 ms. Resources only as % (LUT 65.1, DSP 4.8, BRAM 68.1, URAM 100.0)."
saha2026potacc,10.1109/TCASAI.2026.3690415,MobileNetV2,ImageNet-size model (synthetic weights),XCK26,Kria KV260 (CPU-4T + VMAC opt INT8 accelerator),A8W8 (int8),250,,,,,,110.2,,,,on-board power sensors; P = P_inference - P_idle,,,arXiv:2605.06082 Table V,yes,"Energy 0.06 J/image as printed; slower than CPU-only (65.6 ms) on Kria. CIFAR-10 accuracies (ResNet20 92.4 int8, MobileNetV2 93.9 int8) are in Table IV but latency for CIFAR models not found in Table V."
magalhaes2023benchmarking,10.1016/j.engappai.2022.105604,RetinaNet ResNet-50 (SSD-style detector),grape bunches/trunks (custom),XCK26,"KV260 (1 DPU, Vitis AI)",INT8,,,,,,,,13.13,,11.28,"Fluke 175 multimeter at board power input, V and I measured separately; 11.28 = total, standby 1.48, inference increment 9.8 (bar-chart labels)",,,"arXiv:2211.11647 Fig. 6 (FPS), power bar chart, Sec. 2.4",yes,"Detection, not classification. Power values read from figure labels in the text extraction; assignment (total vs increment) inferred from 1.48+9.8=11.28."
salami2020undervolting,10.1109/DSN48063.2020.00032,ResNet50 (and 4 other CNNs),ILSVRC2012,XCZU9EG,"ZCU102, 3x DPU B4096 (DNNDK)",8-bit (DPU),333,,,,,,,,,12.59,"PMBus on-chip rails VCCINT+VCCBRAM, average over benchmarks at Vnom",,68.8,"arXiv:2005.03451v2 Table 1, Table 2, Sec. 4.1",yes,"12.59 W is on-chip rail power averaged over the five benchmarks, not ResNet50 alone."
jiang2023fulldataflow,10.1109/TCAD.2022.3198246,MobileNetV2,ImageNet,XCZU9EG,ZCU102,8,333,1283 (50.9 %),170.4 (62.2 %) [kLUT],154.3 (28.2 %) [kFF],691 (75.8 %),0 (0 %),,1910,,,,,72.98,secondary: bosio2025nn2fpga Table VI-VII,no,Primary (paywalled TCAD) NOT read. Two independent secondary sources (Zhao et al. arXiv:2407.19449; NN2FPGA TCAD) agree on 1910 FPS / 1283 DSP / 333 MHz.
li2021dynamic,10.1109/TCSI.2021.3078541,MobileNetV2,ImageNet,XCZU9EG,ZCU102,8-bit,200,576,125470,,,,,381.7,,,,,,secondary: Zhao et al. arXiv:2407.19449 Tables IV-V,no,"Primary paywalled (IEEE login), not read. Abstract confirms 381.7 fps on ZCU102."
zhang2022wsqaddernet,10.1145/3508352.3549439,ResNet20 (CNN baseline),CIFAR-10,XCK26,KV260,8,200,545 (43.7 %),41.8 (35.7 %) [kLUT],34.0 (14.5 %) [kFF],40.0 (27.7 %),,1.221,,214,1.07,not described per NN2FPGA (secondary flags it as below KV260 idle power),,90.8,secondary: bosio2025nn2fpga Table VI-VII,no,"Primary (ICCAD 2022, closed access) not read. INT8 DSP-LUT co-packing ResNet20 on KV260."
zhang2022wsqaddernet,10.1145/3508352.3549439,WSQ-AdderNet (ResNet20 topology),CIFAR-10,XCK26,KV260,8,200,609 (48.8 %),67.4 (57.6 %) [kLUT],43.2 (19.1 %) [kFF],40.0 (27.7 %),,0.624,,317,1.52,not described per NN2FPGA,,89.9,secondary: bosio2025nn2fpga Table VI-VII,no,Primary not read. AdderNet replaces multiplications by additions.
