venue,type,area,page_limit,format,next_deadline,deadline_status,notification,conference_dates,location,acceptance_rate,acceptance_rate_year,acceptance_rate_source,double_blind,artifact_eval,fit_1to5,fit_reason,cfp_url,notes
ECRTS 2027,conference,real-time,20 pp technical content excl. bibliography (2026 rule),LIPIcs (anonymous option),unknown (expected late Feb 2027; ECRTS 2026 deadline was 2026-02-26),expected based on last year,unknown (2026: 2026-04-20),unknown (2026: 2026-07-07..10),"unknown (2026: Lund, Sweden)",36.5% (23/63),2026,aggregator csconfstats.xoveexu.com/conferences/ecrts/,yes (2026),"yes, optional, after acceptance",5,"CFP scope explicitly lists 'time-predictable hardware architecture, GPU and accelerators, FPGA prototyping'; LIPIcs length suits model=RTL=board method + analysis; open access",https://www.ecrts.org/call-for-papers/,"2027 CFP not published at fetch time; co-located workshops (OSPERT, RTSOPS, RT-Cloud in 2026) and a real-time pitches/WiP session are lower-bar options"
RTAS 2027 (main),conference,real-time,11 pp technical content + refs (12 pp camera-ready),IEEEtran 10pt conference,2026-11-05,announced (firm),2027-01-28 (tentative),2027-05-17..20,New York City (from site image; city not stated in text),25.2% (29/115),2026,aggregator csconfstats.xoveexu.com/conferences/rtas/ (one secondary source reports 27/115),yes (double-anonymous; links to personal GitHub forbidden),"yes, optional, deadline 2027-02-18",5,"CFP lists 'FPGAs and specialized accelerators', predictable hardware and 'real-time inference'; Track 1 needs real implementations (KV260 board data fits) - but 2026-11-05 is too early for V3 results",https://2027.rtas.org/cfp,Realistic only for a V2-derived predictability paper; check no overlap with the ROCS 2026 submission (dual-submission rules)
RTAS 2027 Brief Presentations,WiP/brief,real-time,not stated on fetched pages,not stated,2027-02-11,announced,unknown,2027-05-17..20,see RTAS 2027,unknown,,,unknown,no,4,Low-cost way to present early V3 predictability results to the real-time community,https://2027.rtas.org/submission,Format rules not on the fetched pages
RTSS 2027,conference,real-time,unknown (not on fetched page),IEEE,"unknown (expected late May 2027; RTSS 2026 abstract 2026-05-21, paper 2026-05-26)",expected based on last year,unknown,"unknown (Dec 2027 per secondary tracker, not verified)",unknown,"~14% (2026 site: 350 submissions, 32 accepted + 18 conditionally accepted; aggregator: 48/350 = 13.7%)",2026,official 2026.rtss.org home page; aggregator csconfstats,"yes (2026, non-compliant papers rejected)",yes (2026 deadline 2026-08-21),4,Flagship real-time venue; predictable-accelerator topic in scope but very selective; needs strong analysis contribution beyond engineering,https://2026.rtss.org/,RTSS 2026 Brief Presentations (2026-09-14) and RTSS@Work demos (2026-09-30) already closed; expect same tracks in 2027
ISORC 2027,conference,real-time,regular 10 pp (+2 purchasable); short 6 pp; dissertation digest 2 pp,IEEE double-column,2026-10-15,announced (confirmed),2026-12-01,2027-04-07..09,"IIT Ropar, Punjab, India",unknown,,,unknown (not on fetched pages),unknown,3,"CFP 'AI/ML on Edge: ... neural network inference WCET analysis'; real-time angle required; FPGA not listed; deadline 9 days away -> only V2-derived material, dual-submission risk with ROCS",https://isorc-conference.org/call-for-papers/,India location eases travel for an Indian student team; short-paper and doctoral-symposium tracks exist
RTCSA 2027,conference,real-time / embedded,full 10 pp + 2 refs; short 6 pp + 2 refs (2026 rule),IEEE,"unknown (expected ~March 2027; RTCSA 2026 submission 2026-03-25 per Ada-Belgium listing, 2026-03-13 per a secondary search summary)",expected based on last year,unknown (2026: 2026-05-04),unknown (2026: 2026-08-11..13),"unknown (2026: Qingdao, China)",unknown,,,no (single-blind in 2026),unknown,4,Embedded track lists 'Reconfigurable computing architectures' and 'Embedded Systems for Machine-Learning'; short paper fits a college project,https://people.cs.kuleuven.be/~dirk.craeynest/ada-belgium/events/26/260811-rtcsa.html,Official RTCSA site not fetched; deadline source conflict noted
WCET Workshop,workshop,real-time (WCET),unknown,OASIcs (2023 edition),unknown,unknown (last confirmed edition found: WCET 2024 at ECRTS),unknown,unknown,co-located with ECRTS (historically),unknown,,,unknown,unknown,3,"Exact WCET of an accelerator is on-topic, but no 2026/2027 edition found",https://www.ecrts.org/wcet-2024-cfp/,Do not plan on it until a CFP appears
FPGA 2027 (ACM/SIGDA ISFPGA),conference,FPGA,"long 10 pp, short 6 pp, excl. refs",ACM,"abstract 2026-10-01 (passed), paper 2026-10-08",announced; abstract registration mandatory -> effectively closed,2026-11-24,2027-03-14..16,"California, USA",~26% (24/94),2026,UNVERIFIED: search-engine snippet attributed to FPGA 2026 proceedings front matter (dl.acm.org/doi/proceedings/10.1145/3748173 returned 403),yes (strict),"yes, optional, ACM badges",4,"Premier FPGA venue; next realistic cycle is FPGA 2028 (deadline expected ~Oct 2027, outside window)",https://www.isfpga.org/call-for-papers/,Top papers invited to ACM TRETS special issue; poster abstracts also appear in proceedings
FCCM 2027,conference,FPGA,"long 8 pp, short 4 pp excl. refs; poster 1-p abstract (2026 rule)",IEEE,"TBD on site (expected ~mid Jan 2027; FCCM 2026 abstract 2026-01-10, paper 2026-01-17)",expected based on last year,TBD (2026: 2026-03-16),2027-05-09..12,"Provo, Utah, USA",unknown,,,yes (2026),"yes, optional, after acceptance",4,Short-paper track (4 pp) fits early V3 results; FPGA-architecture angle; deterministic-latency claim is a differentiator in this community,https://www.fccm.org/,"PhD Forum exists (chair named, dates TBD); site launched 2026-09-29"
FPL 2027,conference,FPGA,long 8 pp + <=2 refs; short 5 pp + <=1 ref (2026 rule),IEEE,"unknown (expected late Mar 2027; FPL 2026 abstract 2026-03-20, paper 2026-03-27, later extended to 03-27/04-03 per secondary)",expected based on last year,unknown (2026: 2026-06-01),unknown (2026: 2026-09-07..11),"unknown (2026: Ghent, Belgium)",unknown,,,"yes (2026, per secondary search summary of 2026.fpl.org; page is JS-rendered)",unknown,5,Best timing for V3 (March 2027); FPL values working KV260 systems; short-paper 5 pp suits student work; 'AI/ML acceleration' in scope,https://easychair.org/cfp/fpl2026,FPL 2026 PhD forum deadline 2026-05-29 (secondary); PhD-only
FPT 2027,conference,FPGA,full 8 pp + refs; short 4 pp total (2026 rule),IEEE,"unknown (expected mid Jun 2027; FPT 2026 conference track 2026-06-19, journal track 2026-05-01)",expected based on last year,unknown (2026: 2026-08-21),unknown (2026: 2026-12-07..10),"unknown (2026: Honolulu, Hawaii, USA)",unknown,,,yes (2026),yes (artifact form 2026),4,Good fallback after FPL; journal track goes to ACM TRETS (up to 32 pp),https://fpt2026.uark.edu/call-for-papers/,
ARC 2027,conference,FPGA,"long 14 pp, short 8 pp (10 with surcharge)",Springer LNCS,2026-10-25,announced,2026-12-07,2027-03-31..04-02,"Berlin, Germany",unknown,,,yes (fully anonymous),unknown,3,Applied reconfigurable computing; accessible venue; deadline too early for V3,https://amor.cms.hu-berlin.de/~hubnermi/index.html,Selected papers invited to ACM TRETS special issue
DATE 2027 (main),conference,EDA / embedded,6 pp + 1 p refs,IEEE/ACM 2-col,"abstract 2026-09-13, paper 2026-09-20",passed,2026-11-23,2027-03-22..24,"Dresden, Germany",unknown,,not stated on DATE site,yes,unknown,4,"Track E (embedded systems design) and Track A fit; next main deadline (DATE 2028) expected ~Sep 2027, outside window",https://www.date-conference.com/call-for-papers,
DATE 2027 Late Breaking Results,LBR,EDA / embedded,2 pp + 1 p refs,IEEE,2026-11-29,announced,unknown,2027-03-22..24,"Dresden, Germany",unknown,,,unknown,no,4,"Cheap, fast, published; good for a first V3 predictability result",https://www.date-conference.com/call-for-papers,Title must start with 'Late Breaking Results:'; DATE PhD Forum 2026-11-30 is PhD-only; University Fair 2027-01-15 (1-p demo abstract) fits a student prototype
DAC 2027 (research),conference,EDA,6 pp + 1 p refs,2-col 9/10pt,"abstract 2026-11-11, manuscript 2026-11-18 (5 PM PT)",announced,2027-03-08,starts 2027-07-11,unknown (not on fetched page),"20-25% (self-reported 'past several years'); 22.6% (420/1,862) 2025 per aggregator",2025,dac.com/2027 research-manuscript page; csconfstats,yes,unknown,3,"Accelerator/embedded tracks exist, but V3 will not be ready by 2026-11-18",https://dac.com/2027/program/research-manuscript-submissions,Poster presentation required for publication
DAC 2027 Late Breaking Results,LBR,EDA,2 pp incl. refs (2026 rule),2-col,unknown (expected early Mar 2027; DAC 2026 LBR 2026-03-06),expected based on last year,unknown (2026: 2026-03-31),July 2027,unknown,unknown,,,"yes (blind, 2026)",no,4,Good timing for early V3 results,https://dac.com/2026/late-breaking-results,"Young Fellows is MSc/PhD-only (undergrads not eligible, 2026 rules); PhD Forum requires PhD students with a published paper"
ICCAD 2027,conference,EDA,8 pp + 1 p refs (2026 rule; 6 pp free in proceedings),2-col 9/10pt,"unknown (expected early Apr 2027; ICCAD 2026 abstract 2026-04-07, paper 2026-04-14)",expected based on last year,unknown (2026: 2026-07-11),"unknown (2026: Nov 8-12, San Jose)",unknown,"24.7% (266/1,078)",2025,aggregator csconfstats.xoveexu.com/conferences/iccad/,yes (2026),unknown,3,Methodology angle (cycle-exact model as compile-time WCET oracle) could fit; less natural for an FPGA system paper,https://iccad.com/2026/authors/call-for-papers,"SRC@ICCAD accepts undergrads (ACM+SIGDA members), 2 pp; 2026 deadline 2026-08-16 -> 2027 expected ~Aug 2027, outside window"
ASP-DAC 2028,conference,EDA,6 pp + 1 p refs (2027 rule),2-col,"unknown (expected mid Jul 2027; ASP-DAC 2027 abstract 2026-07-11, PDF 2026-07-18)",expected based on last year,unknown (2027 cycle: 2026-09-04),unknown,unknown,unknown,,,yes,unknown,3,Asia-Pacific EDA venue; also has University Design Contest (not checked for 2027),https://www.aspdac.com/aspdac2027/cfp/,At the edge of the window
ESWEEK 2027 journal track (CASES / CODES+ISSS / EMSOFT -> IEEE TCAD),conference+journal,embedded / real-time / architecture,12 pp IEEE Transactions 2-col (14 after revision) (2026 rule),IEEE TCAD,"unknown (expected late Mar 2027; 2026 abstract 2026-03-23, paper 2026-03-30)",expected based on last year,unknown (2026 first round 2026-05-22),"unknown (2026: Oct 4-9, Barcelona)",unknown,"EMSOFT 27.0% (27/100), CASES 28.2% (20/71), CODES+ISSS 27.2% (25/92)",2025,aggregator csconfstats.xoveexu.com,yes (2026),yes (2026 artifact deadline 2026-07-24),5,"EMSOFT for the predictability/real-time angle, CASES for the accelerator architecture; journal publication (TCAD) with a March deadline that matches V3 timing",https://esweek.org/author-information/,CODES 2026 CFP text says accepted papers go to IEEE TCAD; historically ESWEEK used ACM TECS - TCAD is what the 2026 pages state
ESWEEK 2027 late-breaking track (-> IEEE ESL),LBR/letter,embedded,4 pp IEEE Transactions 2-col + 3-min video (2026 rule),IEEE ESL,unknown (expected early Jun 2027; 2026: 2026-06-05),expected based on last year,unknown (2026: 2026-07-17),see ESWEEK,unknown,unknown,,,yes (2026),unknown,4,Short journal letter + ESWEEK presentation; good student-scale target,https://esweek.org/author-information/,
ISCA 2027,conference,architecture,unknown,IEEE/ACM,"unknown (expected ~Nov 10/17 2026; ISCA 2026 abstract 2025-11-10, paper 2025-11-17)",expected based on last year,unknown,"2027-06-05..11 (secondary tracker, unverified)","Atlanta, GA (secondary tracker, unverified)",18.9% (161/850),2026,aggregator csconfstats.xoveexu.com/conferences/isca/,yes,yes,1,Stretch venue; 8x8 INT8 KV260 design is not architecture-novel enough,https://www.sigarch.org/call-contributions/isca-2026/,
MICRO 2027,conference,architecture,unknown,IEEE/ACM,"unknown (expected ~early Apr 2027; MICRO 2026 abstract 2026-03-31, paper 2026-04-07)",expected based on last year,unknown,unknown,unknown,20.8% (124/597),2025,aggregator csconfstats.xoveexu.com/conferences/micro/,yes,yes,1,Stretch venue,https://www.sigarch.org/call-contributions/micro-2026/,
HPCA 2027,conference,architecture,unknown,IEEE,"abstract 2026-07-24, paper 2026-07-31",passed,2026-11-06,March 2027,"Salt Lake City, UT",21.1% (119/563),2026,aggregator csconfstats.xoveexu.com/conferences/hpca/,unknown (not on fetched page),unknown,1,Stretch; next (HPCA 2028) expected ~Jul 2027,https://www.sigarch.org/call-contributions/hpca-2027/,
ASPLOS 2027 / 2028,conference,architecture/systems,11 pp + refs,ACM 2-col,"ASPLOS 2027 cycles closed (2026-04-15, 2026-09-09); ASPLOS 2028 cycles unknown",passed / unknown,2026-12-21 (Sep cycle),2027-04-11..15,"Heraklion, Crete, Greece","14.5% (152/1,048)",2026,aggregator csconfstats.xoveexu.com/conferences/asplos/,yes,yes,1,Stretch; rapid-review round screens first 2 pages,https://www.asplos-conference.org/asplos2027/cfp/,
MLSys 2027,conference,ML systems,10 pp excl. refs,2-col MLSys template,2026-10-30 20:00 UTC,announced,2027-02-28,2027-06-21..25 (secondary),"Bellevue, WA (secondary)",unknown,,,yes,optional (ACM badging),1,ML-systems focus; small CNNs on FPGA are off-centre,https://mlsys.org/Conferences/2027/CallForResearchPapers,
tinyML / EDGE AI Research Symposium,workshop/symposium,edge ML,unknown,unknown,unknown (no 2026/2027 CFP found; 2025 edition renamed EDGE AI Research Symposium),unknown,unknown,unknown,unknown,unknown,,,unknown,unknown,2,Edge-inference audience; real-time guarantee angle is niche there,https://conf.researchr.org/home/tinyml-symp-2025,
VLSID 2027 / 2028,conference,VLSI / embedded (India),6 pp,IEEE 2-col,VLSID 2027 regular passed (2026-08-07); User Design Track 2026-10-06 (today); fellowship 2026-10-15; VLSID 2028 regular expected ~Aug 2027 (outside window),passed / announced,UDT 2026-11-09,2027-01-04..06 (tutorials 01-02..03),"Bengaluru, India",unknown,,,yes,no,3,"Indian flagship VLSI+embedded venue, student-friendly; UDT is a design-experience track",https://vlsid.org/call-for-papers/,AI-use disclosure mandatory in acknowledgments
ISVLSI 2027,conference,VLSI,6 pp (2026 rule),IEEE conference,unknown (expected ~mid Mar 2027; ISVLSI 2026 2026-03-15),expected based on last year,unknown (2026: ~2026-04-30),unknown,"unknown (2026: Kolkata, India)",unknown,,,"yes (blind, author list omitted)",unknown,3,Accessible IEEE CS venue; hardware-design scope,https://ieee-isvlsi.github.io/ISVLSI_2026_Website/ieee-isvlsi/index.html,
IEEE iSES 2027,conference,smart electronic systems (India),unknown,IEEE,unknown (iSES 2026 hard deadline 2026-08-31),expected based on last year,unknown,"unknown (2026: Dec 15-17, Goa)","unknown (2026: NIT Goa, India)",unknown,,,unknown,unknown,2,"Low barrier, IEEE Xplore; low visibility for a predictability claim",https://isesconf.github.io/iSES_2026_Website/index.html,
ACM TRETS,journal,FPGA,<=32 published pages incl. refs (per search summary of ACM author guidelines; page returned 403),ACM,rolling,rolling,n/a,n/a,n/a,unknown,,,unknown,unknown,4,Natural journal home for a full V3 FPGA paper; also reachable via FPT journal track and FPGA/ARC special issues,https://dl.acm.org/journal/trets/author-guidelines,
IEEE Embedded Systems Letters (ESL),journal (letter),embedded,4 pp incl. refs (max 8 with $125/p overlength),IEEE,rolling (plus ESWEEK LB track),rolling,first decision target ~1 month,n/a,n/a,unknown,,,no (single-anonymous),no,4,"Short, fast, embedded/CPS scope; good for a focused predictability result",https://ieee-ceda.org/publication/esl/esl-author-instructions,
IEEE TCAD,journal,EDA,14 pp regular,IEEE Transactions,rolling (plus ESWEEK journal track),rolling,n/a,n/a,n/a,unknown,,,no (single-anonymous),no,3,Methodology angle (cycle-exact model / verification flow),https://ieee-ceda.org/publications/tcad/tcad-paper-submissions,
ACM TECS,journal,embedded,normally <=25 pp (per search summary; official page not fetched),ACM,rolling,rolling,n/a,n/a,n/a,unknown,,,unknown,unknown,4,Embedded + real-time scope; full V3 paper,https://dl.acm.org/journal/tecs/author-guidelines,Page-limit claim from search summary only
IEEE Computer Architecture Letters (CAL),journal (letter),architecture,4 pp incl. refs,IEEE,rolling,rolling,n/a,n/a,n/a,unknown,,,unknown,no,2,"Needs an architecture insight, not a system report",https://www.computer.org/digital-library/journals/ca/cfp-ieee-computer-architecture-letters,
Journal of Systems Architecture (Elsevier),journal,embedded / real-time / architecture,unknown,Elsevier,rolling,rolling,n/a,n/a,n/a,unknown,,,"no (single anonymized, per search summary)",no,4,Explicitly embedded + real-time systems architecture; realistic for a student full paper,https://www.sciencedirect.com/journal/journal-of-systems-architecture/publish/guide-for-authors,Official page returned 403; details from search summary
Real-Time Systems (Springer),journal,real-time,unknown,Springer,rolling,rolling,n/a,n/a,n/a,unknown,,,unknown,unknown,3,Core real-time journal; needs analysis depth,https://link.springer.com/journal/11241,"Guidelines page behind redirect, not read"
IEEE TVLSI,journal,VLSI,regular 8-14 pp; >9 pp $200/p (per search summary; official page not fetched),IEEE Transactions,rolling,rolling,n/a,n/a,n/a,unknown,,,unknown,no,3,Hardware-design venue; predictability is secondary there,https://tvlsi.ieee.org/limit.htm,Page returned HTTP 418
IEEE TCAS-II (Express Briefs),journal (brief),circuits & systems,5 pp (4.5 content + 0.5 refs),IEEE Transactions,rolling,rolling,n/a,n/a,n/a,unknown,,,no (single-blind),no,3,Short accelerator briefs are common; tight format,https://ieee-cas.org/publication/TCAS-II/guidelines-author,
IEEE TCAS-I / IEEE TC / Microprocessors and Microsystems,journal,circuits / computers / embedded,unknown (not fetched),various,rolling,rolling,n/a,n/a,n/a,unknown,,,unknown,unknown,2,Possible but not checked in detail,,Not verified in this pass
IEEE Access,journal (OA mega),general,no hard limit; <20 pp recommended,IEEE,rolling,rolling,n/a,n/a,n/a,unknown,,,unknown,no,2,"Fast, open access with APC; weaker signal for a novelty claim",https://ieeeaccess.ieee.org/authors/submission-guidelines/,
